name,display_name,data_type,chart_type
"China, NGDP, Activity, % YoY","China, NGDP, Activity, % YoY",None,line
"China, NGDP, Activity, Primary, Agriculture, % YoY","China, NGDP, Activity, Primary, Agriculture, % YoY",None,line
"China, NGDP, Activity, Primary, Agriculture, CNY bn","China, NGDP, Activity, Primary, Agriculture, CNY bn",None,line
"China, NGDP, Activity, Primary, Agriculture, CNY bn, YTD","China, NGDP, Activity, Primary, Agriculture, CNY bn, YTD",None,line
"China, NGDP, Activity, CNY bn","China, NGDP, Activity, CNY bn",None,line
"China, NGDP, Activity, CNY bn, YTD","China, NGDP, Activity, CNY bn, YTD",None,line
"China, NGDP, Activity, Secondary, Construction, % YoY","China, NGDP, Activity, Secondary, Construction, % YoY",None,line
"China, NGDP, Activity, Secondary, Construction, CNY bn","China, NGDP, Activity, Secondary, Construction, CNY bn",None,line
"China, NGDP, Activity, Secondary, Construction, CNY bn, YTD","China, NGDP, Activity, Secondary, Construction, CNY bn, YTD",None,line
"China, NGDP, Activity, Secondary, Industry, % YoY","China, NGDP, Activity, Secondary, Industry, % YoY",None,line
"China, NGDP, Activity, Secondary, Industry, CNY bn","China, NGDP, Activity, Secondary, Industry, CNY bn",None,line
"China, NGDP, Activity, Secondary, Industry, CNY bn, YTD","China, NGDP, Activity, Secondary, Industry, CNY bn, YTD",None,line
"China, NGDP, Activity, Secondary, Industry, Manufacturing, % YoY","China, NGDP, Activity, Secondary, Industry, Manufacturing, % YoY",None,line
"China, NGDP, Activity, Secondary, Industry, Manufacturing, CNY bn","China, NGDP, Activity, Secondary, Industry, Manufacturing, CNY bn",None,line
"China, NGDP, Activity, Secondary, Industry, Manufacturing, CNY bn, YTD","China, NGDP, Activity, Secondary, Industry, Manufacturing, CNY bn, YTD",None,line
"China, NGDP, Activity, Other, CNY bn","China, NGDP, Activity, Other, CNY bn",None,line
"China, NGDP, Activity, Other, CNY bn, YTD","China, NGDP, Activity, Other, CNY bn, YTD",None,line
"China, NGDP, Activity, Primary, % YoY","China, NGDP, Activity, Primary, % YoY",None,line
"China, NGDP, Activity, Primary, CNY bn","China, NGDP, Activity, Primary, CNY bn",None,line
"China, NGDP, Activity, Primary, CNY bn, YTD","China, NGDP, Activity, Primary, CNY bn, YTD",None,line
"China, NGDP, Activity, Primary, Primary, Agriculture, CNY bn","China, NGDP, Activity, Primary, Primary, Agriculture, CNY bn",None,line
"China, NGDP, Activity, Primary, Primary, Agriculture, CNY bn, YTD","China, NGDP, Activity, Primary, Primary, Agriculture, CNY bn, YTD",None,line
"China, NGDP, Activity, Secondary, % YoY","China, NGDP, Activity, Secondary, % YoY",None,line
"China, NGDP, Activity, Secondary, CNY bn","China, NGDP, Activity, Secondary, CNY bn",None,line
"China, NGDP, Activity, Secondary, CNY bn, YTD","China, NGDP, Activity, Secondary, CNY bn, YTD",None,line
"China, NGDP, Activity, Storage and Post, CNY bn","China, NGDP, Activity, Storage and Post, CNY bn",None,line
"China, NGDP, Activity, Storage and Post, CNY bn, YTD","China, NGDP, Activity, Storage and Post, CNY bn, YTD",None,line
"China, NGDP, Activity, Tertiary, % YoY","China, NGDP, Activity, Tertiary, % YoY",None,line
"China, NGDP, Activity, Tertiary, CNY bn","China, NGDP, Activity, Tertiary, CNY bn",None,line
"China, NGDP, Activity, Tertiary, CNY bn, YTD","China, NGDP, Activity, Tertiary, CNY bn, YTD",None,line
"China, RGDP, Activity, % QoQ","China, RGDP, Activity, % QoQ",None,line
"China, RGDP, Activity, % YoY","China, RGDP, Activity, % YoY",None,line
"China, RGDP, Activity, % YoY, YTD","China, RGDP, Activity, % YoY, YTD",None,line
"China, RGDP, Activity, Primary, Agriculture, % YoY","China, RGDP, Activity, Primary, Agriculture, % YoY",None,line
"China, RGDP, Activity, Primary, Agriculture, % YoY, YTD","China, RGDP, Activity, Primary, Agriculture, % YoY, YTD",None,line
"China, RGDP, Activity, CNY bn","China, RGDP, Activity, CNY bn",None,line
"China, RGDP, Activity, CNY bn, YTD","China, RGDP, Activity, CNY bn, YTD",None,line
"China, RGDP, Activity, Secondary, Construction, % YoY","China, RGDP, Activity, Secondary, Construction, % YoY",None,line
"China, RGDP, Activity, Secondary, Construction, % YoY, YTD","China, RGDP, Activity, Secondary, Construction, % YoY, YTD",None,line
"China, RGDP, Activity, Secondary, Industry, % YoY","China, RGDP, Activity, Secondary, Industry, % YoY",None,line
"China, RGDP, Activity, Secondary, Industry, % YoY, YTD","China, RGDP, Activity, Secondary, Industry, % YoY, YTD",None,line
"China, RGDP, Activity, Secondary, Industry, Manufacturing, % YoY","China, RGDP, Activity, Secondary, Industry, Manufacturing, % YoY",None,line
"China, RGDP, Activity, Secondary, Industry, Manufacturing, % YoY, YTD","China, RGDP, Activity, Secondary, Industry, Manufacturing, % YoY, YTD",None,line
"China, RGDP, Activity, Other, % YoY","China, RGDP, Activity, Other, % YoY",None,line
"China, RGDP, Activity, Other, % YoY, YTD","China, RGDP, Activity, Other, % YoY, YTD",None,line
"China, RGDP, Activity, Primary, % YoY","China, RGDP, Activity, Primary, % YoY",None,line
"China, RGDP, Activity, Primary, % YoY, YTD","China, RGDP, Activity, Primary, % YoY, YTD",None,line
"China, RGDP, Activity, Primary, CNY bn","China, RGDP, Activity, Primary, CNY bn",None,line
"China, RGDP, Activity, Primary, CNY bn, YTD","China, RGDP, Activity, Primary, CNY bn, YTD",None,line
"China, RGDP, Activity, Primary, Primary, Agriculture, % YoY","China, RGDP, Activity, Primary, Primary, Agriculture, % YoY",None,line
"China, RGDP, Activity, Primary, Primary, Agriculture, % YoY, YTD","China, RGDP, Activity, Primary, Primary, Agriculture, % YoY, YTD",None,line
"China, RGDP, Activity, Secondary, % YoY","China, RGDP, Activity, Secondary, % YoY",None,line
"China, RGDP, Activity, Secondary, % YoY, YTD","China, RGDP, Activity, Secondary, % YoY, YTD",None,line
"China, RGDP, Activity, Secondary, CNY bn","China, RGDP, Activity, Secondary, CNY bn",None,line
"China, RGDP, Activity, Secondary, CNY bn, YTD","China, RGDP, Activity, Secondary, CNY bn, YTD",None,line
"China, RGDP, Activity, Storage and Post, % YoY","China, RGDP, Activity, Storage and Post, % YoY",None,line
"China, RGDP, Activity, Storage and Post, % YoY, YTD","China, RGDP, Activity, Storage and Post, % YoY, YTD",None,line
"China, RGDP, Activity, Tertiary, % YoY","China, RGDP, Activity, Tertiary, % YoY",None,line
"China, RGDP, Activity, Tertiary, % YoY, YTD","China, RGDP, Activity, Tertiary, % YoY, YTD",None,line
"China, RGDP, Activity, Tertiary, CNY bn","China, RGDP, Activity, Tertiary, CNY bn",None,line
"China, RGDP, Activity, Tertiary, CNY bn, YTD","China, RGDP, Activity, Tertiary, CNY bn, YTD",None,line
"China, NGDP, Activity, Tertiary, Finance and insurance, % YoY","China, NGDP, Activity, Tertiary, Finance and insurance, % YoY",None,line
"China, NGDP, Activity, Tertiary, Finance and insurance, CNY bn","China, NGDP, Activity, Tertiary, Finance and insurance, CNY bn",None,line
"China, NGDP, Activity, Tertiary, Finance and insurance, CNY bn, YTD","China, NGDP, Activity, Tertiary, Finance and insurance, CNY bn, YTD",None,line
"China, NGDP, Activity, Tertiary, Accommodation and food services, % YoY","China, NGDP, Activity, Tertiary, Accommodation and food services, % YoY",None,line
"China, NGDP, Activity, Tertiary, Accommodation and food services, CNY bn","China, NGDP, Activity, Tertiary, Accommodation and food services, CNY bn",None,line
"China, NGDP, Activity, Tertiary, Accommodation and food services, CNY bn, YTD","China, NGDP, Activity, Tertiary, Accommodation and food services, CNY bn, YTD",None,line
"China, NGDP, Activity, Tertiary, Information and communication, % YoY","China, NGDP, Activity, Tertiary, Information and communication, % YoY",None,line
"China, NGDP, Activity, Tertiary, Information and communication, CNY bn","China, NGDP, Activity, Tertiary, Information and communication, CNY bn",None,line
"China, NGDP, Activity, Tertiary, Information and communication, CNY bn, YTD","China, NGDP, Activity, Tertiary, Information and communication, CNY bn, YTD",None,line
"China, NGDP, Activity, Tertiary, Leasing and Business Services, % YoY","China, NGDP, Activity, Tertiary, Leasing and Business Services, % YoY",None,line
"China, NGDP, Activity, Tertiary, Leasing and Business Services, CNY bn","China, NGDP, Activity, Tertiary, Leasing and Business Services, CNY bn",None,line
"China, NGDP, Activity, Tertiary, Leasing and Business Services, CNY bn, YTD","China, NGDP, Activity, Tertiary, Leasing and Business Services, CNY bn, YTD",None,line
"China, NGDP, Activity, Tertiary, Others, % YoY","China, NGDP, Activity, Tertiary, Others, % YoY",None,line
"China, NGDP, Activity, Tertiary, Others, CNY bn","China, NGDP, Activity, Tertiary, Others, CNY bn",None,line
"China, NGDP, Activity, Tertiary, Others, CNY bn, YTD","China, NGDP, Activity, Tertiary, Others, CNY bn, YTD",None,line
"China, NGDP, Activity, Tertiary, Real estate, % YoY","China, NGDP, Activity, Tertiary, Real estate, % YoY",None,line
"China, NGDP, Activity, Tertiary, Real estate, CNY bn","China, NGDP, Activity, Tertiary, Real estate, CNY bn",None,line
"China, NGDP, Activity, Tertiary, Real estate, CNY bn, YTD","China, NGDP, Activity, Tertiary, Real estate, CNY bn, YTD",None,line
"China, NGDP, Activity, Tertiary, Transportation and storage, % YoY","China, NGDP, Activity, Tertiary, Transportation and storage, % YoY",None,line
"China, NGDP, Activity, Tertiary, Transportation and storage, CNY bn","China, NGDP, Activity, Tertiary, Transportation and storage, CNY bn",None,line
"China, NGDP, Activity, Tertiary, Transportation and storage, CNY bn, YTD","China, NGDP, Activity, Tertiary, Transportation and storage, CNY bn, YTD",None,line
"China, NGDP, Activity, Tertiary, Wholesale and retail trade, % YoY","China, NGDP, Activity, Tertiary, Wholesale and retail trade, % YoY",None,line
"China, NGDP, Activity, Tertiary, Wholesale and retail trade, CNY bn","China, NGDP, Activity, Tertiary, Wholesale and retail trade, CNY bn",None,line
"China, NGDP, Activity, Tertiary, Wholesale and retail trade, CNY bn, YTD","China, NGDP, Activity, Tertiary, Wholesale and retail trade, CNY bn, YTD",None,line
"China, RGDP, Activity, Tertiary, Finance and insurance, % YoY","China, RGDP, Activity, Tertiary, Finance and insurance, % YoY",None,line
"China, RGDP, Activity, Tertiary, Finance and insurance, % YoY, YTD","China, RGDP, Activity, Tertiary, Finance and insurance, % YoY, YTD",None,line
"China, RGDP, Activity, Tertiary, Accommodation and food services, % YoY","China, RGDP, Activity, Tertiary, Accommodation and food services, % YoY",None,line
"China, RGDP, Activity, Tertiary, Accommodation and food services, % YoY, YTD","China, RGDP, Activity, Tertiary, Accommodation and food services, % YoY, YTD",None,line
"China, RGDP, Activity, Tertiary, Information and communication, % YoY","China, RGDP, Activity, Tertiary, Information and communication, % YoY",None,line
"China, RGDP, Activity, Tertiary, Information and communication, % YoY, YTD","China, RGDP, Activity, Tertiary, Information and communication, % YoY, YTD",None,line
"China, RGDP, Activity, Tertiary, Leasing and Business Services, % YoY","China, RGDP, Activity, Tertiary, Leasing and Business Services, % YoY",None,line
"China, RGDP, Activity, Tertiary, Leasing and Business Services, % YoY, YTD","China, RGDP, Activity, Tertiary, Leasing and Business Services, % YoY, YTD",None,line
"China, RGDP, Activity, Tertiary, Others, % YoY","China, RGDP, Activity, Tertiary, Others, % YoY",None,line
"China, RGDP, Activity, Tertiary, Others, % YoY, YTD","China, RGDP, Activity, Tertiary, Others, % YoY, YTD",None,line
"China, RGDP, Activity, Tertiary, Real estate, % YoY","China, RGDP, Activity, Tertiary, Real estate, % YoY",None,line
"China, RGDP, Activity, Tertiary, Real estate, % YoY, YTD","China, RGDP, Activity, Tertiary, Real estate, % YoY, YTD",None,line
"China, RGDP, Activity, Tertiary, Transportation and storage, % YoY","China, RGDP, Activity, Tertiary, Transportation and storage, % YoY",None,line
"China, RGDP, Activity, Tertiary, Transportation and storage, % YoY, YTD","China, RGDP, Activity, Tertiary, Transportation and storage, % YoY, YTD",None,line
"China, RGDP, Activity, Tertiary, Wholesale and retail trade, % YoY","China, RGDP, Activity, Tertiary, Wholesale and retail trade, % YoY",None,line
"China, RGDP, Activity, Tertiary, Wholesale and retail trade, % YoY, YTD","China, RGDP, Activity, Tertiary, Wholesale and retail trade, % YoY, YTD",None,line
"China, RGDP, Expenditure, Domestic Demand, Final Consumption Expenditure Contribution, %","China, RGDP, Expenditure, Domestic Demand, Final Consumption Expenditure Contribution, %",,line
"China, RGDP, Expenditure, Domestic Demand, Final Consumption Expenditure Contribution, YTD, %","China, RGDP, Expenditure, Domestic Demand, Final Consumption Expenditure Contribution, YTD, %",,line
"China, RGDP, Expenditure, Domestic Demand, Final Consumption Expenditure Contribution, YTD, ppts","China, RGDP, Expenditure, Domestic Demand, Final Consumption Expenditure Contribution, YTD, ppts",,line
"China, RGDP, Expenditure, Domestic Demand, Final Consumption Expenditure, Contribution to % YoY chg, ppts","China, RGDP, Expenditure, Domestic Demand, Final Consumption Expenditure, Contribution to % YoY chg, ppts",None,bar
"China, RGDP, Expenditure, Domestic Demand, Gross Capital Formation Contribution, %","China, RGDP, Expenditure, Domestic Demand, Gross Capital Formation Contribution, %",,line
"China, RGDP, Expenditure, Domestic Demand, Gross Capital Formation Contribution, YTD, %","China, RGDP, Expenditure, Domestic Demand, Gross Capital Formation Contribution, YTD, %",,line
"China, RGDP, Expenditure, Domestic Demand, Gross Capital Formation Contribution, YTD, ppts","China, RGDP, Expenditure, Domestic Demand, Gross Capital Formation Contribution, YTD, ppts",,line
"China, RGDP, Expenditure, Domestic Demand, Gross Capital Formation, Contribution to % YoY chg, ppts","China, RGDP, Expenditure, Domestic Demand, Gross Capital Formation, Contribution to % YoY chg, ppts",None,bar
"China, RGDP, Expenditure, Net Exports of Goods and Services Contribution, %","China, RGDP, Expenditure, Net Exports of Goods and Services Contribution, %",,line
"China, RGDP, Expenditure, Net Exports of Goods and Services Contribution, YTD, %","China, RGDP, Expenditure, Net Exports of Goods and Services Contribution, YTD, %",,line
"China, RGDP, Expenditure, Net Exports of Goods and Services Contribution, YTD, ppts","China, RGDP, Expenditure, Net Exports of Goods and Services Contribution, YTD, ppts",,line
"China, RGDP, Expenditure, Net Exports of Goods and Services, Contribution to % YoY chg, ppts","China, RGDP, Expenditure, Net Exports of Goods and Services, Contribution to % YoY chg, ppts",None,bar
"China, NGDP, Activity, SA, CNY bn","China, NGDP, Activity, SA, CNY bn",None,line
"China, NGDP, Activity, Secondary, Construction, SA, CNY bn","China, NGDP, Activity, Secondary, Construction, SA, CNY bn",None,line
"China, NGDP, Activity, Tertiary, Accommodation and food services, SA, CNY bn","China, NGDP, Activity, Tertiary, Accommodation and food services, SA, CNY bn",None,line
"China, NGDP, Activity, Tertiary, Wholesale and retail trade, SA, CNY bn","China, NGDP, Activity, Tertiary, Wholesale and retail trade, SA, CNY bn",None,line
"China, NGDP, Activity, Secondary, Industry, Manufacturing, SA, CNY bn","China, NGDP, Activity, Secondary, Industry, Manufacturing, SA, CNY bn",None,line
"China, NGDP, Activity, Tertiary, Real estate, SA, CNY bn","China, NGDP, Activity, Tertiary, Real estate, SA, CNY bn",None,line
"China, NGDP, Activity, Tertiary, SA, CNY bn","China, NGDP, Activity, Tertiary, SA, CNY bn",None,line
"China, NGDP, Activity, Secondary, SA, CNY bn","China, NGDP, Activity, Secondary, SA, CNY bn",None,line
"China, RGDP, Activity, SA, CNY bn","China, RGDP, Activity, SA, CNY bn",None,line
"China, RGDP, Activity, Tertiary, SA, CNY bn","China, RGDP, Activity, Tertiary, SA, CNY bn",None,line
"China, RGDP, Activity, Primary, SA, CNY bn","China, RGDP, Activity, Primary, SA, CNY bn",None,line
"China, RGDP, Activity, Secondary, SA, CNY bn","China, RGDP, Activity, Secondary, SA, CNY bn",None,line
"China, Household survey, Average Monthly Income of Rural Migrant Workers","China, Household survey, Average Monthly Income of Rural Migrant Workers",None,line
"China, Household survey, Average Monthly Income of Rural Migrant Workers, % YoY","China, Household survey, Average Monthly Income of Rural Migrant Workers, % YoY",None,line
"China, Household survey, Migrant workers, Income, CNY","China, Household survey, Migrant workers, Income, CNY",None,line
"China, Household survey, Migrant workers, Out of province, m","China, Household survey, Migrant workers, Out of province, m",None,line
"China, Household survey, Migrant workers, Out of province, m, % YoY","China, Household survey, Migrant workers, Out of province, m, % YoY",None,line
"China, Household survey, Migrant workers, Within province, m","China, Household survey, Migrant workers, Within province, m",None,line
"China, Household survey, Migrant workers, Within province, m, % YoY","China, Household survey, Migrant workers, Within province, m, % YoY",None,line
"China, Household survey, Migrant workers, m","China, Household survey, Migrant workers, m",,line
"China, Household survey, Migrant workers, m, % YoY","China, Household survey, Migrant workers, m, % YoY",None,line
"China, Household survey, National, Per capita, Expenditure, Clothing and footwear, YTD, % YoY","China, Household survey, National, Per capita, Expenditure, Clothing and footwear, YTD, % YoY",None,line
"China, Household survey, National, Per capita, Expenditure, Clothing and footwear, YTD, CNY","China, Household survey, National, Per capita, Expenditure, Clothing and footwear, YTD, CNY",None,line
"China, Household survey, National, Per capita, Expenditure, Education, culture and recreation, YTD, % YoY","China, Household survey, National, Per capita, Expenditure, Education, culture and recreation, YTD, % YoY",None,line
"China, Household survey, National, Per capita, Expenditure, Education, culture and recreation, YTD, CNY","China, Household survey, National, Per capita, Expenditure, Education, culture and recreation, YTD, CNY",None,line
"China, Household survey, National, Per capita, Expenditure, Food and tobacco, YTD, % YoY","China, Household survey, National, Per capita, Expenditure, Food and tobacco, YTD, % YoY",None,line
"China, Household survey, National, Per capita, Expenditure, Food and tobacco, YTD, CNY","China, Household survey, National, Per capita, Expenditure, Food and tobacco, YTD, CNY",None,line
"China, Household survey, National, Per capita, Expenditure, Household equipment, furnishings and services, YTD, % YoY","China, Household survey, National, Per capita, Expenditure, Household equipment, furnishings and services, YTD, % YoY",None,line
"China, Household survey, National, Per capita, Expenditure, Household equipment, furnishings and services, YTD, CNY","China, Household survey, National, Per capita, Expenditure, Household equipment, furnishings and services, YTD, CNY",None,line
"China, Household survey, National, Per capita, Expenditure, Housing, YTD, % YoY","China, Household survey, National, Per capita, Expenditure, Housing, YTD, % YoY",None,line
"China, Household survey, National, Per capita, Expenditure, Housing, YTD, CNY","China, Household survey, National, Per capita, Expenditure, Housing, YTD, CNY",None,line
"China, Household survey, National, Per capita, Expenditure, Medical, YTD, % YoY","China, Household survey, National, Per capita, Expenditure, Medical, YTD, % YoY",None,line
"China, Household survey, National, Per capita, Expenditure, Medical, YTD, CNY","China, Household survey, National, Per capita, Expenditure, Medical, YTD, CNY",None,line
"China, Household survey, National, Per capita, Expenditure, Miscellaneous, YTD, % YoY","China, Household survey, National, Per capita, Expenditure, Miscellaneous, YTD, % YoY",None,line
"China, Household survey, National, Per capita, Expenditure, Miscellaneous, YTD, CNY","China, Household survey, National, Per capita, Expenditure, Miscellaneous, YTD, CNY",None,line
"China, Household survey, National, Per capita, Expenditure, Transport and communication, YTD, % YoY","China, Household survey, National, Per capita, Expenditure, Transport and communication, YTD, % YoY",None,line
"China, Household survey, National, Per capita, Expenditure, Transport and communication, YTD, CNY","China, Household survey, National, Per capita, Expenditure, Transport and communication, YTD, CNY",None,line
"China, Household survey, National, Per capita, Expenditure, YTD, % YoY","China, Household survey, National, Per capita, Expenditure, YTD, % YoY",None,line
"China, Household survey, National, Per capita, Expenditure, YTD, CNY","China, Household survey, National, Per capita, Expenditure, YTD, CNY",None,line
"China, Household survey, National, Per capita, Income, Business, YTD, % YoY","China, Household survey, National, Per capita, Income, Business, YTD, % YoY",None,line
"China, Household survey, National, Per capita, Income, Business, YTD, CNY","China, Household survey, National, Per capita, Income, Business, YTD, CNY",None,line
"China, Household survey, National, Per capita, Income, Disposable, Median, YTD, % YoY","China, Household survey, National, Per capita, Income, Disposable, Median, YTD, % YoY",None,line
"China, Household survey, National, Per capita, Income, Disposable, Median, YTD, CNY","China, Household survey, National, Per capita, Income, Disposable, Median, YTD, CNY",None,line
"China, Household survey, National, Per capita, Income, Disposable, YTD, % YoY","China, Household survey, National, Per capita, Income, Disposable, YTD, % YoY",None,line
"China, Household survey, National, Per capita, Income, Disposable, YTD, CNY","China, Household survey, National, Per capita, Income, Disposable, YTD, CNY",None,line
"China, Household survey, National, Per capita, Income, Property, YTD, % YoY","China, Household survey, National, Per capita, Income, Property, YTD, % YoY",None,line
"China, Household survey, National, Per capita, Income, Property, YTD, CNY","China, Household survey, National, Per capita, Income, Property, YTD, CNY",None,line
"China, Household survey, National, Per capita, Income, Transfer, YTD, % YoY","China, Household survey, National, Per capita, Income, Transfer, YTD, % YoY",None,line
"China, Household survey, National, Per capita, Income, Transfer, YTD, CNY","China, Household survey, National, Per capita, Income, Transfer, YTD, CNY",None,line
"China, Household survey, National, Per capita, Income, Wages, YTD, % YoY","China, Household survey, National, Per capita, Income, Wages, YTD, % YoY",None,line
"China, Household survey, National, Per capita, Income, Wages, YTD, CNY","China, Household survey, National, Per capita, Income, Wages, YTD, CNY",None,line
"China, Household survey, Regional, Rural, Provincial, Per capita, Expenditure, Anhui, CNY, YTD","China, Household survey, Regional, Rural, Provincial, Per capita, Expenditure, Anhui, CNY, YTD",None,line
"China, Household survey, Regional, Rural, Provincial, Per capita, Expenditure, Beijing, CNY, YTD","China, Household survey, Regional, Rural, Provincial, Per capita, Expenditure, Beijing, CNY, YTD",None,line
"China, Household survey, Regional, Rural, Provincial, Per capita, Expenditure, Chongqing, CNY, YTD","China, Household survey, Regional, Rural, Provincial, Per capita, Expenditure, Chongqing, CNY, YTD",None,line
"China, Household survey, Regional, Rural, Provincial, Per capita, Expenditure, Fujian, CNY, YTD","China, Household survey, Regional, Rural, Provincial, Per capita, Expenditure, Fujian, CNY, YTD",None,line
"China, Household survey, Regional, Rural, Provincial, Per capita, Expenditure, Gansu, CNY, YTD","China, Household survey, Regional, Rural, Provincial, Per capita, Expenditure, Gansu, CNY, YTD",None,line
"China, Household survey, Regional, Rural, Provincial, Per capita, Expenditure, Guangdong, CNY, YTD","China, Household survey, Regional, Rural, Provincial, Per capita, Expenditure, Guangdong, CNY, YTD",None,line
"China, Household survey, Regional, Rural, Provincial, Per capita, Expenditure, Guangxi, CNY, YTD","China, Household survey, Regional, Rural, Provincial, Per capita, Expenditure, Guangxi, CNY, YTD",None,line
"China, Household survey, Regional, Rural, Provincial, Per capita, Expenditure, Guizhou, CNY, YTD","China, Household survey, Regional, Rural, Provincial, Per capita, Expenditure, Guizhou, CNY, YTD",None,line
"China, Household survey, Regional, Rural, Provincial, Per capita, Expenditure, Hainan, CNY, YTD","China, Household survey, Regional, Rural, Provincial, Per capita, Expenditure, Hainan, CNY, YTD",None,line
"China, Household survey, Regional, Rural, Provincial, Per capita, Expenditure, Hebei, CNY, YTD","China, Household survey, Regional, Rural, Provincial, Per capita, Expenditure, Hebei, CNY, YTD",None,line
"China, Household survey, Regional, Rural, Provincial, Per capita, Expenditure, Heilongjiang, CNY, YTD","China, Household survey, Regional, Rural, Provincial, Per capita, Expenditure, Heilongjiang, CNY, YTD",None,line
"China, Household survey, Regional, Rural, Provincial, Per capita, Expenditure, Henan, CNY, YTD","China, Household survey, Regional, Rural, Provincial, Per capita, Expenditure, Henan, CNY, YTD",None,line
"China, Household survey, Regional, Rural, Provincial, Per capita, Expenditure, Hubei, CNY, YTD","China, Household survey, Regional, Rural, Provincial, Per capita, Expenditure, Hubei, CNY, YTD",None,line
"China, Household survey, Regional, Rural, Provincial, Per capita, Expenditure, Hunan, CNY, YTD","China, Household survey, Regional, Rural, Provincial, Per capita, Expenditure, Hunan, CNY, YTD",None,line
"China, Household survey, Regional, Rural, Provincial, Per capita, Expenditure, Inner Mongolia, CNY, YTD","China, Household survey, Regional, Rural, Provincial, Per capita, Expenditure, Inner Mongolia, CNY, YTD",None,line
"China, Household survey, Regional, Rural, Provincial, Per capita, Expenditure, Jiangsu, CNY, YTD","China, Household survey, Regional, Rural, Provincial, Per capita, Expenditure, Jiangsu, CNY, YTD",None,line
"China, Household survey, Regional, Rural, Provincial, Per capita, Expenditure, Jiangxi, CNY, YTD","China, Household survey, Regional, Rural, Provincial, Per capita, Expenditure, Jiangxi, CNY, YTD",None,line
"China, Household survey, Regional, Rural, Provincial, Per capita, Expenditure, Jilin, CNY, YTD","China, Household survey, Regional, Rural, Provincial, Per capita, Expenditure, Jilin, CNY, YTD",None,line
"China, Household survey, Regional, Rural, Provincial, Per capita, Expenditure, Liaoning, CNY, YTD","China, Household survey, Regional, Rural, Provincial, Per capita, Expenditure, Liaoning, CNY, YTD",None,line
"China, Household survey, Regional, Rural, Provincial, Per capita, Expenditure, Ningxia, CNY, YTD","China, Household survey, Regional, Rural, Provincial, Per capita, Expenditure, Ningxia, CNY, YTD",None,line
"China, Household survey, Regional, Rural, Provincial, Per capita, Expenditure, Qinghai, CNY, YTD","China, Household survey, Regional, Rural, Provincial, Per capita, Expenditure, Qinghai, CNY, YTD",None,line
"China, Household survey, Regional, Rural, Provincial, Per capita, Expenditure, Shaanxi, CNY, YTD","China, Household survey, Regional, Rural, Provincial, Per capita, Expenditure, Shaanxi, CNY, YTD",None,line
"China, Household survey, Regional, Rural, Provincial, Per capita, Expenditure, Shandong, CNY, YTD","China, Household survey, Regional, Rural, Provincial, Per capita, Expenditure, Shandong, CNY, YTD",None,line
"China, Household survey, Regional, Rural, Provincial, Per capita, Expenditure, Shanghai, CNY, YTD","China, Household survey, Regional, Rural, Provincial, Per capita, Expenditure, Shanghai, CNY, YTD",None,line
"China, Household survey, Regional, Rural, Provincial, Per capita, Expenditure, Shanxi, CNY, YTD","China, Household survey, Regional, Rural, Provincial, Per capita, Expenditure, Shanxi, CNY, YTD",None,line
"China, Household survey, Regional, Rural, Provincial, Per capita, Expenditure, Sichuan, CNY, YTD","China, Household survey, Regional, Rural, Provincial, Per capita, Expenditure, Sichuan, CNY, YTD",None,line
"China, Household survey, Regional, Rural, Provincial, Per capita, Expenditure, Tianjin, CNY, YTD","China, Household survey, Regional, Rural, Provincial, Per capita, Expenditure, Tianjin, CNY, YTD",None,line
"China, Household survey, Regional, Rural, Provincial, Per capita, Expenditure, Tibet, CNY, YTD","China, Household survey, Regional, Rural, Provincial, Per capita, Expenditure, Tibet, CNY, YTD",None,line
"China, Household survey, Regional, Rural, Provincial, Per capita, Expenditure, Xinjiang, CNY, YTD","China, Household survey, Regional, Rural, Provincial, Per capita, Expenditure, Xinjiang, CNY, YTD",None,line
"China, Household survey, Regional, Rural, Provincial, Per capita, Expenditure, Yunnan, CNY, YTD","China, Household survey, Regional, Rural, Provincial, Per capita, Expenditure, Yunnan, CNY, YTD",None,line
"China, Household survey, Regional, Rural, Provincial, Per capita, Expenditure, Zhejiang, CNY, YTD","China, Household survey, Regional, Rural, Provincial, Per capita, Expenditure, Zhejiang, CNY, YTD",None,line
"China, Household survey, Regional, Rural, Provincial, Per capita, Income, Disposable, Anhui, CNY, YTD","China, Household survey, Regional, Rural, Provincial, Per capita, Income, Disposable, Anhui, CNY, YTD",None,line
"China, Household survey, Regional, Rural, Provincial, Per capita, Income, Disposable, Beijing, CNY, YTD","China, Household survey, Regional, Rural, Provincial, Per capita, Income, Disposable, Beijing, CNY, YTD",None,line
"China, Household survey, Regional, Rural, Provincial, Per capita, Income, Disposable, Chongqing, CNY, YTD","China, Household survey, Regional, Rural, Provincial, Per capita, Income, Disposable, Chongqing, CNY, YTD",None,line
"China, Household survey, Regional, Rural, Provincial, Per capita, Income, Disposable, Fujian, CNY, YTD","China, Household survey, Regional, Rural, Provincial, Per capita, Income, Disposable, Fujian, CNY, YTD",None,line
"China, Household survey, Regional, Rural, Provincial, Per capita, Income, Disposable, Gansu, CNY, YTD","China, Household survey, Regional, Rural, Provincial, Per capita, Income, Disposable, Gansu, CNY, YTD",None,line
"China, Household survey, Regional, Rural, Provincial, Per capita, Income, Disposable, Guangdong, CNY, YTD","China, Household survey, Regional, Rural, Provincial, Per capita, Income, Disposable, Guangdong, CNY, YTD",None,line
"China, Household survey, Regional, Rural, Provincial, Per capita, Income, Disposable, Guangxi, CNY, YTD","China, Household survey, Regional, Rural, Provincial, Per capita, Income, Disposable, Guangxi, CNY, YTD",None,line
"China, Household survey, Regional, Rural, Provincial, Per capita, Income, Disposable, Guizhou, CNY, YTD","China, Household survey, Regional, Rural, Provincial, Per capita, Income, Disposable, Guizhou, CNY, YTD",None,line
"China, Household survey, Regional, Rural, Provincial, Per capita, Income, Disposable, Hainan, CNY, YTD","China, Household survey, Regional, Rural, Provincial, Per capita, Income, Disposable, Hainan, CNY, YTD",None,line
"China, Household survey, Regional, Rural, Provincial, Per capita, Income, Disposable, Hebei, CNY, YTD","China, Household survey, Regional, Rural, Provincial, Per capita, Income, Disposable, Hebei, CNY, YTD",None,line
"China, Household survey, Regional, Rural, Provincial, Per capita, Income, Disposable, Heilongjiang, CNY, YTD","China, Household survey, Regional, Rural, Provincial, Per capita, Income, Disposable, Heilongjiang, CNY, YTD",None,line
"China, Household survey, Regional, Rural, Provincial, Per capita, Income, Disposable, Henan, CNY, YTD","China, Household survey, Regional, Rural, Provincial, Per capita, Income, Disposable, Henan, CNY, YTD",None,line
"China, Household survey, Regional, Rural, Provincial, Per capita, Income, Disposable, Hubei, CNY, YTD","China, Household survey, Regional, Rural, Provincial, Per capita, Income, Disposable, Hubei, CNY, YTD",None,line
"China, Household survey, Regional, Rural, Provincial, Per capita, Income, Disposable, Hunan, CNY, YTD","China, Household survey, Regional, Rural, Provincial, Per capita, Income, Disposable, Hunan, CNY, YTD",None,line
"China, Household survey, Regional, Rural, Provincial, Per capita, Income, Disposable, Inner Mongolia, CNY, YTD","China, Household survey, Regional, Rural, Provincial, Per capita, Income, Disposable, Inner Mongolia, CNY, YTD",None,line
"China, Household survey, Regional, Rural, Provincial, Per capita, Income, Disposable, Jiangsu, CNY, YTD","China, Household survey, Regional, Rural, Provincial, Per capita, Income, Disposable, Jiangsu, CNY, YTD",None,line
"China, Household survey, Regional, Rural, Provincial, Per capita, Income, Disposable, Jiangxi, CNY, YTD","China, Household survey, Regional, Rural, Provincial, Per capita, Income, Disposable, Jiangxi, CNY, YTD",None,line
"China, Household survey, Regional, Rural, Provincial, Per capita, Income, Disposable, Jilin, CNY, YTD","China, Household survey, Regional, Rural, Provincial, Per capita, Income, Disposable, Jilin, CNY, YTD",None,line
"China, Household survey, Regional, Rural, Provincial, Per capita, Income, Disposable, Liaoning, CNY, YTD","China, Household survey, Regional, Rural, Provincial, Per capita, Income, Disposable, Liaoning, CNY, YTD",None,line
"China, Household survey, Regional, Rural, Provincial, Per capita, Income, Disposable, Ningxia, CNY, YTD","China, Household survey, Regional, Rural, Provincial, Per capita, Income, Disposable, Ningxia, CNY, YTD",None,line
"China, Household survey, Regional, Rural, Provincial, Per capita, Income, Disposable, Qinghai, CNY, YTD","China, Household survey, Regional, Rural, Provincial, Per capita, Income, Disposable, Qinghai, CNY, YTD",None,line
"China, Household survey, Regional, Rural, Provincial, Per capita, Income, Disposable, Shaanxi, CNY, YTD","China, Household survey, Regional, Rural, Provincial, Per capita, Income, Disposable, Shaanxi, CNY, YTD",None,line
"China, Household survey, Regional, Rural, Provincial, Per capita, Income, Disposable, Shandong, CNY, YTD","China, Household survey, Regional, Rural, Provincial, Per capita, Income, Disposable, Shandong, CNY, YTD",None,line
"China, Household survey, Regional, Rural, Provincial, Per capita, Income, Disposable, Shanghai, CNY, YTD","China, Household survey, Regional, Rural, Provincial, Per capita, Income, Disposable, Shanghai, CNY, YTD",None,line
"China, Household survey, Regional, Rural, Provincial, Per capita, Income, Disposable, Shanxi, CNY, YTD","China, Household survey, Regional, Rural, Provincial, Per capita, Income, Disposable, Shanxi, CNY, YTD",None,line
"China, Household survey, Regional, Rural, Provincial, Per capita, Income, Disposable, Sichuan, CNY, YTD","China, Household survey, Regional, Rural, Provincial, Per capita, Income, Disposable, Sichuan, CNY, YTD",None,line
"China, Household survey, Regional, Rural, Provincial, Per capita, Income, Disposable, Tianjin, CNY, YTD","China, Household survey, Regional, Rural, Provincial, Per capita, Income, Disposable, Tianjin, CNY, YTD",None,line
"China, Household survey, Regional, Rural, Provincial, Per capita, Income, Disposable, Tibet, CNY, YTD","China, Household survey, Regional, Rural, Provincial, Per capita, Income, Disposable, Tibet, CNY, YTD",None,line
"China, Household survey, Regional, Rural, Provincial, Per capita, Income, Disposable, Xinjiang, CNY, YTD","China, Household survey, Regional, Rural, Provincial, Per capita, Income, Disposable, Xinjiang, CNY, YTD",None,line
"China, Household survey, Regional, Rural, Provincial, Per capita, Income, Disposable, Yunnan, CNY, YTD","China, Household survey, Regional, Rural, Provincial, Per capita, Income, Disposable, Yunnan, CNY, YTD",None,line
"China, Household survey, Regional, Rural, Provincial, Per capita, Income, Disposable, Zhejiang, CNY, YTD","China, Household survey, Regional, Rural, Provincial, Per capita, Income, Disposable, Zhejiang, CNY, YTD",None,line
"China, Household survey, Regional, Urban, Provincial, Per capita, Expenditure, Anhui, CNY, YTD","China, Household survey, Regional, Urban, Provincial, Per capita, Expenditure, Anhui, CNY, YTD",None,line
"China, Household survey, Regional, Urban, Provincial, Per capita, Expenditure, Beijing, CNY, YTD","China, Household survey, Regional, Urban, Provincial, Per capita, Expenditure, Beijing, CNY, YTD",None,line
"China, Household survey, Regional, Urban, Provincial, Per capita, Expenditure, Chongqing, CNY, YTD","China, Household survey, Regional, Urban, Provincial, Per capita, Expenditure, Chongqing, CNY, YTD",None,line
"China, Household survey, Regional, Urban, Provincial, Per capita, Expenditure, Fujian, CNY, YTD","China, Household survey, Regional, Urban, Provincial, Per capita, Expenditure, Fujian, CNY, YTD",None,line
"China, Household survey, Regional, Urban, Provincial, Per capita, Expenditure, Gansu, CNY, YTD","China, Household survey, Regional, Urban, Provincial, Per capita, Expenditure, Gansu, CNY, YTD",None,line
"China, Household survey, Regional, Urban, Provincial, Per capita, Expenditure, Guangdong, CNY, YTD","China, Household survey, Regional, Urban, Provincial, Per capita, Expenditure, Guangdong, CNY, YTD",None,line
"China, Household survey, Regional, Urban, Provincial, Per capita, Expenditure, Guangxi, CNY, YTD","China, Household survey, Regional, Urban, Provincial, Per capita, Expenditure, Guangxi, CNY, YTD",None,line
"China, Household survey, Regional, Urban, Provincial, Per capita, Expenditure, Guizhou, CNY, YTD","China, Household survey, Regional, Urban, Provincial, Per capita, Expenditure, Guizhou, CNY, YTD",None,line
"China, Household survey, Regional, Urban, Provincial, Per capita, Expenditure, Hainan, CNY, YTD","China, Household survey, Regional, Urban, Provincial, Per capita, Expenditure, Hainan, CNY, YTD",None,line
"China, Household survey, Regional, Urban, Provincial, Per capita, Expenditure, Hebei, CNY, YTD","China, Household survey, Regional, Urban, Provincial, Per capita, Expenditure, Hebei, CNY, YTD",None,line
"China, Household survey, Regional, Urban, Provincial, Per capita, Expenditure, Heilongjiang, CNY, YTD","China, Household survey, Regional, Urban, Provincial, Per capita, Expenditure, Heilongjiang, CNY, YTD",None,line
"China, Household survey, Regional, Urban, Provincial, Per capita, Expenditure, Henan, CNY, YTD","China, Household survey, Regional, Urban, Provincial, Per capita, Expenditure, Henan, CNY, YTD",None,line
"China, Household survey, Regional, Urban, Provincial, Per capita, Expenditure, Hubei, CNY, YTD","China, Household survey, Regional, Urban, Provincial, Per capita, Expenditure, Hubei, CNY, YTD",None,line
"China, Household survey, Regional, Urban, Provincial, Per capita, Expenditure, Hunan, CNY, YTD","China, Household survey, Regional, Urban, Provincial, Per capita, Expenditure, Hunan, CNY, YTD",None,line
"China, Household survey, Regional, Urban, Provincial, Per capita, Expenditure, Inner Mongolia, CNY, YTD","China, Household survey, Regional, Urban, Provincial, Per capita, Expenditure, Inner Mongolia, CNY, YTD",None,line
"China, Household survey, Regional, Urban, Provincial, Per capita, Expenditure, Jiangsu, CNY, YTD","China, Household survey, Regional, Urban, Provincial, Per capita, Expenditure, Jiangsu, CNY, YTD",None,line
"China, Household survey, Regional, Urban, Provincial, Per capita, Expenditure, Jiangxi, CNY, YTD","China, Household survey, Regional, Urban, Provincial, Per capita, Expenditure, Jiangxi, CNY, YTD",None,line
"China, Household survey, Regional, Urban, Provincial, Per capita, Expenditure, Jilin, CNY, YTD","China, Household survey, Regional, Urban, Provincial, Per capita, Expenditure, Jilin, CNY, YTD",None,line
"China, Household survey, Regional, Urban, Provincial, Per capita, Expenditure, Liaoning, CNY, YTD","China, Household survey, Regional, Urban, Provincial, Per capita, Expenditure, Liaoning, CNY, YTD",None,line
"China, Household survey, Regional, Urban, Provincial, Per capita, Expenditure, Ningxia, CNY, YTD","China, Household survey, Regional, Urban, Provincial, Per capita, Expenditure, Ningxia, CNY, YTD",None,line
"China, Household survey, Regional, Urban, Provincial, Per capita, Expenditure, Qinghai, CNY, YTD","China, Household survey, Regional, Urban, Provincial, Per capita, Expenditure, Qinghai, CNY, YTD",None,line
"China, Household survey, Regional, Urban, Provincial, Per capita, Expenditure, Shaanxi, CNY, YTD","China, Household survey, Regional, Urban, Provincial, Per capita, Expenditure, Shaanxi, CNY, YTD",None,line
"China, Household survey, Regional, Urban, Provincial, Per capita, Expenditure, Shandong, CNY, YTD","China, Household survey, Regional, Urban, Provincial, Per capita, Expenditure, Shandong, CNY, YTD",None,line
"China, Household survey, Regional, Urban, Provincial, Per capita, Expenditure, Shanghai, CNY, YTD","China, Household survey, Regional, Urban, Provincial, Per capita, Expenditure, Shanghai, CNY, YTD",None,line
"China, Household survey, Regional, Urban, Provincial, Per capita, Expenditure, Shanxi, CNY, YTD","China, Household survey, Regional, Urban, Provincial, Per capita, Expenditure, Shanxi, CNY, YTD",None,line
"China, Household survey, Regional, Urban, Provincial, Per capita, Expenditure, Sichuan, CNY, YTD","China, Household survey, Regional, Urban, Provincial, Per capita, Expenditure, Sichuan, CNY, YTD",None,line
"China, Household survey, Regional, Urban, Provincial, Per capita, Expenditure, Tianjin, CNY, YTD","China, Household survey, Regional, Urban, Provincial, Per capita, Expenditure, Tianjin, CNY, YTD",None,line
"China, Household survey, Regional, Urban, Provincial, Per capita, Expenditure, Tibet, CNY, YTD","China, Household survey, Regional, Urban, Provincial, Per capita, Expenditure, Tibet, CNY, YTD",None,line
"China, Household survey, Regional, Urban, Provincial, Per capita, Expenditure, Xinjiang, CNY, YTD","China, Household survey, Regional, Urban, Provincial, Per capita, Expenditure, Xinjiang, CNY, YTD",None,line
"China, Household survey, Regional, Urban, Provincial, Per capita, Expenditure, Yunnan, CNY, YTD","China, Household survey, Regional, Urban, Provincial, Per capita, Expenditure, Yunnan, CNY, YTD",None,line
"China, Household survey, Regional, Urban, Provincial, Per capita, Expenditure, Zhejiang, CNY, YTD","China, Household survey, Regional, Urban, Provincial, Per capita, Expenditure, Zhejiang, CNY, YTD",None,line
"China, Household survey, Regional, Urban, Provincial, Per capita, Income, Disposable, Anhui, CNY, YTD","China, Household survey, Regional, Urban, Provincial, Per capita, Income, Disposable, Anhui, CNY, YTD",None,line
"China, Household survey, Regional, Urban, Provincial, Per capita, Income, Disposable, Beijing, CNY, YTD","China, Household survey, Regional, Urban, Provincial, Per capita, Income, Disposable, Beijing, CNY, YTD",None,line
"China, Household survey, Regional, Urban, Provincial, Per capita, Income, Disposable, Chongqing, CNY, YTD","China, Household survey, Regional, Urban, Provincial, Per capita, Income, Disposable, Chongqing, CNY, YTD",None,line
"China, Household survey, Regional, Urban, Provincial, Per capita, Income, Disposable, Fujian, CNY, YTD","China, Household survey, Regional, Urban, Provincial, Per capita, Income, Disposable, Fujian, CNY, YTD",None,line
"China, Household survey, Regional, Urban, Provincial, Per capita, Income, Disposable, Gansu, CNY, YTD","China, Household survey, Regional, Urban, Provincial, Per capita, Income, Disposable, Gansu, CNY, YTD",None,line
"China, Household survey, Regional, Urban, Provincial, Per capita, Income, Disposable, Guangdong, CNY, YTD","China, Household survey, Regional, Urban, Provincial, Per capita, Income, Disposable, Guangdong, CNY, YTD",None,line
"China, Household survey, Regional, Urban, Provincial, Per capita, Income, Disposable, Guangxi, CNY, YTD","China, Household survey, Regional, Urban, Provincial, Per capita, Income, Disposable, Guangxi, CNY, YTD",None,line
"China, Household survey, Regional, Urban, Provincial, Per capita, Income, Disposable, Guizhou, CNY, YTD","China, Household survey, Regional, Urban, Provincial, Per capita, Income, Disposable, Guizhou, CNY, YTD",None,line
"China, Household survey, Regional, Urban, Provincial, Per capita, Income, Disposable, Hainan, CNY, YTD","China, Household survey, Regional, Urban, Provincial, Per capita, Income, Disposable, Hainan, CNY, YTD",None,line
"China, Household survey, Regional, Urban, Provincial, Per capita, Income, Disposable, Hebei, CNY, YTD","China, Household survey, Regional, Urban, Provincial, Per capita, Income, Disposable, Hebei, CNY, YTD",None,line
"China, Household survey, Regional, Urban, Provincial, Per capita, Income, Disposable, Heilongjiang, CNY, YTD","China, Household survey, Regional, Urban, Provincial, Per capita, Income, Disposable, Heilongjiang, CNY, YTD",None,line
"China, Household survey, Regional, Urban, Provincial, Per capita, Income, Disposable, Henan, CNY, YTD","China, Household survey, Regional, Urban, Provincial, Per capita, Income, Disposable, Henan, CNY, YTD",None,line
"China, Household survey, Regional, Urban, Provincial, Per capita, Income, Disposable, Hubei, CNY, YTD","China, Household survey, Regional, Urban, Provincial, Per capita, Income, Disposable, Hubei, CNY, YTD",None,line
"China, Household survey, Regional, Urban, Provincial, Per capita, Income, Disposable, Hunan, CNY, YTD","China, Household survey, Regional, Urban, Provincial, Per capita, Income, Disposable, Hunan, CNY, YTD",None,line
"China, Household survey, Regional, Urban, Provincial, Per capita, Income, Disposable, Inner Mongolia, CNY, YTD","China, Household survey, Regional, Urban, Provincial, Per capita, Income, Disposable, Inner Mongolia, CNY, YTD",None,line
"China, Household survey, Regional, Urban, Provincial, Per capita, Income, Disposable, Jiangsu, CNY, YTD","China, Household survey, Regional, Urban, Provincial, Per capita, Income, Disposable, Jiangsu, CNY, YTD",None,line
"China, Household survey, Regional, Urban, Provincial, Per capita, Income, Disposable, Jiangxi, CNY, YTD","China, Household survey, Regional, Urban, Provincial, Per capita, Income, Disposable, Jiangxi, CNY, YTD",None,line
"China, Household survey, Regional, Urban, Provincial, Per capita, Income, Disposable, Jilin, CNY, YTD","China, Household survey, Regional, Urban, Provincial, Per capita, Income, Disposable, Jilin, CNY, YTD",None,line
"China, Household survey, Regional, Urban, Provincial, Per capita, Income, Disposable, Liaoning, CNY, YTD","China, Household survey, Regional, Urban, Provincial, Per capita, Income, Disposable, Liaoning, CNY, YTD",None,line
"China, Household survey, Regional, Urban, Provincial, Per capita, Income, Disposable, Ningxia, CNY, YTD","China, Household survey, Regional, Urban, Provincial, Per capita, Income, Disposable, Ningxia, CNY, YTD",None,line
"China, Household survey, Regional, Urban, Provincial, Per capita, Income, Disposable, Qinghai, CNY, YTD","China, Household survey, Regional, Urban, Provincial, Per capita, Income, Disposable, Qinghai, CNY, YTD",None,line
"China, Household survey, Regional, Urban, Provincial, Per capita, Income, Disposable, Shaanxi, CNY, YTD","China, Household survey, Regional, Urban, Provincial, Per capita, Income, Disposable, Shaanxi, CNY, YTD",None,line
"China, Household survey, Regional, Urban, Provincial, Per capita, Income, Disposable, Shandong, CNY, YTD","China, Household survey, Regional, Urban, Provincial, Per capita, Income, Disposable, Shandong, CNY, YTD",None,line
"China, Household survey, Regional, Urban, Provincial, Per capita, Income, Disposable, Shanghai, CNY, YTD","China, Household survey, Regional, Urban, Provincial, Per capita, Income, Disposable, Shanghai, CNY, YTD",None,line
"China, Household survey, Regional, Urban, Provincial, Per capita, Income, Disposable, Shanxi, CNY, YTD","China, Household survey, Regional, Urban, Provincial, Per capita, Income, Disposable, Shanxi, CNY, YTD",None,line
"China, Household survey, Regional, Urban, Provincial, Per capita, Income, Disposable, Sichuan, CNY, YTD","China, Household survey, Regional, Urban, Provincial, Per capita, Income, Disposable, Sichuan, CNY, YTD",None,line
"China, Household survey, Regional, Urban, Provincial, Per capita, Income, Disposable, Tianjin, CNY, YTD","China, Household survey, Regional, Urban, Provincial, Per capita, Income, Disposable, Tianjin, CNY, YTD",None,line
"China, Household survey, Regional, Urban, Provincial, Per capita, Income, Disposable, Tibet, CNY, YTD","China, Household survey, Regional, Urban, Provincial, Per capita, Income, Disposable, Tibet, CNY, YTD",None,line
"China, Household survey, Regional, Urban, Provincial, Per capita, Income, Disposable, Xinjiang, CNY, YTD","China, Household survey, Regional, Urban, Provincial, Per capita, Income, Disposable, Xinjiang, CNY, YTD",None,line
"China, Household survey, Regional, Urban, Provincial, Per capita, Income, Disposable, Yunnan, CNY, YTD","China, Household survey, Regional, Urban, Provincial, Per capita, Income, Disposable, Yunnan, CNY, YTD",None,line
"China, Household survey, Regional, Urban, Provincial, Per capita, Income, Disposable, Zhejiang, CNY, YTD","China, Household survey, Regional, Urban, Provincial, Per capita, Income, Disposable, Zhejiang, CNY, YTD",None,line
"China, Household survey, Rural, Per capita, Expenditure, Clothing and footwear, YTD, % YoY","China, Household survey, Rural, Per capita, Expenditure, Clothing and footwear, YTD, % YoY",None,line
"China, Household survey, Rural, Per capita, Expenditure, Clothing and footwear, YTD, CNY","China, Household survey, Rural, Per capita, Expenditure, Clothing and footwear, YTD, CNY",None,line
"China, Household survey, Rural, Per capita, Expenditure, Education, culture and recreation, YTD, % YoY","China, Household survey, Rural, Per capita, Expenditure, Education, culture and recreation, YTD, % YoY",None,line
"China, Household survey, Rural, Per capita, Expenditure, Education, culture and recreation, YTD, CNY","China, Household survey, Rural, Per capita, Expenditure, Education, culture and recreation, YTD, CNY",None,line
"China, Household survey, Rural, Per capita, Expenditure, Food and tobacco, YTD, % YoY","China, Household survey, Rural, Per capita, Expenditure, Food and tobacco, YTD, % YoY",None,line
"China, Household survey, Rural, Per capita, Expenditure, Food and tobacco, YTD, CNY","China, Household survey, Rural, Per capita, Expenditure, Food and tobacco, YTD, CNY",None,line
"China, Household survey, Rural, Per capita, Expenditure, Household equipment, furnishings and services, YTD, % YoY","China, Household survey, Rural, Per capita, Expenditure, Household equipment, furnishings and services, YTD, % YoY",None,line
"China, Household survey, Rural, Per capita, Expenditure, Household equipment, furnishings and services, YTD, CNY","China, Household survey, Rural, Per capita, Expenditure, Household equipment, furnishings and services, YTD, CNY",None,line
"China, Household survey, Rural, Per capita, Expenditure, Housing, YTD, % YoY","China, Household survey, Rural, Per capita, Expenditure, Housing, YTD, % YoY",None,line
"China, Household survey, Rural, Per capita, Expenditure, Housing, YTD, CNY","China, Household survey, Rural, Per capita, Expenditure, Housing, YTD, CNY",None,line
"China, Household survey, Rural, Per capita, Expenditure, Medical, YTD, % YoY","China, Household survey, Rural, Per capita, Expenditure, Medical, YTD, % YoY",None,line
"China, Household survey, Rural, Per capita, Expenditure, Medical, YTD, CNY","China, Household survey, Rural, Per capita, Expenditure, Medical, YTD, CNY",None,line
"China, Household survey, Rural, Per capita, Expenditure, Miscellaneous, YTD, % YoY","China, Household survey, Rural, Per capita, Expenditure, Miscellaneous, YTD, % YoY",None,line
"China, Household survey, Rural, Per capita, Expenditure, Miscellaneous, YTD, CNY","China, Household survey, Rural, Per capita, Expenditure, Miscellaneous, YTD, CNY",None,line
"China, Household survey, Rural, Per capita, Expenditure, Transport and communication, YTD, % YoY","China, Household survey, Rural, Per capita, Expenditure, Transport and communication, YTD, % YoY",None,line
"China, Household survey, Rural, Per capita, Expenditure, Transport and communication, YTD, CNY","China, Household survey, Rural, Per capita, Expenditure, Transport and communication, YTD, CNY",None,line
"China, Household survey, Rural, Per capita, Expenditure, YTD, % YoY","China, Household survey, Rural, Per capita, Expenditure, YTD, % YoY",None,line
"China, Household survey, Rural, Per capita, Expenditure, YTD, CNY","China, Household survey, Rural, Per capita, Expenditure, YTD, CNY",None,line
"China, Household survey, Rural, Per capita, Income, Business, YTD, % YoY","China, Household survey, Rural, Per capita, Income, Business, YTD, % YoY",None,line
"China, Household survey, Rural, Per capita, Income, Business, YTD, CNY","China, Household survey, Rural, Per capita, Income, Business, YTD, CNY",None,line
"China, Household survey, Rural, Per capita, Income, Disposable, Median, YTD, % YoY","China, Household survey, Rural, Per capita, Income, Disposable, Median, YTD, % YoY",None,line
"China, Household survey, Rural, Per capita, Income, Disposable, Median, YTD, CNY","China, Household survey, Rural, Per capita, Income, Disposable, Median, YTD, CNY",None,line
"China, Household survey, Rural, Per capita, Income, Disposable, YTD, % YoY","China, Household survey, Rural, Per capita, Income, Disposable, YTD, % YoY",None,line
"China, Household survey, Rural, Per capita, Income, Disposable, YTD, CNY","China, Household survey, Rural, Per capita, Income, Disposable, YTD, CNY",None,line
"China, Household survey, Rural, Per capita, Income, Property, YTD, % YoY","China, Household survey, Rural, Per capita, Income, Property, YTD, % YoY",None,line
"China, Household survey, Rural, Per capita, Income, Property, YTD, CNY","China, Household survey, Rural, Per capita, Income, Property, YTD, CNY",None,line
"China, Household survey, Rural, Per capita, Income, Transfer, YTD, % YoY","China, Household survey, Rural, Per capita, Income, Transfer, YTD, % YoY",None,line
"China, Household survey, Rural, Per capita, Income, Transfer, YTD, CNY","China, Household survey, Rural, Per capita, Income, Transfer, YTD, CNY",None,line
"China, Household survey, Rural, Per capita, Income, Wages, YTD, % YoY","China, Household survey, Rural, Per capita, Income, Wages, YTD, % YoY",None,line
"China, Household survey, Rural, Per capita, Income, Wages, YTD, CNY","China, Household survey, Rural, Per capita, Income, Wages, YTD, CNY",None,line
"China, Household survey, Urban, Per capita, Expenditure, Clothing and footwear, YTD, % YoY","China, Household survey, Urban, Per capita, Expenditure, Clothing and footwear, YTD, % YoY",None,line
"China, Household survey, Urban, Per capita, Expenditure, Clothing and footwear, YTD, CNY","China, Household survey, Urban, Per capita, Expenditure, Clothing and footwear, YTD, CNY",None,line
"China, Household survey, Urban, Per capita, Expenditure, Education, culture and recreation, YTD, % YoY","China, Household survey, Urban, Per capita, Expenditure, Education, culture and recreation, YTD, % YoY",None,line
"China, Household survey, Urban, Per capita, Expenditure, Education, culture and recreation, YTD, CNY","China, Household survey, Urban, Per capita, Expenditure, Education, culture and recreation, YTD, CNY",None,line
"China, Household survey, Urban, Per capita, Expenditure, Food and tobacco, YTD, % YoY","China, Household survey, Urban, Per capita, Expenditure, Food and tobacco, YTD, % YoY",None,line
"China, Household survey, Urban, Per capita, Expenditure, Food and tobacco, YTD, CNY","China, Household survey, Urban, Per capita, Expenditure, Food and tobacco, YTD, CNY",None,line
"China, Household survey, Urban, Per capita, Expenditure, Household equipment, furnishings and services, YTD, % YoY","China, Household survey, Urban, Per capita, Expenditure, Household equipment, furnishings and services, YTD, % YoY",None,line
"China, Household survey, Urban, Per capita, Expenditure, Household equipment, furnishings and services, YTD, CNY","China, Household survey, Urban, Per capita, Expenditure, Household equipment, furnishings and services, YTD, CNY",None,line
"China, Household survey, Urban, Per capita, Expenditure, Housing, YTD, % YoY","China, Household survey, Urban, Per capita, Expenditure, Housing, YTD, % YoY",None,line
"China, Household survey, Urban, Per capita, Expenditure, Housing, YTD, CNY","China, Household survey, Urban, Per capita, Expenditure, Housing, YTD, CNY",None,line
"China, Household survey, Urban, Per capita, Expenditure, Medical, YTD, % YoY","China, Household survey, Urban, Per capita, Expenditure, Medical, YTD, % YoY",None,line
"China, Household survey, Urban, Per capita, Expenditure, Medical, YTD, CNY","China, Household survey, Urban, Per capita, Expenditure, Medical, YTD, CNY",None,line
"China, Household survey, Urban, Per capita, Expenditure, Miscellaneous, YTD, % YoY","China, Household survey, Urban, Per capita, Expenditure, Miscellaneous, YTD, % YoY",None,line
"China, Household survey, Urban, Per capita, Expenditure, Miscellaneous, YTD, CNY","China, Household survey, Urban, Per capita, Expenditure, Miscellaneous, YTD, CNY",None,line
"China, Household survey, Urban, Per capita, Expenditure, Transport and communication, YTD, % YoY","China, Household survey, Urban, Per capita, Expenditure, Transport and communication, YTD, % YoY",None,line
"China, Household survey, Urban, Per capita, Expenditure, Transport and communication, YTD, CNY","China, Household survey, Urban, Per capita, Expenditure, Transport and communication, YTD, CNY",None,line
"China, Household survey, Urban, Per capita, Expenditure, YTD, % YoY","China, Household survey, Urban, Per capita, Expenditure, YTD, % YoY",None,line
"China, Household survey, Urban, Per capita, Expenditure, YTD, CNY","China, Household survey, Urban, Per capita, Expenditure, YTD, CNY",None,line
"China, Household survey, Urban, Per capita, Income, Business, YTD, % YoY","China, Household survey, Urban, Per capita, Income, Business, YTD, % YoY",None,line
"China, Household survey, Urban, Per capita, Income, Business, YTD, CNY","China, Household survey, Urban, Per capita, Income, Business, YTD, CNY",None,line
"China, Household survey, Urban, Per capita, Income, Disposable, Median, YTD, % YoY","China, Household survey, Urban, Per capita, Income, Disposable, Median, YTD, % YoY",None,line
"China, Household survey, Urban, Per capita, Income, Disposable, Median, YTD, CNY","China, Household survey, Urban, Per capita, Income, Disposable, Median, YTD, CNY",None,line
"China, Household survey, Urban, Per capita, Income, Disposable, YTD, % YoY","China, Household survey, Urban, Per capita, Income, Disposable, YTD, % YoY",None,line
"China, Household survey, Urban, Per capita, Income, Disposable, YTD, CNY","China, Household survey, Urban, Per capita, Income, Disposable, YTD, CNY",None,line
"China, Household survey, Urban, Per capita, Income, Property, YTD, % YoY","China, Household survey, Urban, Per capita, Income, Property, YTD, % YoY",None,line
"China, Household survey, Urban, Per capita, Income, Property, YTD, CNY","China, Household survey, Urban, Per capita, Income, Property, YTD, CNY",None,line
"China, Household survey, Urban, Per capita, Income, Transfer, YTD, % YoY","China, Household survey, Urban, Per capita, Income, Transfer, YTD, % YoY",None,line
"China, Household survey, Urban, Per capita, Income, Transfer, YTD, CNY","China, Household survey, Urban, Per capita, Income, Transfer, YTD, CNY",None,line
"China, Household survey, Urban, Per capita, Income, Wages, YTD, % YoY","China, Household survey, Urban, Per capita, Income, Wages, YTD, % YoY",None,line
"China, Household survey, Urban, Per capita, Income, Wages, YTD, CNY","China, Household survey, Urban, Per capita, Income, Wages, YTD, CNY",None,line
"China, Household survey, 全国居民人均可支配收入元","China, Household survey, 全国居民人均可支配收入元",None,line
"China, Household survey, 全国居民人均可支配收入元, % YoY","China, Household survey, 全国居民人均可支配收入元, % YoY",None,line
"China, Household survey, National, Per capita, Expenditure, Clothing and footwear, CNY","China, Household survey, National, Per capita, Expenditure, Clothing and footwear, CNY",None,line
"China, Household survey, National, Per capita, Expenditure, Education, culture and recreation, CNY","China, Household survey, National, Per capita, Expenditure, Education, culture and recreation, CNY",None,line
"China, Household survey, National, Per capita, Expenditure, Food and tobacco, CNY","China, Household survey, National, Per capita, Expenditure, Food and tobacco, CNY",None,line
"China, Household survey, National, Per capita, Expenditure, Household equipment, furnishings and services, CNY","China, Household survey, National, Per capita, Expenditure, Household equipment, furnishings and services, CNY",None,line
"China, Household survey, National, Per capita, Expenditure, Housing, CNY","China, Household survey, National, Per capita, Expenditure, Housing, CNY",None,line
"China, Household survey, National, Per capita, Expenditure, Medical, CNY","China, Household survey, National, Per capita, Expenditure, Medical, CNY",None,line
"China, Household survey, National, Per capita, Expenditure, Miscellaneous, CNY","China, Household survey, National, Per capita, Expenditure, Miscellaneous, CNY",None,line
"China, Household survey, National, Per capita, Expenditure, Transport and communication, CNY","China, Household survey, National, Per capita, Expenditure, Transport and communication, CNY",None,line
"China, Household survey, National, Per capita, Expenditure, CNY","China, Household survey, National, Per capita, Expenditure, CNY",None,line
"China, Household survey, National, Per capita, Income, Business, CNY","China, Household survey, National, Per capita, Income, Business, CNY",None,line
"China, Household survey, National, Per capita, Income, Disposable, Median, CNY","China, Household survey, National, Per capita, Income, Disposable, Median, CNY",None,line
"China, Household survey, National, Per capita, Income, Disposable, CNY","China, Household survey, National, Per capita, Income, Disposable, CNY",None,line
"China, Household survey, National, Per capita, Income, Property, CNY","China, Household survey, National, Per capita, Income, Property, CNY",None,line
"China, Household survey, National, Per capita, Income, Transfer, CNY","China, Household survey, National, Per capita, Income, Transfer, CNY",None,line
"China, Household survey, National, Per capita, Income, Wages, CNY","China, Household survey, National, Per capita, Income, Wages, CNY",None,line
"China, Household survey, Rural, Per capita, Expenditure, Clothing and footwear, CNY","China, Household survey, Rural, Per capita, Expenditure, Clothing and footwear, CNY",None,line
"China, Household survey, Rural, Per capita, Expenditure, Education, culture and recreation, CNY","China, Household survey, Rural, Per capita, Expenditure, Education, culture and recreation, CNY",None,line
"China, Household survey, Rural, Per capita, Expenditure, Food and tobacco, CNY","China, Household survey, Rural, Per capita, Expenditure, Food and tobacco, CNY",None,line
"China, Household survey, Rural, Per capita, Expenditure, Household equipment, furnishings and services, CNY","China, Household survey, Rural, Per capita, Expenditure, Household equipment, furnishings and services, CNY",None,line
"China, Household survey, Rural, Per capita, Expenditure, Housing, CNY","China, Household survey, Rural, Per capita, Expenditure, Housing, CNY",None,line
"China, Household survey, Rural, Per capita, Expenditure, Medical, CNY","China, Household survey, Rural, Per capita, Expenditure, Medical, CNY",None,line
"China, Household survey, Rural, Per capita, Expenditure, Miscellaneous, CNY","China, Household survey, Rural, Per capita, Expenditure, Miscellaneous, CNY",None,line
"China, Household survey, Rural, Per capita, Expenditure, Transport and communication, CNY","China, Household survey, Rural, Per capita, Expenditure, Transport and communication, CNY",None,line
"China, Household survey, Rural, Per capita, Expenditure, CNY","China, Household survey, Rural, Per capita, Expenditure, CNY",None,line
"China, Household survey, Rural, Per capita, Income, Business, CNY","China, Household survey, Rural, Per capita, Income, Business, CNY",None,line
"China, Household survey, Rural, Per capita, Income, Disposable, Median, CNY","China, Household survey, Rural, Per capita, Income, Disposable, Median, CNY",None,line
"China, Household survey, Rural, Per capita, Income, Disposable, CNY","China, Household survey, Rural, Per capita, Income, Disposable, CNY",None,line
"China, Household survey, Rural, Per capita, Income, Property, CNY","China, Household survey, Rural, Per capita, Income, Property, CNY",None,line
"China, Household survey, Rural, Per capita, Income, Transfer, CNY","China, Household survey, Rural, Per capita, Income, Transfer, CNY",None,line
"China, Household survey, Rural, Per capita, Income, Wages, CNY","China, Household survey, Rural, Per capita, Income, Wages, CNY",None,line
"China, Household survey, Urban, Per capita, Expenditure, Clothing and footwear, CNY","China, Household survey, Urban, Per capita, Expenditure, Clothing and footwear, CNY",None,line
"China, Household survey, Urban, Per capita, Expenditure, Education, culture and recreation, CNY","China, Household survey, Urban, Per capita, Expenditure, Education, culture and recreation, CNY",None,line
"China, Household survey, Urban, Per capita, Expenditure, Food and tobacco, CNY","China, Household survey, Urban, Per capita, Expenditure, Food and tobacco, CNY",None,line
"China, Household survey, Urban, Per capita, Expenditure, Household equipment, furnishings and services, CNY","China, Household survey, Urban, Per capita, Expenditure, Household equipment, furnishings and services, CNY",None,line
"China, Household survey, Urban, Per capita, Expenditure, Housing, CNY","China, Household survey, Urban, Per capita, Expenditure, Housing, CNY",None,line
"China, Household survey, Urban, Per capita, Expenditure, Medical, CNY","China, Household survey, Urban, Per capita, Expenditure, Medical, CNY",None,line
"China, Household survey, Urban, Per capita, Expenditure, Miscellaneous, CNY","China, Household survey, Urban, Per capita, Expenditure, Miscellaneous, CNY",None,line
"China, Household survey, Urban, Per capita, Expenditure, Transport and communication, CNY","China, Household survey, Urban, Per capita, Expenditure, Transport and communication, CNY",None,line
"China, Household survey, Urban, Per capita, Expenditure, CNY","China, Household survey, Urban, Per capita, Expenditure, CNY",None,line
"China, Household survey, Urban, Per capita, Income, Business, CNY","China, Household survey, Urban, Per capita, Income, Business, CNY",None,line
"China, Household survey, Urban, Per capita, Income, Disposable, Median, CNY","China, Household survey, Urban, Per capita, Income, Disposable, Median, CNY",None,line
"China, Household survey, Urban, Per capita, Income, Disposable, CNY","China, Household survey, Urban, Per capita, Income, Disposable, CNY",None,line
"China, Household survey, Urban, Per capita, Income, Property, CNY","China, Household survey, Urban, Per capita, Income, Property, CNY",None,line
"China, Household survey, Urban, Per capita, Income, Transfer, CNY","China, Household survey, Urban, Per capita, Income, Transfer, CNY",None,line
"China, Household survey, Urban, Per capita, Income, Wages, CNY","China, Household survey, Urban, Per capita, Income, Wages, CNY",None,line
"China, Household survey, National, Per capita, Expenditure, Clothing and footwear, % YoY","China, Household survey, National, Per capita, Expenditure, Clothing and footwear, % YoY",None,line
"China, Household survey, National, Per capita, Expenditure, Education, culture and recreation, % YoY","China, Household survey, National, Per capita, Expenditure, Education, culture and recreation, % YoY",None,line
"China, Household survey, National, Per capita, Expenditure, Food and tobacco, % YoY","China, Household survey, National, Per capita, Expenditure, Food and tobacco, % YoY",None,line
"China, Household survey, National, Per capita, Expenditure, Household equipment, furnishings and services, % YoY","China, Household survey, National, Per capita, Expenditure, Household equipment, furnishings and services, % YoY",None,line
"China, Household survey, National, Per capita, Expenditure, Housing, % YoY","China, Household survey, National, Per capita, Expenditure, Housing, % YoY",None,line
"China, Household survey, National, Per capita, Expenditure, Medical, % YoY","China, Household survey, National, Per capita, Expenditure, Medical, % YoY",None,line
"China, Household survey, National, Per capita, Expenditure, Miscellaneous, % YoY","China, Household survey, National, Per capita, Expenditure, Miscellaneous, % YoY",None,line
"China, Household survey, National, Per capita, Expenditure, Transport and communication, % YoY","China, Household survey, National, Per capita, Expenditure, Transport and communication, % YoY",None,line
"China, Household survey, National, Per capita, Expenditure, % YoY","China, Household survey, National, Per capita, Expenditure, % YoY",None,line
"China, Household survey, National, Per capita, Income, Business, % YoY","China, Household survey, National, Per capita, Income, Business, % YoY",None,line
"China, Household survey, National, Per capita, Income, Disposable, Median, % YoY","China, Household survey, National, Per capita, Income, Disposable, Median, % YoY",None,line
"China, Household survey, National, Per capita, Income, Disposable, % YoY","China, Household survey, National, Per capita, Income, Disposable, % YoY",None,line
"China, Household survey, National, Per capita, Income, Property, % YoY","China, Household survey, National, Per capita, Income, Property, % YoY",None,line
"China, Household survey, National, Per capita, Income, Transfer, % YoY","China, Household survey, National, Per capita, Income, Transfer, % YoY",None,line
"China, Household survey, National, Per capita, Income, Wages, % YoY","China, Household survey, National, Per capita, Income, Wages, % YoY",None,line
"China, Household survey, Rural, Per capita, Expenditure, Clothing and footwear, % YoY","China, Household survey, Rural, Per capita, Expenditure, Clothing and footwear, % YoY",None,line
"China, Household survey, Rural, Per capita, Expenditure, Education, culture and recreation, % YoY","China, Household survey, Rural, Per capita, Expenditure, Education, culture and recreation, % YoY",None,line
"China, Household survey, Rural, Per capita, Expenditure, Food and tobacco, % YoY","China, Household survey, Rural, Per capita, Expenditure, Food and tobacco, % YoY",None,line
"China, Household survey, Rural, Per capita, Expenditure, Household equipment, furnishings and services, % YoY","China, Household survey, Rural, Per capita, Expenditure, Household equipment, furnishings and services, % YoY",None,line
"China, Household survey, Rural, Per capita, Expenditure, Housing, % YoY","China, Household survey, Rural, Per capita, Expenditure, Housing, % YoY",None,line
"China, Household survey, Rural, Per capita, Expenditure, Medical, % YoY","China, Household survey, Rural, Per capita, Expenditure, Medical, % YoY",None,line
"China, Household survey, Rural, Per capita, Expenditure, Miscellaneous, % YoY","China, Household survey, Rural, Per capita, Expenditure, Miscellaneous, % YoY",None,line
"China, Household survey, Rural, Per capita, Expenditure, Transport and communication, % YoY","China, Household survey, Rural, Per capita, Expenditure, Transport and communication, % YoY",None,line
"China, Household survey, Rural, Per capita, Expenditure, % YoY","China, Household survey, Rural, Per capita, Expenditure, % YoY",None,line
"China, Household survey, Rural, Per capita, Income, Business, % YoY","China, Household survey, Rural, Per capita, Income, Business, % YoY",None,line
"China, Household survey, Rural, Per capita, Income, Disposable, Median, % YoY","China, Household survey, Rural, Per capita, Income, Disposable, Median, % YoY",None,line
"China, Household survey, Rural, Per capita, Income, Disposable, % YoY","China, Household survey, Rural, Per capita, Income, Disposable, % YoY",None,line
"China, Household survey, Rural, Per capita, Income, Property, % YoY","China, Household survey, Rural, Per capita, Income, Property, % YoY",None,line
"China, Household survey, Rural, Per capita, Income, Transfer, % YoY","China, Household survey, Rural, Per capita, Income, Transfer, % YoY",None,line
"China, Household survey, Rural, Per capita, Income, Wages, % YoY","China, Household survey, Rural, Per capita, Income, Wages, % YoY",None,line
"China, Household survey, Urban, Per capita, Expenditure, Clothing and footwear, % YoY","China, Household survey, Urban, Per capita, Expenditure, Clothing and footwear, % YoY",None,line
"China, Household survey, Urban, Per capita, Expenditure, Education, culture and recreation, % YoY","China, Household survey, Urban, Per capita, Expenditure, Education, culture and recreation, % YoY",None,line
"China, Household survey, Urban, Per capita, Expenditure, Food and tobacco, % YoY","China, Household survey, Urban, Per capita, Expenditure, Food and tobacco, % YoY",None,line
"China, Household survey, Urban, Per capita, Expenditure, Household equipment, furnishings and services, % YoY","China, Household survey, Urban, Per capita, Expenditure, Household equipment, furnishings and services, % YoY",None,line
"China, Household survey, Urban, Per capita, Expenditure, Housing, % YoY","China, Household survey, Urban, Per capita, Expenditure, Housing, % YoY",None,line
"China, Household survey, Urban, Per capita, Expenditure, Medical, % YoY","China, Household survey, Urban, Per capita, Expenditure, Medical, % YoY",None,line
"China, Household survey, Urban, Per capita, Expenditure, Miscellaneous, % YoY","China, Household survey, Urban, Per capita, Expenditure, Miscellaneous, % YoY",None,line
"China, Household survey, Urban, Per capita, Expenditure, Transport and communication, % YoY","China, Household survey, Urban, Per capita, Expenditure, Transport and communication, % YoY",None,line
"China, Household survey, Urban, Per capita, Expenditure, % YoY","China, Household survey, Urban, Per capita, Expenditure, % YoY",None,line
"China, Household survey, Urban, Per capita, Income, Business, % YoY","China, Household survey, Urban, Per capita, Income, Business, % YoY",None,line
"China, Household survey, Urban, Per capita, Income, Disposable, Median, % YoY","China, Household survey, Urban, Per capita, Income, Disposable, Median, % YoY",None,line
"China, Household survey, Urban, Per capita, Income, Disposable, % YoY","China, Household survey, Urban, Per capita, Income, Disposable, % YoY",None,line
"China, Household survey, Urban, Per capita, Income, Property, % YoY","China, Household survey, Urban, Per capita, Income, Property, % YoY",None,line
"China, Household survey, Urban, Per capita, Income, Transfer, % YoY","China, Household survey, Urban, Per capita, Income, Transfer, % YoY",None,line
"China, Household survey, Urban, Per capita, Income, Wages, % YoY","China, Household survey, Urban, Per capita, Income, Wages, % YoY",None,line
"China, Household survey, Migrant workers, Income, % YoY","China, Household survey, Migrant workers, Income, % YoY",None,line
"China, Household survey, Urban, Per capita, Expenditure, SA, CNY","China, Household survey, Urban, Per capita, Expenditure, SA, CNY",None,line
"China, Household survey, Urban, Per capita, Income, Disposable, SA, CNY","China, Household survey, Urban, Per capita, Income, Disposable, SA, CNY",None,line
"China, Household survey, Rural, Per capita, Income, Disposable, SA, CNY","China, Household survey, Rural, Per capita, Income, Disposable, SA, CNY",None,line
"China, Household survey, Rural, Per capita, Expenditure, SA, CNY","China, Household survey, Rural, Per capita, Expenditure, SA, CNY",None,line
"China, Household survey, National, Per capita, Income, Disposable, SA, CNY","China, Household survey, National, Per capita, Income, Disposable, SA, CNY",None,line
"China, Household survey, National, Per capita, Expenditure, SA, CNY","China, Household survey, National, Per capita, Expenditure, SA, CNY",None,line
"China, Household survey, National, Per capita, Income, Wages, SA, CNY","China, Household survey, National, Per capita, Income, Wages, SA, CNY",None,line
"China, Household survey, National, Per capita, Income, Business, SA, CNY","China, Household survey, National, Per capita, Income, Business, SA, CNY",None,line
"China, Household survey, National, Per capita, Income, Property, SA, CNY","China, Household survey, National, Per capita, Income, Property, SA, CNY",None,line
"China, Household survey, National, Per capita, Income, Transfer, SA, CNY","China, Household survey, National, Per capita, Income, Transfer, SA, CNY",None,line
"China, Household survey, National, Aggregate, Income, Disposable, CNY bn","China, Household survey, National, Aggregate, Income, Disposable, CNY bn",None,line
"China, Household survey, National, Aggregate, Income, Disposable, SA, CNY bn","China, Household survey, National, Aggregate, Income, Disposable, SA, CNY bn",None,line
"China, Household survey, Rural and urban, Aggregate, Income, Disposable, CNY bn","China, Household survey, Rural and urban, Aggregate, Income, Disposable, CNY bn",None,line
"China, Household survey, Rural and urban, Aggregate, Income, Disposable, SA, CNY bn","China, Household survey, Rural and urban, Aggregate, Income, Disposable, SA, CNY bn",None,line
"China, Household survey, National, Aggregate, Expenditure, Medical, CNY bn","China, Household survey, National, Aggregate, Expenditure, Medical, CNY bn",None,line
"China, Household survey, National, Aggregate, Expenditure, Education, culture and recreation, CNY bn","China, Household survey, National, Aggregate, Expenditure, Education, culture and recreation, CNY bn",None,line
"China, Household survey, National, Aggregate, Expenditure, Transport and communication, CNY bn","China, Household survey, National, Aggregate, Expenditure, Transport and communication, CNY bn",None,line
"China, Household survey, National, Aggregate, Expenditure, Clothing and footwear, CNY bn","China, Household survey, National, Aggregate, Expenditure, Clothing and footwear, CNY bn",None,line
"China, Household survey, National, Aggregate, Expenditure, Food and tobacco, CNY bn","China, Household survey, National, Aggregate, Expenditure, Food and tobacco, CNY bn",None,line
"China, Household survey, National, Aggregate, Expenditure, Household equipment, furnishings and services, CNY bn","China, Household survey, National, Aggregate, Expenditure, Household equipment, furnishings and services, CNY bn",None,line
"China, Household survey, National, Aggregate, Expenditure, Miscellaneous, CNY bn","China, Household survey, National, Aggregate, Expenditure, Miscellaneous, CNY bn",None,line
"China, Household survey, National, Aggregate, Expenditure, Housing, CNY bn","China, Household survey, National, Aggregate, Expenditure, Housing, CNY bn",None,line
"China, Household survey, National, Aggregate, Expenditure, CNY bn","China, Household survey, National, Aggregate, Expenditure, CNY bn",None,line
"China, Household survey, National, Aggregate, Expenditure, SA, CNY bn","China, Household survey, National, Aggregate, Expenditure, SA, CNY bn",None,line
"China, Household survey, Rural and urban, Aggregate, Expenditure, CNY bn","China, Household survey, Rural and urban, Aggregate, Expenditure, CNY bn",None,line
"China, Household survey, Rural and urban, Aggregate, Expenditure, SA, CNY bn","China, Household survey, Rural and urban, Aggregate, Expenditure, SA, CNY bn",None,line
"China, Household survey, National, Aggregate, Income, Disposable, % YoY","China, Household survey, National, Aggregate, Income, Disposable, % YoY",None,line
"China, Household survey, National, Aggregate, Income, Disposable, SA, % YoY","China, Household survey, National, Aggregate, Income, Disposable, SA, % YoY",None,line
"China, Household survey, Rural and urban, Aggregate, Income, Disposable, % YoY","China, Household survey, Rural and urban, Aggregate, Income, Disposable, % YoY",None,line
"China, Household survey, Rural and urban, Aggregate, Income, Disposable, SA, % YoY","China, Household survey, Rural and urban, Aggregate, Income, Disposable, SA, % YoY",None,line
"China, Household survey, National, Aggregate, Expenditure, Medical, % YoY","China, Household survey, National, Aggregate, Expenditure, Medical, % YoY",None,line
"China, Household survey, National, Aggregate, Expenditure, Education, culture and recreation, % YoY","China, Household survey, National, Aggregate, Expenditure, Education, culture and recreation, % YoY",None,line
"China, Household survey, National, Aggregate, Expenditure, Transport and communication, % YoY","China, Household survey, National, Aggregate, Expenditure, Transport and communication, % YoY",None,line
"China, Household survey, National, Aggregate, Expenditure, Clothing and footwear, % YoY","China, Household survey, National, Aggregate, Expenditure, Clothing and footwear, % YoY",None,line
"China, Household survey, National, Aggregate, Expenditure, Food and tobacco, % YoY","China, Household survey, National, Aggregate, Expenditure, Food and tobacco, % YoY",None,line
"China, Household survey, National, Aggregate, Expenditure, Household equipment, furnishings and services, % YoY","China, Household survey, National, Aggregate, Expenditure, Household equipment, furnishings and services, % YoY",None,line
"China, Household survey, National, Aggregate, Expenditure, Miscellaneous, % YoY","China, Household survey, National, Aggregate, Expenditure, Miscellaneous, % YoY",None,line
"China, Household survey, National, Aggregate, Expenditure, Housing, % YoY","China, Household survey, National, Aggregate, Expenditure, Housing, % YoY",None,line
"China, Household survey, National, Aggregate, Expenditure, % YoY","China, Household survey, National, Aggregate, Expenditure, % YoY",None,line
"China, Household survey, National, Aggregate, Expenditure, SA, % YoY","China, Household survey, National, Aggregate, Expenditure, SA, % YoY",None,line
"China, Household survey, Rural and urban, Aggregate, Expenditure, % YoY","China, Household survey, Rural and urban, Aggregate, Expenditure, % YoY",None,line
"China, Household survey, Rural and urban, Aggregate, Expenditure, SA, % YoY","China, Household survey, Rural and urban, Aggregate, Expenditure, SA, % YoY",None,line
"China, Household survey, Migrant workers, Income, Volume, CNY","China, Household survey, Migrant workers, Income, Volume, CNY",None,line
"China, Household survey, National, Per capita, Expenditure, Clothing and footwear, YTD, Volume, CNY","China, Household survey, National, Per capita, Expenditure, Clothing and footwear, YTD, Volume, CNY",None,line
"China, Household survey, National, Per capita, Expenditure, Education, culture and recreation, YTD, Volume, CNY","China, Household survey, National, Per capita, Expenditure, Education, culture and recreation, YTD, Volume, CNY",None,line
"China, Household survey, National, Per capita, Expenditure, Food and tobacco, YTD, Volume, CNY","China, Household survey, National, Per capita, Expenditure, Food and tobacco, YTD, Volume, CNY",None,line
"China, Household survey, National, Per capita, Expenditure, Household equipment, furnishings and services, YTD, Volume, CNY","China, Household survey, National, Per capita, Expenditure, Household equipment, furnishings and services, YTD, Volume, CNY",None,line
"China, Household survey, National, Per capita, Expenditure, Housing, YTD, Volume, CNY","China, Household survey, National, Per capita, Expenditure, Housing, YTD, Volume, CNY",None,line
"China, Household survey, National, Per capita, Expenditure, Medical, YTD, Volume, CNY","China, Household survey, National, Per capita, Expenditure, Medical, YTD, Volume, CNY",None,line
"China, Household survey, National, Per capita, Expenditure, Miscellaneous, YTD, Volume, CNY","China, Household survey, National, Per capita, Expenditure, Miscellaneous, YTD, Volume, CNY",None,line
"China, Household survey, National, Per capita, Expenditure, Transport and communication, YTD, Volume, CNY","China, Household survey, National, Per capita, Expenditure, Transport and communication, YTD, Volume, CNY",None,line
"China, Household survey, National, Per capita, Expenditure, YTD, Volume, CNY","China, Household survey, National, Per capita, Expenditure, YTD, Volume, CNY",None,line
"China, Household survey, National, Per capita, Income, Business, YTD, Volume, CNY","China, Household survey, National, Per capita, Income, Business, YTD, Volume, CNY",None,line
"China, Household survey, National, Per capita, Income, Disposable, Median, YTD, Volume, CNY","China, Household survey, National, Per capita, Income, Disposable, Median, YTD, Volume, CNY",None,line
"China, Household survey, National, Per capita, Income, Disposable, YTD, Volume, CNY","China, Household survey, National, Per capita, Income, Disposable, YTD, Volume, CNY",None,line
"China, Household survey, National, Per capita, Income, Property, YTD, Volume, CNY","China, Household survey, National, Per capita, Income, Property, YTD, Volume, CNY",None,line
"China, Household survey, National, Per capita, Income, Transfer, YTD, Volume, CNY","China, Household survey, National, Per capita, Income, Transfer, YTD, Volume, CNY",None,line
"China, Household survey, National, Per capita, Income, Wages, YTD, Volume, CNY","China, Household survey, National, Per capita, Income, Wages, YTD, Volume, CNY",None,line
"China, Household survey, Regional, Rural, Provincial, Per capita, Expenditure, Anhui, Volume, CNY, YTD","China, Household survey, Regional, Rural, Provincial, Per capita, Expenditure, Anhui, Volume, CNY, YTD",None,line
"China, Household survey, Regional, Rural, Provincial, Per capita, Expenditure, Beijing, Volume, CNY, YTD","China, Household survey, Regional, Rural, Provincial, Per capita, Expenditure, Beijing, Volume, CNY, YTD",None,line
"China, Household survey, Regional, Rural, Provincial, Per capita, Expenditure, Chongqing, Volume, CNY, YTD","China, Household survey, Regional, Rural, Provincial, Per capita, Expenditure, Chongqing, Volume, CNY, YTD",None,line
"China, Household survey, Regional, Rural, Provincial, Per capita, Expenditure, Fujian, Volume, CNY, YTD","China, Household survey, Regional, Rural, Provincial, Per capita, Expenditure, Fujian, Volume, CNY, YTD",None,line
"China, Household survey, Regional, Rural, Provincial, Per capita, Expenditure, Gansu, Volume, CNY, YTD","China, Household survey, Regional, Rural, Provincial, Per capita, Expenditure, Gansu, Volume, CNY, YTD",None,line
"China, Household survey, Regional, Rural, Provincial, Per capita, Expenditure, Guangdong, Volume, CNY, YTD","China, Household survey, Regional, Rural, Provincial, Per capita, Expenditure, Guangdong, Volume, CNY, YTD",None,line
"China, Household survey, Regional, Rural, Provincial, Per capita, Expenditure, Guangxi, Volume, CNY, YTD","China, Household survey, Regional, Rural, Provincial, Per capita, Expenditure, Guangxi, Volume, CNY, YTD",None,line
"China, Household survey, Regional, Rural, Provincial, Per capita, Expenditure, Guizhou, Volume, CNY, YTD","China, Household survey, Regional, Rural, Provincial, Per capita, Expenditure, Guizhou, Volume, CNY, YTD",None,line
"China, Household survey, Regional, Rural, Provincial, Per capita, Expenditure, Hainan, Volume, CNY, YTD","China, Household survey, Regional, Rural, Provincial, Per capita, Expenditure, Hainan, Volume, CNY, YTD",None,line
"China, Household survey, Regional, Rural, Provincial, Per capita, Expenditure, Hebei, Volume, CNY, YTD","China, Household survey, Regional, Rural, Provincial, Per capita, Expenditure, Hebei, Volume, CNY, YTD",None,line
"China, Household survey, Regional, Rural, Provincial, Per capita, Expenditure, Heilongjiang, Volume, CNY, YTD","China, Household survey, Regional, Rural, Provincial, Per capita, Expenditure, Heilongjiang, Volume, CNY, YTD",None,line
"China, Household survey, Regional, Rural, Provincial, Per capita, Expenditure, Henan, Volume, CNY, YTD","China, Household survey, Regional, Rural, Provincial, Per capita, Expenditure, Henan, Volume, CNY, YTD",None,line
"China, Household survey, Regional, Rural, Provincial, Per capita, Expenditure, Hubei, Volume, CNY, YTD","China, Household survey, Regional, Rural, Provincial, Per capita, Expenditure, Hubei, Volume, CNY, YTD",None,line
"China, Household survey, Regional, Rural, Provincial, Per capita, Expenditure, Hunan, Volume, CNY, YTD","China, Household survey, Regional, Rural, Provincial, Per capita, Expenditure, Hunan, Volume, CNY, YTD",None,line
"China, Household survey, Regional, Rural, Provincial, Per capita, Expenditure, Inner Mongolia, Volume, CNY, YTD","China, Household survey, Regional, Rural, Provincial, Per capita, Expenditure, Inner Mongolia, Volume, CNY, YTD",None,line
"China, Household survey, Regional, Rural, Provincial, Per capita, Expenditure, Jiangsu, Volume, CNY, YTD","China, Household survey, Regional, Rural, Provincial, Per capita, Expenditure, Jiangsu, Volume, CNY, YTD",None,line
"China, Household survey, Regional, Rural, Provincial, Per capita, Expenditure, Jiangxi, Volume, CNY, YTD","China, Household survey, Regional, Rural, Provincial, Per capita, Expenditure, Jiangxi, Volume, CNY, YTD",None,line
"China, Household survey, Regional, Rural, Provincial, Per capita, Expenditure, Jilin, Volume, CNY, YTD","China, Household survey, Regional, Rural, Provincial, Per capita, Expenditure, Jilin, Volume, CNY, YTD",None,line
"China, Household survey, Regional, Rural, Provincial, Per capita, Expenditure, Liaoning, Volume, CNY, YTD","China, Household survey, Regional, Rural, Provincial, Per capita, Expenditure, Liaoning, Volume, CNY, YTD",None,line
"China, Household survey, Regional, Rural, Provincial, Per capita, Expenditure, Ningxia, Volume, CNY, YTD","China, Household survey, Regional, Rural, Provincial, Per capita, Expenditure, Ningxia, Volume, CNY, YTD",None,line
"China, Household survey, Regional, Rural, Provincial, Per capita, Expenditure, Qinghai, Volume, CNY, YTD","China, Household survey, Regional, Rural, Provincial, Per capita, Expenditure, Qinghai, Volume, CNY, YTD",None,line
"China, Household survey, Regional, Rural, Provincial, Per capita, Expenditure, Shaanxi, Volume, CNY, YTD","China, Household survey, Regional, Rural, Provincial, Per capita, Expenditure, Shaanxi, Volume, CNY, YTD",None,line
"China, Household survey, Regional, Rural, Provincial, Per capita, Expenditure, Shandong, Volume, CNY, YTD","China, Household survey, Regional, Rural, Provincial, Per capita, Expenditure, Shandong, Volume, CNY, YTD",None,line
"China, Household survey, Regional, Rural, Provincial, Per capita, Expenditure, Shanghai, Volume, CNY, YTD","China, Household survey, Regional, Rural, Provincial, Per capita, Expenditure, Shanghai, Volume, CNY, YTD",None,line
"China, Household survey, Regional, Rural, Provincial, Per capita, Expenditure, Shanxi, Volume, CNY, YTD","China, Household survey, Regional, Rural, Provincial, Per capita, Expenditure, Shanxi, Volume, CNY, YTD",None,line
"China, Household survey, Regional, Rural, Provincial, Per capita, Expenditure, Sichuan, Volume, CNY, YTD","China, Household survey, Regional, Rural, Provincial, Per capita, Expenditure, Sichuan, Volume, CNY, YTD",None,line
"China, Household survey, Regional, Rural, Provincial, Per capita, Expenditure, Tianjin, Volume, CNY, YTD","China, Household survey, Regional, Rural, Provincial, Per capita, Expenditure, Tianjin, Volume, CNY, YTD",None,line
"China, Household survey, Regional, Rural, Provincial, Per capita, Expenditure, Tibet, Volume, CNY, YTD","China, Household survey, Regional, Rural, Provincial, Per capita, Expenditure, Tibet, Volume, CNY, YTD",None,line
"China, Household survey, Regional, Rural, Provincial, Per capita, Expenditure, Xinjiang, Volume, CNY, YTD","China, Household survey, Regional, Rural, Provincial, Per capita, Expenditure, Xinjiang, Volume, CNY, YTD",None,line
"China, Household survey, Regional, Rural, Provincial, Per capita, Expenditure, Yunnan, Volume, CNY, YTD","China, Household survey, Regional, Rural, Provincial, Per capita, Expenditure, Yunnan, Volume, CNY, YTD",None,line
"China, Household survey, Regional, Rural, Provincial, Per capita, Expenditure, Zhejiang, Volume, CNY, YTD","China, Household survey, Regional, Rural, Provincial, Per capita, Expenditure, Zhejiang, Volume, CNY, YTD",None,line
"China, Household survey, Regional, Rural, Provincial, Per capita, Income, Disposable, Anhui, Volume, CNY, YTD","China, Household survey, Regional, Rural, Provincial, Per capita, Income, Disposable, Anhui, Volume, CNY, YTD",None,line
"China, Household survey, Regional, Rural, Provincial, Per capita, Income, Disposable, Beijing, Volume, CNY, YTD","China, Household survey, Regional, Rural, Provincial, Per capita, Income, Disposable, Beijing, Volume, CNY, YTD",None,line
"China, Household survey, Regional, Rural, Provincial, Per capita, Income, Disposable, Chongqing, Volume, CNY, YTD","China, Household survey, Regional, Rural, Provincial, Per capita, Income, Disposable, Chongqing, Volume, CNY, YTD",None,line
"China, Household survey, Regional, Rural, Provincial, Per capita, Income, Disposable, Fujian, Volume, CNY, YTD","China, Household survey, Regional, Rural, Provincial, Per capita, Income, Disposable, Fujian, Volume, CNY, YTD",None,line
"China, Household survey, Regional, Rural, Provincial, Per capita, Income, Disposable, Gansu, Volume, CNY, YTD","China, Household survey, Regional, Rural, Provincial, Per capita, Income, Disposable, Gansu, Volume, CNY, YTD",None,line
"China, Household survey, Regional, Rural, Provincial, Per capita, Income, Disposable, Guangdong, Volume, CNY, YTD","China, Household survey, Regional, Rural, Provincial, Per capita, Income, Disposable, Guangdong, Volume, CNY, YTD",None,line
"China, Household survey, Regional, Rural, Provincial, Per capita, Income, Disposable, Guangxi, Volume, CNY, YTD","China, Household survey, Regional, Rural, Provincial, Per capita, Income, Disposable, Guangxi, Volume, CNY, YTD",None,line
"China, Household survey, Regional, Rural, Provincial, Per capita, Income, Disposable, Guizhou, Volume, CNY, YTD","China, Household survey, Regional, Rural, Provincial, Per capita, Income, Disposable, Guizhou, Volume, CNY, YTD",None,line
"China, Household survey, Regional, Rural, Provincial, Per capita, Income, Disposable, Hainan, Volume, CNY, YTD","China, Household survey, Regional, Rural, Provincial, Per capita, Income, Disposable, Hainan, Volume, CNY, YTD",None,line
"China, Household survey, Regional, Rural, Provincial, Per capita, Income, Disposable, Hebei, Volume, CNY, YTD","China, Household survey, Regional, Rural, Provincial, Per capita, Income, Disposable, Hebei, Volume, CNY, YTD",None,line
"China, Household survey, Regional, Rural, Provincial, Per capita, Income, Disposable, Heilongjiang, Volume, CNY, YTD","China, Household survey, Regional, Rural, Provincial, Per capita, Income, Disposable, Heilongjiang, Volume, CNY, YTD",None,line
"China, Household survey, Regional, Rural, Provincial, Per capita, Income, Disposable, Henan, Volume, CNY, YTD","China, Household survey, Regional, Rural, Provincial, Per capita, Income, Disposable, Henan, Volume, CNY, YTD",None,line
"China, Household survey, Regional, Rural, Provincial, Per capita, Income, Disposable, Hubei, Volume, CNY, YTD","China, Household survey, Regional, Rural, Provincial, Per capita, Income, Disposable, Hubei, Volume, CNY, YTD",None,line
"China, Household survey, Regional, Rural, Provincial, Per capita, Income, Disposable, Hunan, Volume, CNY, YTD","China, Household survey, Regional, Rural, Provincial, Per capita, Income, Disposable, Hunan, Volume, CNY, YTD",None,line
"China, Household survey, Regional, Rural, Provincial, Per capita, Income, Disposable, Inner Mongolia, Volume, CNY, YTD","China, Household survey, Regional, Rural, Provincial, Per capita, Income, Disposable, Inner Mongolia, Volume, CNY, YTD",None,line
"China, Household survey, Regional, Rural, Provincial, Per capita, Income, Disposable, Jiangsu, Volume, CNY, YTD","China, Household survey, Regional, Rural, Provincial, Per capita, Income, Disposable, Jiangsu, Volume, CNY, YTD",None,line
"China, Household survey, Regional, Rural, Provincial, Per capita, Income, Disposable, Jiangxi, Volume, CNY, YTD","China, Household survey, Regional, Rural, Provincial, Per capita, Income, Disposable, Jiangxi, Volume, CNY, YTD",None,line
"China, Household survey, Regional, Rural, Provincial, Per capita, Income, Disposable, Jilin, Volume, CNY, YTD","China, Household survey, Regional, Rural, Provincial, Per capita, Income, Disposable, Jilin, Volume, CNY, YTD",None,line
"China, Household survey, Regional, Rural, Provincial, Per capita, Income, Disposable, Liaoning, Volume, CNY, YTD","China, Household survey, Regional, Rural, Provincial, Per capita, Income, Disposable, Liaoning, Volume, CNY, YTD",None,line
"China, Household survey, Regional, Rural, Provincial, Per capita, Income, Disposable, Ningxia, Volume, CNY, YTD","China, Household survey, Regional, Rural, Provincial, Per capita, Income, Disposable, Ningxia, Volume, CNY, YTD",None,line
"China, Household survey, Regional, Rural, Provincial, Per capita, Income, Disposable, Qinghai, Volume, CNY, YTD","China, Household survey, Regional, Rural, Provincial, Per capita, Income, Disposable, Qinghai, Volume, CNY, YTD",None,line
"China, Household survey, Regional, Rural, Provincial, Per capita, Income, Disposable, Shaanxi, Volume, CNY, YTD","China, Household survey, Regional, Rural, Provincial, Per capita, Income, Disposable, Shaanxi, Volume, CNY, YTD",None,line
"China, Household survey, Regional, Rural, Provincial, Per capita, Income, Disposable, Shandong, Volume, CNY, YTD","China, Household survey, Regional, Rural, Provincial, Per capita, Income, Disposable, Shandong, Volume, CNY, YTD",None,line
"China, Household survey, Regional, Rural, Provincial, Per capita, Income, Disposable, Shanghai, Volume, CNY, YTD","China, Household survey, Regional, Rural, Provincial, Per capita, Income, Disposable, Shanghai, Volume, CNY, YTD",None,line
"China, Household survey, Regional, Rural, Provincial, Per capita, Income, Disposable, Shanxi, Volume, CNY, YTD","China, Household survey, Regional, Rural, Provincial, Per capita, Income, Disposable, Shanxi, Volume, CNY, YTD",None,line
"China, Household survey, Regional, Rural, Provincial, Per capita, Income, Disposable, Sichuan, Volume, CNY, YTD","China, Household survey, Regional, Rural, Provincial, Per capita, Income, Disposable, Sichuan, Volume, CNY, YTD",None,line
"China, Household survey, Regional, Rural, Provincial, Per capita, Income, Disposable, Tianjin, Volume, CNY, YTD","China, Household survey, Regional, Rural, Provincial, Per capita, Income, Disposable, Tianjin, Volume, CNY, YTD",None,line
"China, Household survey, Regional, Rural, Provincial, Per capita, Income, Disposable, Tibet, Volume, CNY, YTD","China, Household survey, Regional, Rural, Provincial, Per capita, Income, Disposable, Tibet, Volume, CNY, YTD",None,line
"China, Household survey, Regional, Rural, Provincial, Per capita, Income, Disposable, Xinjiang, Volume, CNY, YTD","China, Household survey, Regional, Rural, Provincial, Per capita, Income, Disposable, Xinjiang, Volume, CNY, YTD",None,line
"China, Household survey, Regional, Rural, Provincial, Per capita, Income, Disposable, Yunnan, Volume, CNY, YTD","China, Household survey, Regional, Rural, Provincial, Per capita, Income, Disposable, Yunnan, Volume, CNY, YTD",None,line
"China, Household survey, Regional, Rural, Provincial, Per capita, Income, Disposable, Zhejiang, Volume, CNY, YTD","China, Household survey, Regional, Rural, Provincial, Per capita, Income, Disposable, Zhejiang, Volume, CNY, YTD",None,line
"China, Household survey, Regional, Urban, Provincial, Per capita, Expenditure, Anhui, Volume, CNY, YTD","China, Household survey, Regional, Urban, Provincial, Per capita, Expenditure, Anhui, Volume, CNY, YTD",None,line
"China, Household survey, Regional, Urban, Provincial, Per capita, Expenditure, Beijing, Volume, CNY, YTD","China, Household survey, Regional, Urban, Provincial, Per capita, Expenditure, Beijing, Volume, CNY, YTD",None,line
"China, Household survey, Regional, Urban, Provincial, Per capita, Expenditure, Chongqing, Volume, CNY, YTD","China, Household survey, Regional, Urban, Provincial, Per capita, Expenditure, Chongqing, Volume, CNY, YTD",None,line
"China, Household survey, Regional, Urban, Provincial, Per capita, Expenditure, Fujian, Volume, CNY, YTD","China, Household survey, Regional, Urban, Provincial, Per capita, Expenditure, Fujian, Volume, CNY, YTD",None,line
"China, Household survey, Regional, Urban, Provincial, Per capita, Expenditure, Gansu, Volume, CNY, YTD","China, Household survey, Regional, Urban, Provincial, Per capita, Expenditure, Gansu, Volume, CNY, YTD",None,line
"China, Household survey, Regional, Urban, Provincial, Per capita, Expenditure, Guangdong, Volume, CNY, YTD","China, Household survey, Regional, Urban, Provincial, Per capita, Expenditure, Guangdong, Volume, CNY, YTD",None,line
"China, Household survey, Regional, Urban, Provincial, Per capita, Expenditure, Guangxi, Volume, CNY, YTD","China, Household survey, Regional, Urban, Provincial, Per capita, Expenditure, Guangxi, Volume, CNY, YTD",None,line
"China, Household survey, Regional, Urban, Provincial, Per capita, Expenditure, Guizhou, Volume, CNY, YTD","China, Household survey, Regional, Urban, Provincial, Per capita, Expenditure, Guizhou, Volume, CNY, YTD",None,line
"China, Household survey, Regional, Urban, Provincial, Per capita, Expenditure, Hainan, Volume, CNY, YTD","China, Household survey, Regional, Urban, Provincial, Per capita, Expenditure, Hainan, Volume, CNY, YTD",None,line
"China, Household survey, Regional, Urban, Provincial, Per capita, Expenditure, Hebei, Volume, CNY, YTD","China, Household survey, Regional, Urban, Provincial, Per capita, Expenditure, Hebei, Volume, CNY, YTD",None,line
"China, Household survey, Regional, Urban, Provincial, Per capita, Expenditure, Heilongjiang, Volume, CNY, YTD","China, Household survey, Regional, Urban, Provincial, Per capita, Expenditure, Heilongjiang, Volume, CNY, YTD",None,line
"China, Household survey, Regional, Urban, Provincial, Per capita, Expenditure, Henan, Volume, CNY, YTD","China, Household survey, Regional, Urban, Provincial, Per capita, Expenditure, Henan, Volume, CNY, YTD",None,line
"China, Household survey, Regional, Urban, Provincial, Per capita, Expenditure, Hubei, Volume, CNY, YTD","China, Household survey, Regional, Urban, Provincial, Per capita, Expenditure, Hubei, Volume, CNY, YTD",None,line
"China, Household survey, Regional, Urban, Provincial, Per capita, Expenditure, Hunan, Volume, CNY, YTD","China, Household survey, Regional, Urban, Provincial, Per capita, Expenditure, Hunan, Volume, CNY, YTD",None,line
"China, Household survey, Regional, Urban, Provincial, Per capita, Expenditure, Inner Mongolia, Volume, CNY, YTD","China, Household survey, Regional, Urban, Provincial, Per capita, Expenditure, Inner Mongolia, Volume, CNY, YTD",None,line
"China, Household survey, Regional, Urban, Provincial, Per capita, Expenditure, Jiangsu, Volume, CNY, YTD","China, Household survey, Regional, Urban, Provincial, Per capita, Expenditure, Jiangsu, Volume, CNY, YTD",None,line
"China, Household survey, Regional, Urban, Provincial, Per capita, Expenditure, Jiangxi, Volume, CNY, YTD","China, Household survey, Regional, Urban, Provincial, Per capita, Expenditure, Jiangxi, Volume, CNY, YTD",None,line
"China, Household survey, Regional, Urban, Provincial, Per capita, Expenditure, Jilin, Volume, CNY, YTD","China, Household survey, Regional, Urban, Provincial, Per capita, Expenditure, Jilin, Volume, CNY, YTD",None,line
"China, Household survey, Regional, Urban, Provincial, Per capita, Expenditure, Liaoning, Volume, CNY, YTD","China, Household survey, Regional, Urban, Provincial, Per capita, Expenditure, Liaoning, Volume, CNY, YTD",None,line
"China, Household survey, Regional, Urban, Provincial, Per capita, Expenditure, Ningxia, Volume, CNY, YTD","China, Household survey, Regional, Urban, Provincial, Per capita, Expenditure, Ningxia, Volume, CNY, YTD",None,line
"China, Household survey, Regional, Urban, Provincial, Per capita, Expenditure, Qinghai, Volume, CNY, YTD","China, Household survey, Regional, Urban, Provincial, Per capita, Expenditure, Qinghai, Volume, CNY, YTD",None,line
"China, Household survey, Regional, Urban, Provincial, Per capita, Expenditure, Shaanxi, Volume, CNY, YTD","China, Household survey, Regional, Urban, Provincial, Per capita, Expenditure, Shaanxi, Volume, CNY, YTD",None,line
"China, Household survey, Regional, Urban, Provincial, Per capita, Expenditure, Shandong, Volume, CNY, YTD","China, Household survey, Regional, Urban, Provincial, Per capita, Expenditure, Shandong, Volume, CNY, YTD",None,line
"China, Household survey, Regional, Urban, Provincial, Per capita, Expenditure, Shanghai, Volume, CNY, YTD","China, Household survey, Regional, Urban, Provincial, Per capita, Expenditure, Shanghai, Volume, CNY, YTD",None,line
"China, Household survey, Regional, Urban, Provincial, Per capita, Expenditure, Shanxi, Volume, CNY, YTD","China, Household survey, Regional, Urban, Provincial, Per capita, Expenditure, Shanxi, Volume, CNY, YTD",None,line
"China, Household survey, Regional, Urban, Provincial, Per capita, Expenditure, Sichuan, Volume, CNY, YTD","China, Household survey, Regional, Urban, Provincial, Per capita, Expenditure, Sichuan, Volume, CNY, YTD",None,line
"China, Household survey, Regional, Urban, Provincial, Per capita, Expenditure, Tianjin, Volume, CNY, YTD","China, Household survey, Regional, Urban, Provincial, Per capita, Expenditure, Tianjin, Volume, CNY, YTD",None,line
"China, Household survey, Regional, Urban, Provincial, Per capita, Expenditure, Tibet, Volume, CNY, YTD","China, Household survey, Regional, Urban, Provincial, Per capita, Expenditure, Tibet, Volume, CNY, YTD",None,line
"China, Household survey, Regional, Urban, Provincial, Per capita, Expenditure, Xinjiang, Volume, CNY, YTD","China, Household survey, Regional, Urban, Provincial, Per capita, Expenditure, Xinjiang, Volume, CNY, YTD",None,line
"China, Household survey, Regional, Urban, Provincial, Per capita, Expenditure, Yunnan, Volume, CNY, YTD","China, Household survey, Regional, Urban, Provincial, Per capita, Expenditure, Yunnan, Volume, CNY, YTD",None,line
"China, Household survey, Regional, Urban, Provincial, Per capita, Expenditure, Zhejiang, Volume, CNY, YTD","China, Household survey, Regional, Urban, Provincial, Per capita, Expenditure, Zhejiang, Volume, CNY, YTD",None,line
"China, Household survey, Regional, Urban, Provincial, Per capita, Income, Disposable, Anhui, Volume, CNY, YTD","China, Household survey, Regional, Urban, Provincial, Per capita, Income, Disposable, Anhui, Volume, CNY, YTD",None,line
"China, Household survey, Regional, Urban, Provincial, Per capita, Income, Disposable, Beijing, Volume, CNY, YTD","China, Household survey, Regional, Urban, Provincial, Per capita, Income, Disposable, Beijing, Volume, CNY, YTD",None,line
"China, Household survey, Regional, Urban, Provincial, Per capita, Income, Disposable, Chongqing, Volume, CNY, YTD","China, Household survey, Regional, Urban, Provincial, Per capita, Income, Disposable, Chongqing, Volume, CNY, YTD",None,line
"China, Household survey, Regional, Urban, Provincial, Per capita, Income, Disposable, Fujian, Volume, CNY, YTD","China, Household survey, Regional, Urban, Provincial, Per capita, Income, Disposable, Fujian, Volume, CNY, YTD",None,line
"China, Household survey, Regional, Urban, Provincial, Per capita, Income, Disposable, Gansu, Volume, CNY, YTD","China, Household survey, Regional, Urban, Provincial, Per capita, Income, Disposable, Gansu, Volume, CNY, YTD",None,line
"China, Household survey, Regional, Urban, Provincial, Per capita, Income, Disposable, Guangdong, Volume, CNY, YTD","China, Household survey, Regional, Urban, Provincial, Per capita, Income, Disposable, Guangdong, Volume, CNY, YTD",None,line
"China, Household survey, Regional, Urban, Provincial, Per capita, Income, Disposable, Guangxi, Volume, CNY, YTD","China, Household survey, Regional, Urban, Provincial, Per capita, Income, Disposable, Guangxi, Volume, CNY, YTD",None,line
"China, Household survey, Regional, Urban, Provincial, Per capita, Income, Disposable, Guizhou, Volume, CNY, YTD","China, Household survey, Regional, Urban, Provincial, Per capita, Income, Disposable, Guizhou, Volume, CNY, YTD",None,line
"China, Household survey, Regional, Urban, Provincial, Per capita, Income, Disposable, Hainan, Volume, CNY, YTD","China, Household survey, Regional, Urban, Provincial, Per capita, Income, Disposable, Hainan, Volume, CNY, YTD",None,line
"China, Household survey, Regional, Urban, Provincial, Per capita, Income, Disposable, Hebei, Volume, CNY, YTD","China, Household survey, Regional, Urban, Provincial, Per capita, Income, Disposable, Hebei, Volume, CNY, YTD",None,line
"China, Household survey, Regional, Urban, Provincial, Per capita, Income, Disposable, Heilongjiang, Volume, CNY, YTD","China, Household survey, Regional, Urban, Provincial, Per capita, Income, Disposable, Heilongjiang, Volume, CNY, YTD",None,line
"China, Household survey, Regional, Urban, Provincial, Per capita, Income, Disposable, Henan, Volume, CNY, YTD","China, Household survey, Regional, Urban, Provincial, Per capita, Income, Disposable, Henan, Volume, CNY, YTD",None,line
"China, Household survey, Regional, Urban, Provincial, Per capita, Income, Disposable, Hubei, Volume, CNY, YTD","China, Household survey, Regional, Urban, Provincial, Per capita, Income, Disposable, Hubei, Volume, CNY, YTD",None,line
"China, Household survey, Regional, Urban, Provincial, Per capita, Income, Disposable, Hunan, Volume, CNY, YTD","China, Household survey, Regional, Urban, Provincial, Per capita, Income, Disposable, Hunan, Volume, CNY, YTD",None,line
"China, Household survey, Regional, Urban, Provincial, Per capita, Income, Disposable, Inner Mongolia, Volume, CNY, YTD","China, Household survey, Regional, Urban, Provincial, Per capita, Income, Disposable, Inner Mongolia, Volume, CNY, YTD",None,line
"China, Household survey, Regional, Urban, Provincial, Per capita, Income, Disposable, Jiangsu, Volume, CNY, YTD","China, Household survey, Regional, Urban, Provincial, Per capita, Income, Disposable, Jiangsu, Volume, CNY, YTD",None,line
"China, Household survey, Regional, Urban, Provincial, Per capita, Income, Disposable, Jiangxi, Volume, CNY, YTD","China, Household survey, Regional, Urban, Provincial, Per capita, Income, Disposable, Jiangxi, Volume, CNY, YTD",None,line
"China, Household survey, Regional, Urban, Provincial, Per capita, Income, Disposable, Jilin, Volume, CNY, YTD","China, Household survey, Regional, Urban, Provincial, Per capita, Income, Disposable, Jilin, Volume, CNY, YTD",None,line
"China, Household survey, Regional, Urban, Provincial, Per capita, Income, Disposable, Liaoning, Volume, CNY, YTD","China, Household survey, Regional, Urban, Provincial, Per capita, Income, Disposable, Liaoning, Volume, CNY, YTD",None,line
"China, Household survey, Regional, Urban, Provincial, Per capita, Income, Disposable, Ningxia, Volume, CNY, YTD","China, Household survey, Regional, Urban, Provincial, Per capita, Income, Disposable, Ningxia, Volume, CNY, YTD",None,line
"China, Household survey, Regional, Urban, Provincial, Per capita, Income, Disposable, Qinghai, Volume, CNY, YTD","China, Household survey, Regional, Urban, Provincial, Per capita, Income, Disposable, Qinghai, Volume, CNY, YTD",None,line
"China, Household survey, Regional, Urban, Provincial, Per capita, Income, Disposable, Shaanxi, Volume, CNY, YTD","China, Household survey, Regional, Urban, Provincial, Per capita, Income, Disposable, Shaanxi, Volume, CNY, YTD",None,line
"China, Household survey, Regional, Urban, Provincial, Per capita, Income, Disposable, Shandong, Volume, CNY, YTD","China, Household survey, Regional, Urban, Provincial, Per capita, Income, Disposable, Shandong, Volume, CNY, YTD",None,line
"China, Household survey, Regional, Urban, Provincial, Per capita, Income, Disposable, Shanghai, Volume, CNY, YTD","China, Household survey, Regional, Urban, Provincial, Per capita, Income, Disposable, Shanghai, Volume, CNY, YTD",None,line
"China, Household survey, Regional, Urban, Provincial, Per capita, Income, Disposable, Shanxi, Volume, CNY, YTD","China, Household survey, Regional, Urban, Provincial, Per capita, Income, Disposable, Shanxi, Volume, CNY, YTD",None,line
"China, Household survey, Regional, Urban, Provincial, Per capita, Income, Disposable, Sichuan, Volume, CNY, YTD","China, Household survey, Regional, Urban, Provincial, Per capita, Income, Disposable, Sichuan, Volume, CNY, YTD",None,line
"China, Household survey, Regional, Urban, Provincial, Per capita, Income, Disposable, Tianjin, Volume, CNY, YTD","China, Household survey, Regional, Urban, Provincial, Per capita, Income, Disposable, Tianjin, Volume, CNY, YTD",None,line
"China, Household survey, Regional, Urban, Provincial, Per capita, Income, Disposable, Tibet, Volume, CNY, YTD","China, Household survey, Regional, Urban, Provincial, Per capita, Income, Disposable, Tibet, Volume, CNY, YTD",None,line
"China, Household survey, Regional, Urban, Provincial, Per capita, Income, Disposable, Xinjiang, Volume, CNY, YTD","China, Household survey, Regional, Urban, Provincial, Per capita, Income, Disposable, Xinjiang, Volume, CNY, YTD",None,line
"China, Household survey, Regional, Urban, Provincial, Per capita, Income, Disposable, Yunnan, Volume, CNY, YTD","China, Household survey, Regional, Urban, Provincial, Per capita, Income, Disposable, Yunnan, Volume, CNY, YTD",None,line
"China, Household survey, Regional, Urban, Provincial, Per capita, Income, Disposable, Zhejiang, Volume, CNY, YTD","China, Household survey, Regional, Urban, Provincial, Per capita, Income, Disposable, Zhejiang, Volume, CNY, YTD",None,line
"China, Household survey, Rural, Per capita, Expenditure, Clothing and footwear, YTD, Volume, CNY","China, Household survey, Rural, Per capita, Expenditure, Clothing and footwear, YTD, Volume, CNY",None,line
"China, Household survey, Rural, Per capita, Expenditure, Education, culture and recreation, YTD, Volume, CNY","China, Household survey, Rural, Per capita, Expenditure, Education, culture and recreation, YTD, Volume, CNY",None,line
"China, Household survey, Rural, Per capita, Expenditure, Food and tobacco, YTD, Volume, CNY","China, Household survey, Rural, Per capita, Expenditure, Food and tobacco, YTD, Volume, CNY",None,line
"China, Household survey, Rural, Per capita, Expenditure, Household equipment, furnishings and services, YTD, Volume, CNY","China, Household survey, Rural, Per capita, Expenditure, Household equipment, furnishings and services, YTD, Volume, CNY",None,line
"China, Household survey, Rural, Per capita, Expenditure, Housing, YTD, Volume, CNY","China, Household survey, Rural, Per capita, Expenditure, Housing, YTD, Volume, CNY",None,line
"China, Household survey, Rural, Per capita, Expenditure, Medical, YTD, Volume, CNY","China, Household survey, Rural, Per capita, Expenditure, Medical, YTD, Volume, CNY",None,line
"China, Household survey, Rural, Per capita, Expenditure, Miscellaneous, YTD, Volume, CNY","China, Household survey, Rural, Per capita, Expenditure, Miscellaneous, YTD, Volume, CNY",None,line
"China, Household survey, Rural, Per capita, Expenditure, Transport and communication, YTD, Volume, CNY","China, Household survey, Rural, Per capita, Expenditure, Transport and communication, YTD, Volume, CNY",None,line
"China, Household survey, Rural, Per capita, Expenditure, YTD, Volume, CNY","China, Household survey, Rural, Per capita, Expenditure, YTD, Volume, CNY",None,line
"China, Household survey, Rural, Per capita, Income, Business, YTD, Volume, CNY","China, Household survey, Rural, Per capita, Income, Business, YTD, Volume, CNY",None,line
"China, Household survey, Rural, Per capita, Income, Disposable, Median, YTD, Volume, CNY","China, Household survey, Rural, Per capita, Income, Disposable, Median, YTD, Volume, CNY",None,line
"China, Household survey, Rural, Per capita, Income, Disposable, YTD, Volume, CNY","China, Household survey, Rural, Per capita, Income, Disposable, YTD, Volume, CNY",None,line
"China, Household survey, Rural, Per capita, Income, Property, YTD, Volume, CNY","China, Household survey, Rural, Per capita, Income, Property, YTD, Volume, CNY",None,line
"China, Household survey, Rural, Per capita, Income, Transfer, YTD, Volume, CNY","China, Household survey, Rural, Per capita, Income, Transfer, YTD, Volume, CNY",None,line
"China, Household survey, Rural, Per capita, Income, Wages, YTD, Volume, CNY","China, Household survey, Rural, Per capita, Income, Wages, YTD, Volume, CNY",None,line
"China, Household survey, Urban, Per capita, Expenditure, Clothing and footwear, YTD, Volume, CNY","China, Household survey, Urban, Per capita, Expenditure, Clothing and footwear, YTD, Volume, CNY",None,line
"China, Household survey, Urban, Per capita, Expenditure, Education, culture and recreation, YTD, Volume, CNY","China, Household survey, Urban, Per capita, Expenditure, Education, culture and recreation, YTD, Volume, CNY",None,line
"China, Household survey, Urban, Per capita, Expenditure, Food and tobacco, YTD, Volume, CNY","China, Household survey, Urban, Per capita, Expenditure, Food and tobacco, YTD, Volume, CNY",None,line
"China, Household survey, Urban, Per capita, Expenditure, Household equipment, furnishings and services, YTD, Volume, CNY","China, Household survey, Urban, Per capita, Expenditure, Household equipment, furnishings and services, YTD, Volume, CNY",None,line
"China, Household survey, Urban, Per capita, Expenditure, Housing, YTD, Volume, CNY","China, Household survey, Urban, Per capita, Expenditure, Housing, YTD, Volume, CNY",None,line
"China, Household survey, Urban, Per capita, Expenditure, Medical, YTD, Volume, CNY","China, Household survey, Urban, Per capita, Expenditure, Medical, YTD, Volume, CNY",None,line
"China, Household survey, Urban, Per capita, Expenditure, Miscellaneous, YTD, Volume, CNY","China, Household survey, Urban, Per capita, Expenditure, Miscellaneous, YTD, Volume, CNY",None,line
"China, Household survey, Urban, Per capita, Expenditure, Transport and communication, YTD, Volume, CNY","China, Household survey, Urban, Per capita, Expenditure, Transport and communication, YTD, Volume, CNY",None,line
"China, Household survey, Urban, Per capita, Expenditure, YTD, Volume, CNY","China, Household survey, Urban, Per capita, Expenditure, YTD, Volume, CNY",None,line
"China, Household survey, Urban, Per capita, Income, Business, YTD, Volume, CNY","China, Household survey, Urban, Per capita, Income, Business, YTD, Volume, CNY",None,line
"China, Household survey, Urban, Per capita, Income, Disposable, Median, YTD, Volume, CNY","China, Household survey, Urban, Per capita, Income, Disposable, Median, YTD, Volume, CNY",None,line
"China, Household survey, Urban, Per capita, Income, Disposable, YTD, Volume, CNY","China, Household survey, Urban, Per capita, Income, Disposable, YTD, Volume, CNY",None,line
"China, Household survey, Urban, Per capita, Income, Property, YTD, Volume, CNY","China, Household survey, Urban, Per capita, Income, Property, YTD, Volume, CNY",None,line
"China, Household survey, Urban, Per capita, Income, Transfer, YTD, Volume, CNY","China, Household survey, Urban, Per capita, Income, Transfer, YTD, Volume, CNY",None,line
"China, Household survey, Urban, Per capita, Income, Wages, YTD, Volume, CNY","China, Household survey, Urban, Per capita, Income, Wages, YTD, Volume, CNY",None,line
"China, Household survey, National, Per capita, Expenditure, Clothing and footwear, Volume, CNY","China, Household survey, National, Per capita, Expenditure, Clothing and footwear, Volume, CNY",None,line
"China, Household survey, National, Per capita, Expenditure, Education, culture and recreation, Volume, CNY","China, Household survey, National, Per capita, Expenditure, Education, culture and recreation, Volume, CNY",None,line
"China, Household survey, National, Per capita, Expenditure, Food and tobacco, Volume, CNY","China, Household survey, National, Per capita, Expenditure, Food and tobacco, Volume, CNY",None,line
"China, Household survey, National, Per capita, Expenditure, Household equipment, furnishings and services, Volume, CNY","China, Household survey, National, Per capita, Expenditure, Household equipment, furnishings and services, Volume, CNY",None,line
"China, Household survey, National, Per capita, Expenditure, Housing, Volume, CNY","China, Household survey, National, Per capita, Expenditure, Housing, Volume, CNY",None,line
"China, Household survey, National, Per capita, Expenditure, Medical, Volume, CNY","China, Household survey, National, Per capita, Expenditure, Medical, Volume, CNY",None,line
"China, Household survey, National, Per capita, Expenditure, Miscellaneous, Volume, CNY","China, Household survey, National, Per capita, Expenditure, Miscellaneous, Volume, CNY",None,line
"China, Household survey, National, Per capita, Expenditure, Transport and communication, Volume, CNY","China, Household survey, National, Per capita, Expenditure, Transport and communication, Volume, CNY",None,line
"China, Household survey, National, Per capita, Expenditure, Volume, CNY","China, Household survey, National, Per capita, Expenditure, Volume, CNY",None,line
"China, Household survey, National, Per capita, Income, Business, Volume, CNY","China, Household survey, National, Per capita, Income, Business, Volume, CNY",None,line
"China, Household survey, National, Per capita, Income, Disposable, Median, Volume, CNY","China, Household survey, National, Per capita, Income, Disposable, Median, Volume, CNY",None,line
"China, Household survey, National, Per capita, Income, Disposable, Volume, CNY","China, Household survey, National, Per capita, Income, Disposable, Volume, CNY",None,line
"China, Household survey, National, Per capita, Income, Property, Volume, CNY","China, Household survey, National, Per capita, Income, Property, Volume, CNY",None,line
"China, Household survey, National, Per capita, Income, Transfer, Volume, CNY","China, Household survey, National, Per capita, Income, Transfer, Volume, CNY",None,line
"China, Household survey, National, Per capita, Income, Wages, Volume, CNY","China, Household survey, National, Per capita, Income, Wages, Volume, CNY",None,line
"China, Household survey, Rural, Per capita, Expenditure, Clothing and footwear, Volume, CNY","China, Household survey, Rural, Per capita, Expenditure, Clothing and footwear, Volume, CNY",None,line
"China, Household survey, Rural, Per capita, Expenditure, Education, culture and recreation, Volume, CNY","China, Household survey, Rural, Per capita, Expenditure, Education, culture and recreation, Volume, CNY",None,line
"China, Household survey, Rural, Per capita, Expenditure, Food and tobacco, Volume, CNY","China, Household survey, Rural, Per capita, Expenditure, Food and tobacco, Volume, CNY",None,line
"China, Household survey, Rural, Per capita, Expenditure, Household equipment, furnishings and services, Volume, CNY","China, Household survey, Rural, Per capita, Expenditure, Household equipment, furnishings and services, Volume, CNY",None,line
"China, Household survey, Rural, Per capita, Expenditure, Housing, Volume, CNY","China, Household survey, Rural, Per capita, Expenditure, Housing, Volume, CNY",None,line
"China, Household survey, Rural, Per capita, Expenditure, Medical, Volume, CNY","China, Household survey, Rural, Per capita, Expenditure, Medical, Volume, CNY",None,line
"China, Household survey, Rural, Per capita, Expenditure, Miscellaneous, Volume, CNY","China, Household survey, Rural, Per capita, Expenditure, Miscellaneous, Volume, CNY",None,line
"China, Household survey, Rural, Per capita, Expenditure, Transport and communication, Volume, CNY","China, Household survey, Rural, Per capita, Expenditure, Transport and communication, Volume, CNY",None,line
"China, Household survey, Rural, Per capita, Expenditure, Volume, CNY","China, Household survey, Rural, Per capita, Expenditure, Volume, CNY",None,line
"China, Household survey, Rural, Per capita, Income, Business, Volume, CNY","China, Household survey, Rural, Per capita, Income, Business, Volume, CNY",None,line
"China, Household survey, Rural, Per capita, Income, Disposable, Median, Volume, CNY","China, Household survey, Rural, Per capita, Income, Disposable, Median, Volume, CNY",None,line
"China, Household survey, Rural, Per capita, Income, Disposable, Volume, CNY","China, Household survey, Rural, Per capita, Income, Disposable, Volume, CNY",None,line
"China, Household survey, Rural, Per capita, Income, Property, Volume, CNY","China, Household survey, Rural, Per capita, Income, Property, Volume, CNY",None,line
"China, Household survey, Rural, Per capita, Income, Transfer, Volume, CNY","China, Household survey, Rural, Per capita, Income, Transfer, Volume, CNY",None,line
"China, Household survey, Rural, Per capita, Income, Wages, Volume, CNY","China, Household survey, Rural, Per capita, Income, Wages, Volume, CNY",None,line
"China, Household survey, Urban, Per capita, Expenditure, Clothing and footwear, Volume, CNY","China, Household survey, Urban, Per capita, Expenditure, Clothing and footwear, Volume, CNY",None,line
"China, Household survey, Urban, Per capita, Expenditure, Education, culture and recreation, Volume, CNY","China, Household survey, Urban, Per capita, Expenditure, Education, culture and recreation, Volume, CNY",None,line
"China, Household survey, Urban, Per capita, Expenditure, Food and tobacco, Volume, CNY","China, Household survey, Urban, Per capita, Expenditure, Food and tobacco, Volume, CNY",None,line
"China, Household survey, Urban, Per capita, Expenditure, Household equipment, furnishings and services, Volume, CNY","China, Household survey, Urban, Per capita, Expenditure, Household equipment, furnishings and services, Volume, CNY",None,line
"China, Household survey, Urban, Per capita, Expenditure, Housing, Volume, CNY","China, Household survey, Urban, Per capita, Expenditure, Housing, Volume, CNY",None,line
"China, Household survey, Urban, Per capita, Expenditure, Medical, Volume, CNY","China, Household survey, Urban, Per capita, Expenditure, Medical, Volume, CNY",None,line
"China, Household survey, Urban, Per capita, Expenditure, Miscellaneous, Volume, CNY","China, Household survey, Urban, Per capita, Expenditure, Miscellaneous, Volume, CNY",None,line
"China, Household survey, Urban, Per capita, Expenditure, Transport and communication, Volume, CNY","China, Household survey, Urban, Per capita, Expenditure, Transport and communication, Volume, CNY",None,line
"China, Household survey, Urban, Per capita, Expenditure, Volume, CNY","China, Household survey, Urban, Per capita, Expenditure, Volume, CNY",None,line
"China, Household survey, Urban, Per capita, Income, Business, Volume, CNY","China, Household survey, Urban, Per capita, Income, Business, Volume, CNY",None,line
"China, Household survey, Urban, Per capita, Income, Disposable, Median, Volume, CNY","China, Household survey, Urban, Per capita, Income, Disposable, Median, Volume, CNY",None,line
"China, Household survey, Urban, Per capita, Income, Disposable, Volume, CNY","China, Household survey, Urban, Per capita, Income, Disposable, Volume, CNY",None,line
"China, Household survey, Urban, Per capita, Income, Property, Volume, CNY","China, Household survey, Urban, Per capita, Income, Property, Volume, CNY",None,line
"China, Household survey, Urban, Per capita, Income, Transfer, Volume, CNY","China, Household survey, Urban, Per capita, Income, Transfer, Volume, CNY",None,line
"China, Household survey, Urban, Per capita, Income, Wages, Volume, CNY","China, Household survey, Urban, Per capita, Income, Wages, Volume, CNY",None,line
"China, Household survey, National, Aggregate, Income, Disposable, Volume, CNY bn","China, Household survey, National, Aggregate, Income, Disposable, Volume, CNY bn",None,line
"China, Household survey, Rural and urban, Aggregate, Income, Disposable, Volume, CNY bn","China, Household survey, Rural and urban, Aggregate, Income, Disposable, Volume, CNY bn",None,line
"China, Household survey, National, Aggregate, Expenditure, Medical, Volume, CNY bn","China, Household survey, National, Aggregate, Expenditure, Medical, Volume, CNY bn",None,line
"China, Household survey, National, Aggregate, Expenditure, Education, culture and recreation, Volume, CNY bn","China, Household survey, National, Aggregate, Expenditure, Education, culture and recreation, Volume, CNY bn",None,line
"China, Household survey, National, Aggregate, Expenditure, Transport and communication, Volume, CNY bn","China, Household survey, National, Aggregate, Expenditure, Transport and communication, Volume, CNY bn",None,line
"China, Household survey, National, Aggregate, Expenditure, Clothing and footwear, Volume, CNY bn","China, Household survey, National, Aggregate, Expenditure, Clothing and footwear, Volume, CNY bn",None,line
"China, Household survey, National, Aggregate, Expenditure, Food and tobacco, Volume, CNY bn","China, Household survey, National, Aggregate, Expenditure, Food and tobacco, Volume, CNY bn",None,line
"China, Household survey, National, Aggregate, Expenditure, Household equipment, furnishings and services, Volume, CNY bn","China, Household survey, National, Aggregate, Expenditure, Household equipment, furnishings and services, Volume, CNY bn",None,line
"China, Household survey, National, Aggregate, Expenditure, Miscellaneous, Volume, CNY bn","China, Household survey, National, Aggregate, Expenditure, Miscellaneous, Volume, CNY bn",None,line
"China, Household survey, National, Aggregate, Expenditure, Housing, Volume, CNY bn","China, Household survey, National, Aggregate, Expenditure, Housing, Volume, CNY bn",None,line
"China, Household survey, National, Aggregate, Expenditure, Volume, CNY bn","China, Household survey, National, Aggregate, Expenditure, Volume, CNY bn",None,line
"China, Household survey, Rural and urban, Aggregate, Expenditure, Volume, CNY bn","China, Household survey, Rural and urban, Aggregate, Expenditure, Volume, CNY bn",None,line
"China, Household survey, Migrant workers, Income, Volume, CNY, % YoY","China, Household survey, Migrant workers, Income, Volume, CNY, % YoY",None,line
"China, Household survey, National, Per capita, Expenditure, Clothing and footwear, YTD, Volume, CNY, % YoY","China, Household survey, National, Per capita, Expenditure, Clothing and footwear, YTD, Volume, CNY, % YoY",None,line
"China, Household survey, National, Per capita, Expenditure, Education, culture and recreation, YTD, Volume, CNY, % YoY","China, Household survey, National, Per capita, Expenditure, Education, culture and recreation, YTD, Volume, CNY, % YoY",None,line
"China, Household survey, National, Per capita, Expenditure, Food and tobacco, YTD, Volume, CNY, % YoY","China, Household survey, National, Per capita, Expenditure, Food and tobacco, YTD, Volume, CNY, % YoY",None,line
"China, Household survey, National, Per capita, Expenditure, Household equipment, furnishings and services, YTD, Volume, CNY, % YoY","China, Household survey, National, Per capita, Expenditure, Household equipment, furnishings and services, YTD, Volume, CNY, % YoY",None,line
"China, Household survey, National, Per capita, Expenditure, Housing, YTD, Volume, CNY, % YoY","China, Household survey, National, Per capita, Expenditure, Housing, YTD, Volume, CNY, % YoY",None,line
"China, Household survey, National, Per capita, Expenditure, Medical, YTD, Volume, CNY, % YoY","China, Household survey, National, Per capita, Expenditure, Medical, YTD, Volume, CNY, % YoY",None,line
"China, Household survey, National, Per capita, Expenditure, Miscellaneous, YTD, Volume, CNY, % YoY","China, Household survey, National, Per capita, Expenditure, Miscellaneous, YTD, Volume, CNY, % YoY",None,line
"China, Household survey, National, Per capita, Expenditure, Transport and communication, YTD, Volume, CNY, % YoY","China, Household survey, National, Per capita, Expenditure, Transport and communication, YTD, Volume, CNY, % YoY",None,line
"China, Household survey, National, Per capita, Expenditure, YTD, Volume, CNY, % YoY","China, Household survey, National, Per capita, Expenditure, YTD, Volume, CNY, % YoY",None,line
"China, Household survey, National, Per capita, Income, Business, YTD, Volume, CNY, % YoY","China, Household survey, National, Per capita, Income, Business, YTD, Volume, CNY, % YoY",None,line
"China, Household survey, National, Per capita, Income, Disposable, Median, YTD, Volume, CNY, % YoY","China, Household survey, National, Per capita, Income, Disposable, Median, YTD, Volume, CNY, % YoY",None,line
"China, Household survey, National, Per capita, Income, Disposable, YTD, Volume, CNY, % YoY","China, Household survey, National, Per capita, Income, Disposable, YTD, Volume, CNY, % YoY",None,line
"China, Household survey, National, Per capita, Income, Property, YTD, Volume, CNY, % YoY","China, Household survey, National, Per capita, Income, Property, YTD, Volume, CNY, % YoY",None,line
"China, Household survey, National, Per capita, Income, Transfer, YTD, Volume, CNY, % YoY","China, Household survey, National, Per capita, Income, Transfer, YTD, Volume, CNY, % YoY",None,line
"China, Household survey, National, Per capita, Income, Wages, YTD, Volume, CNY, % YoY","China, Household survey, National, Per capita, Income, Wages, YTD, Volume, CNY, % YoY",None,line
"China, Household survey, Regional, Rural, Provincial, Per capita, Expenditure, Anhui, Volume, CNY, % YoY, YTD","China, Household survey, Regional, Rural, Provincial, Per capita, Expenditure, Anhui, Volume, CNY, % YoY, YTD",None,line
"China, Household survey, Regional, Rural, Provincial, Per capita, Expenditure, Beijing, Volume, CNY, % YoY, YTD","China, Household survey, Regional, Rural, Provincial, Per capita, Expenditure, Beijing, Volume, CNY, % YoY, YTD",None,line
"China, Household survey, Regional, Rural, Provincial, Per capita, Expenditure, Chongqing, Volume, CNY, % YoY, YTD","China, Household survey, Regional, Rural, Provincial, Per capita, Expenditure, Chongqing, Volume, CNY, % YoY, YTD",None,line
"China, Household survey, Regional, Rural, Provincial, Per capita, Expenditure, Fujian, Volume, CNY, % YoY, YTD","China, Household survey, Regional, Rural, Provincial, Per capita, Expenditure, Fujian, Volume, CNY, % YoY, YTD",None,line
"China, Household survey, Regional, Rural, Provincial, Per capita, Expenditure, Gansu, Volume, CNY, % YoY, YTD","China, Household survey, Regional, Rural, Provincial, Per capita, Expenditure, Gansu, Volume, CNY, % YoY, YTD",None,line
"China, Household survey, Regional, Rural, Provincial, Per capita, Expenditure, Guangdong, Volume, CNY, % YoY, YTD","China, Household survey, Regional, Rural, Provincial, Per capita, Expenditure, Guangdong, Volume, CNY, % YoY, YTD",None,line
"China, Household survey, Regional, Rural, Provincial, Per capita, Expenditure, Guangxi, Volume, CNY, % YoY, YTD","China, Household survey, Regional, Rural, Provincial, Per capita, Expenditure, Guangxi, Volume, CNY, % YoY, YTD",None,line
"China, Household survey, Regional, Rural, Provincial, Per capita, Expenditure, Guizhou, Volume, CNY, % YoY, YTD","China, Household survey, Regional, Rural, Provincial, Per capita, Expenditure, Guizhou, Volume, CNY, % YoY, YTD",None,line
"China, Household survey, Regional, Rural, Provincial, Per capita, Expenditure, Hainan, Volume, CNY, % YoY, YTD","China, Household survey, Regional, Rural, Provincial, Per capita, Expenditure, Hainan, Volume, CNY, % YoY, YTD",None,line
"China, Household survey, Regional, Rural, Provincial, Per capita, Expenditure, Hebei, Volume, CNY, % YoY, YTD","China, Household survey, Regional, Rural, Provincial, Per capita, Expenditure, Hebei, Volume, CNY, % YoY, YTD",None,line
"China, Household survey, Regional, Rural, Provincial, Per capita, Expenditure, Heilongjiang, Volume, CNY, % YoY, YTD","China, Household survey, Regional, Rural, Provincial, Per capita, Expenditure, Heilongjiang, Volume, CNY, % YoY, YTD",None,line
"China, Household survey, Regional, Rural, Provincial, Per capita, Expenditure, Henan, Volume, CNY, % YoY, YTD","China, Household survey, Regional, Rural, Provincial, Per capita, Expenditure, Henan, Volume, CNY, % YoY, YTD",None,line
"China, Household survey, Regional, Rural, Provincial, Per capita, Expenditure, Hubei, Volume, CNY, % YoY, YTD","China, Household survey, Regional, Rural, Provincial, Per capita, Expenditure, Hubei, Volume, CNY, % YoY, YTD",None,line
"China, Household survey, Regional, Rural, Provincial, Per capita, Expenditure, Hunan, Volume, CNY, % YoY, YTD","China, Household survey, Regional, Rural, Provincial, Per capita, Expenditure, Hunan, Volume, CNY, % YoY, YTD",None,line
"China, Household survey, Regional, Rural, Provincial, Per capita, Expenditure, Inner Mongolia, Volume, CNY, % YoY, YTD","China, Household survey, Regional, Rural, Provincial, Per capita, Expenditure, Inner Mongolia, Volume, CNY, % YoY, YTD",None,line
"China, Household survey, Regional, Rural, Provincial, Per capita, Expenditure, Jiangsu, Volume, CNY, % YoY, YTD","China, Household survey, Regional, Rural, Provincial, Per capita, Expenditure, Jiangsu, Volume, CNY, % YoY, YTD",None,line
"China, Household survey, Regional, Rural, Provincial, Per capita, Expenditure, Jiangxi, Volume, CNY, % YoY, YTD","China, Household survey, Regional, Rural, Provincial, Per capita, Expenditure, Jiangxi, Volume, CNY, % YoY, YTD",None,line
"China, Household survey, Regional, Rural, Provincial, Per capita, Expenditure, Jilin, Volume, CNY, % YoY, YTD","China, Household survey, Regional, Rural, Provincial, Per capita, Expenditure, Jilin, Volume, CNY, % YoY, YTD",None,line
"China, Household survey, Regional, Rural, Provincial, Per capita, Expenditure, Liaoning, Volume, CNY, % YoY, YTD","China, Household survey, Regional, Rural, Provincial, Per capita, Expenditure, Liaoning, Volume, CNY, % YoY, YTD",None,line
"China, Household survey, Regional, Rural, Provincial, Per capita, Expenditure, Ningxia, Volume, CNY, % YoY, YTD","China, Household survey, Regional, Rural, Provincial, Per capita, Expenditure, Ningxia, Volume, CNY, % YoY, YTD",None,line
"China, Household survey, Regional, Rural, Provincial, Per capita, Expenditure, Qinghai, Volume, CNY, % YoY, YTD","China, Household survey, Regional, Rural, Provincial, Per capita, Expenditure, Qinghai, Volume, CNY, % YoY, YTD",None,line
"China, Household survey, Regional, Rural, Provincial, Per capita, Expenditure, Shaanxi, Volume, CNY, % YoY, YTD","China, Household survey, Regional, Rural, Provincial, Per capita, Expenditure, Shaanxi, Volume, CNY, % YoY, YTD",None,line
"China, Household survey, Regional, Rural, Provincial, Per capita, Expenditure, Shandong, Volume, CNY, % YoY, YTD","China, Household survey, Regional, Rural, Provincial, Per capita, Expenditure, Shandong, Volume, CNY, % YoY, YTD",None,line
"China, Household survey, Regional, Rural, Provincial, Per capita, Expenditure, Shanghai, Volume, CNY, % YoY, YTD","China, Household survey, Regional, Rural, Provincial, Per capita, Expenditure, Shanghai, Volume, CNY, % YoY, YTD",None,line
"China, Household survey, Regional, Rural, Provincial, Per capita, Expenditure, Shanxi, Volume, CNY, % YoY, YTD","China, Household survey, Regional, Rural, Provincial, Per capita, Expenditure, Shanxi, Volume, CNY, % YoY, YTD",None,line
"China, Household survey, Regional, Rural, Provincial, Per capita, Expenditure, Sichuan, Volume, CNY, % YoY, YTD","China, Household survey, Regional, Rural, Provincial, Per capita, Expenditure, Sichuan, Volume, CNY, % YoY, YTD",None,line
"China, Household survey, Regional, Rural, Provincial, Per capita, Expenditure, Tianjin, Volume, CNY, % YoY, YTD","China, Household survey, Regional, Rural, Provincial, Per capita, Expenditure, Tianjin, Volume, CNY, % YoY, YTD",None,line
"China, Household survey, Regional, Rural, Provincial, Per capita, Expenditure, Tibet, Volume, CNY, % YoY, YTD","China, Household survey, Regional, Rural, Provincial, Per capita, Expenditure, Tibet, Volume, CNY, % YoY, YTD",None,line
"China, Household survey, Regional, Rural, Provincial, Per capita, Expenditure, Xinjiang, Volume, CNY, % YoY, YTD","China, Household survey, Regional, Rural, Provincial, Per capita, Expenditure, Xinjiang, Volume, CNY, % YoY, YTD",None,line
"China, Household survey, Regional, Rural, Provincial, Per capita, Expenditure, Yunnan, Volume, CNY, % YoY, YTD","China, Household survey, Regional, Rural, Provincial, Per capita, Expenditure, Yunnan, Volume, CNY, % YoY, YTD",None,line
"China, Household survey, Regional, Rural, Provincial, Per capita, Expenditure, Zhejiang, Volume, CNY, % YoY, YTD","China, Household survey, Regional, Rural, Provincial, Per capita, Expenditure, Zhejiang, Volume, CNY, % YoY, YTD",None,line
"China, Household survey, Regional, Rural, Provincial, Per capita, Income, Disposable, Anhui, Volume, CNY, % YoY, YTD","China, Household survey, Regional, Rural, Provincial, Per capita, Income, Disposable, Anhui, Volume, CNY, % YoY, YTD",None,line
"China, Household survey, Regional, Rural, Provincial, Per capita, Income, Disposable, Beijing, Volume, CNY, % YoY, YTD","China, Household survey, Regional, Rural, Provincial, Per capita, Income, Disposable, Beijing, Volume, CNY, % YoY, YTD",None,line
"China, Household survey, Regional, Rural, Provincial, Per capita, Income, Disposable, Chongqing, Volume, CNY, % YoY, YTD","China, Household survey, Regional, Rural, Provincial, Per capita, Income, Disposable, Chongqing, Volume, CNY, % YoY, YTD",None,line
"China, Household survey, Regional, Rural, Provincial, Per capita, Income, Disposable, Fujian, Volume, CNY, % YoY, YTD","China, Household survey, Regional, Rural, Provincial, Per capita, Income, Disposable, Fujian, Volume, CNY, % YoY, YTD",None,line
"China, Household survey, Regional, Rural, Provincial, Per capita, Income, Disposable, Gansu, Volume, CNY, % YoY, YTD","China, Household survey, Regional, Rural, Provincial, Per capita, Income, Disposable, Gansu, Volume, CNY, % YoY, YTD",None,line
"China, Household survey, Regional, Rural, Provincial, Per capita, Income, Disposable, Guangdong, Volume, CNY, % YoY, YTD","China, Household survey, Regional, Rural, Provincial, Per capita, Income, Disposable, Guangdong, Volume, CNY, % YoY, YTD",None,line
"China, Household survey, Regional, Rural, Provincial, Per capita, Income, Disposable, Guangxi, Volume, CNY, % YoY, YTD","China, Household survey, Regional, Rural, Provincial, Per capita, Income, Disposable, Guangxi, Volume, CNY, % YoY, YTD",None,line
"China, Household survey, Regional, Rural, Provincial, Per capita, Income, Disposable, Guizhou, Volume, CNY, % YoY, YTD","China, Household survey, Regional, Rural, Provincial, Per capita, Income, Disposable, Guizhou, Volume, CNY, % YoY, YTD",None,line
"China, Household survey, Regional, Rural, Provincial, Per capita, Income, Disposable, Hainan, Volume, CNY, % YoY, YTD","China, Household survey, Regional, Rural, Provincial, Per capita, Income, Disposable, Hainan, Volume, CNY, % YoY, YTD",None,line
"China, Household survey, Regional, Rural, Provincial, Per capita, Income, Disposable, Hebei, Volume, CNY, % YoY, YTD","China, Household survey, Regional, Rural, Provincial, Per capita, Income, Disposable, Hebei, Volume, CNY, % YoY, YTD",None,line
"China, Household survey, Regional, Rural, Provincial, Per capita, Income, Disposable, Heilongjiang, Volume, CNY, % YoY, YTD","China, Household survey, Regional, Rural, Provincial, Per capita, Income, Disposable, Heilongjiang, Volume, CNY, % YoY, YTD",None,line
"China, Household survey, Regional, Rural, Provincial, Per capita, Income, Disposable, Henan, Volume, CNY, % YoY, YTD","China, Household survey, Regional, Rural, Provincial, Per capita, Income, Disposable, Henan, Volume, CNY, % YoY, YTD",None,line
"China, Household survey, Regional, Rural, Provincial, Per capita, Income, Disposable, Hubei, Volume, CNY, % YoY, YTD","China, Household survey, Regional, Rural, Provincial, Per capita, Income, Disposable, Hubei, Volume, CNY, % YoY, YTD",None,line
"China, Household survey, Regional, Rural, Provincial, Per capita, Income, Disposable, Hunan, Volume, CNY, % YoY, YTD","China, Household survey, Regional, Rural, Provincial, Per capita, Income, Disposable, Hunan, Volume, CNY, % YoY, YTD",None,line
"China, Household survey, Regional, Rural, Provincial, Per capita, Income, Disposable, Inner Mongolia, Volume, CNY, % YoY, YTD","China, Household survey, Regional, Rural, Provincial, Per capita, Income, Disposable, Inner Mongolia, Volume, CNY, % YoY, YTD",None,line
"China, Household survey, Regional, Rural, Provincial, Per capita, Income, Disposable, Jiangsu, Volume, CNY, % YoY, YTD","China, Household survey, Regional, Rural, Provincial, Per capita, Income, Disposable, Jiangsu, Volume, CNY, % YoY, YTD",None,line
"China, Household survey, Regional, Rural, Provincial, Per capita, Income, Disposable, Jiangxi, Volume, CNY, % YoY, YTD","China, Household survey, Regional, Rural, Provincial, Per capita, Income, Disposable, Jiangxi, Volume, CNY, % YoY, YTD",None,line
"China, Household survey, Regional, Rural, Provincial, Per capita, Income, Disposable, Jilin, Volume, CNY, % YoY, YTD","China, Household survey, Regional, Rural, Provincial, Per capita, Income, Disposable, Jilin, Volume, CNY, % YoY, YTD",None,line
"China, Household survey, Regional, Rural, Provincial, Per capita, Income, Disposable, Liaoning, Volume, CNY, % YoY, YTD","China, Household survey, Regional, Rural, Provincial, Per capita, Income, Disposable, Liaoning, Volume, CNY, % YoY, YTD",None,line
"China, Household survey, Regional, Rural, Provincial, Per capita, Income, Disposable, Ningxia, Volume, CNY, % YoY, YTD","China, Household survey, Regional, Rural, Provincial, Per capita, Income, Disposable, Ningxia, Volume, CNY, % YoY, YTD",None,line
"China, Household survey, Regional, Rural, Provincial, Per capita, Income, Disposable, Qinghai, Volume, CNY, % YoY, YTD","China, Household survey, Regional, Rural, Provincial, Per capita, Income, Disposable, Qinghai, Volume, CNY, % YoY, YTD",None,line
"China, Household survey, Regional, Rural, Provincial, Per capita, Income, Disposable, Shaanxi, Volume, CNY, % YoY, YTD","China, Household survey, Regional, Rural, Provincial, Per capita, Income, Disposable, Shaanxi, Volume, CNY, % YoY, YTD",None,line
"China, Household survey, Regional, Rural, Provincial, Per capita, Income, Disposable, Shandong, Volume, CNY, % YoY, YTD","China, Household survey, Regional, Rural, Provincial, Per capita, Income, Disposable, Shandong, Volume, CNY, % YoY, YTD",None,line
"China, Household survey, Regional, Rural, Provincial, Per capita, Income, Disposable, Shanghai, Volume, CNY, % YoY, YTD","China, Household survey, Regional, Rural, Provincial, Per capita, Income, Disposable, Shanghai, Volume, CNY, % YoY, YTD",None,line
"China, Household survey, Regional, Rural, Provincial, Per capita, Income, Disposable, Shanxi, Volume, CNY, % YoY, YTD","China, Household survey, Regional, Rural, Provincial, Per capita, Income, Disposable, Shanxi, Volume, CNY, % YoY, YTD",None,line
"China, Household survey, Regional, Rural, Provincial, Per capita, Income, Disposable, Sichuan, Volume, CNY, % YoY, YTD","China, Household survey, Regional, Rural, Provincial, Per capita, Income, Disposable, Sichuan, Volume, CNY, % YoY, YTD",None,line
"China, Household survey, Regional, Rural, Provincial, Per capita, Income, Disposable, Tianjin, Volume, CNY, % YoY, YTD","China, Household survey, Regional, Rural, Provincial, Per capita, Income, Disposable, Tianjin, Volume, CNY, % YoY, YTD",None,line
"China, Household survey, Regional, Rural, Provincial, Per capita, Income, Disposable, Tibet, Volume, CNY, % YoY, YTD","China, Household survey, Regional, Rural, Provincial, Per capita, Income, Disposable, Tibet, Volume, CNY, % YoY, YTD",None,line
"China, Household survey, Regional, Rural, Provincial, Per capita, Income, Disposable, Xinjiang, Volume, CNY, % YoY, YTD","China, Household survey, Regional, Rural, Provincial, Per capita, Income, Disposable, Xinjiang, Volume, CNY, % YoY, YTD",None,line
"China, Household survey, Regional, Rural, Provincial, Per capita, Income, Disposable, Yunnan, Volume, CNY, % YoY, YTD","China, Household survey, Regional, Rural, Provincial, Per capita, Income, Disposable, Yunnan, Volume, CNY, % YoY, YTD",None,line
"China, Household survey, Regional, Rural, Provincial, Per capita, Income, Disposable, Zhejiang, Volume, CNY, % YoY, YTD","China, Household survey, Regional, Rural, Provincial, Per capita, Income, Disposable, Zhejiang, Volume, CNY, % YoY, YTD",None,line
"China, Household survey, Regional, Urban, Provincial, Per capita, Expenditure, Anhui, Volume, CNY, % YoY, YTD","China, Household survey, Regional, Urban, Provincial, Per capita, Expenditure, Anhui, Volume, CNY, % YoY, YTD",None,line
"China, Household survey, Regional, Urban, Provincial, Per capita, Expenditure, Beijing, Volume, CNY, % YoY, YTD","China, Household survey, Regional, Urban, Provincial, Per capita, Expenditure, Beijing, Volume, CNY, % YoY, YTD",None,line
"China, Household survey, Regional, Urban, Provincial, Per capita, Expenditure, Chongqing, Volume, CNY, % YoY, YTD","China, Household survey, Regional, Urban, Provincial, Per capita, Expenditure, Chongqing, Volume, CNY, % YoY, YTD",None,line
"China, Household survey, Regional, Urban, Provincial, Per capita, Expenditure, Fujian, Volume, CNY, % YoY, YTD","China, Household survey, Regional, Urban, Provincial, Per capita, Expenditure, Fujian, Volume, CNY, % YoY, YTD",None,line
"China, Household survey, Regional, Urban, Provincial, Per capita, Expenditure, Gansu, Volume, CNY, % YoY, YTD","China, Household survey, Regional, Urban, Provincial, Per capita, Expenditure, Gansu, Volume, CNY, % YoY, YTD",None,line
"China, Household survey, Regional, Urban, Provincial, Per capita, Expenditure, Guangdong, Volume, CNY, % YoY, YTD","China, Household survey, Regional, Urban, Provincial, Per capita, Expenditure, Guangdong, Volume, CNY, % YoY, YTD",None,line
"China, Household survey, Regional, Urban, Provincial, Per capita, Expenditure, Guangxi, Volume, CNY, % YoY, YTD","China, Household survey, Regional, Urban, Provincial, Per capita, Expenditure, Guangxi, Volume, CNY, % YoY, YTD",None,line
"China, Household survey, Regional, Urban, Provincial, Per capita, Expenditure, Guizhou, Volume, CNY, % YoY, YTD","China, Household survey, Regional, Urban, Provincial, Per capita, Expenditure, Guizhou, Volume, CNY, % YoY, YTD",None,line
"China, Household survey, Regional, Urban, Provincial, Per capita, Expenditure, Hainan, Volume, CNY, % YoY, YTD","China, Household survey, Regional, Urban, Provincial, Per capita, Expenditure, Hainan, Volume, CNY, % YoY, YTD",None,line
"China, Household survey, Regional, Urban, Provincial, Per capita, Expenditure, Hebei, Volume, CNY, % YoY, YTD","China, Household survey, Regional, Urban, Provincial, Per capita, Expenditure, Hebei, Volume, CNY, % YoY, YTD",None,line
"China, Household survey, Regional, Urban, Provincial, Per capita, Expenditure, Heilongjiang, Volume, CNY, % YoY, YTD","China, Household survey, Regional, Urban, Provincial, Per capita, Expenditure, Heilongjiang, Volume, CNY, % YoY, YTD",None,line
"China, Household survey, Regional, Urban, Provincial, Per capita, Expenditure, Henan, Volume, CNY, % YoY, YTD","China, Household survey, Regional, Urban, Provincial, Per capita, Expenditure, Henan, Volume, CNY, % YoY, YTD",None,line
"China, Household survey, Regional, Urban, Provincial, Per capita, Expenditure, Hubei, Volume, CNY, % YoY, YTD","China, Household survey, Regional, Urban, Provincial, Per capita, Expenditure, Hubei, Volume, CNY, % YoY, YTD",None,line
"China, Household survey, Regional, Urban, Provincial, Per capita, Expenditure, Hunan, Volume, CNY, % YoY, YTD","China, Household survey, Regional, Urban, Provincial, Per capita, Expenditure, Hunan, Volume, CNY, % YoY, YTD",None,line
"China, Household survey, Regional, Urban, Provincial, Per capita, Expenditure, Inner Mongolia, Volume, CNY, % YoY, YTD","China, Household survey, Regional, Urban, Provincial, Per capita, Expenditure, Inner Mongolia, Volume, CNY, % YoY, YTD",None,line
"China, Household survey, Regional, Urban, Provincial, Per capita, Expenditure, Jiangsu, Volume, CNY, % YoY, YTD","China, Household survey, Regional, Urban, Provincial, Per capita, Expenditure, Jiangsu, Volume, CNY, % YoY, YTD",None,line
"China, Household survey, Regional, Urban, Provincial, Per capita, Expenditure, Jiangxi, Volume, CNY, % YoY, YTD","China, Household survey, Regional, Urban, Provincial, Per capita, Expenditure, Jiangxi, Volume, CNY, % YoY, YTD",None,line
"China, Household survey, Regional, Urban, Provincial, Per capita, Expenditure, Jilin, Volume, CNY, % YoY, YTD","China, Household survey, Regional, Urban, Provincial, Per capita, Expenditure, Jilin, Volume, CNY, % YoY, YTD",None,line
"China, Household survey, Regional, Urban, Provincial, Per capita, Expenditure, Liaoning, Volume, CNY, % YoY, YTD","China, Household survey, Regional, Urban, Provincial, Per capita, Expenditure, Liaoning, Volume, CNY, % YoY, YTD",None,line
"China, Household survey, Regional, Urban, Provincial, Per capita, Expenditure, Ningxia, Volume, CNY, % YoY, YTD","China, Household survey, Regional, Urban, Provincial, Per capita, Expenditure, Ningxia, Volume, CNY, % YoY, YTD",None,line
"China, Household survey, Regional, Urban, Provincial, Per capita, Expenditure, Qinghai, Volume, CNY, % YoY, YTD","China, Household survey, Regional, Urban, Provincial, Per capita, Expenditure, Qinghai, Volume, CNY, % YoY, YTD",None,line
"China, Household survey, Regional, Urban, Provincial, Per capita, Expenditure, Shaanxi, Volume, CNY, % YoY, YTD","China, Household survey, Regional, Urban, Provincial, Per capita, Expenditure, Shaanxi, Volume, CNY, % YoY, YTD",None,line
"China, Household survey, Regional, Urban, Provincial, Per capita, Expenditure, Shandong, Volume, CNY, % YoY, YTD","China, Household survey, Regional, Urban, Provincial, Per capita, Expenditure, Shandong, Volume, CNY, % YoY, YTD",None,line
"China, Household survey, Regional, Urban, Provincial, Per capita, Expenditure, Shanghai, Volume, CNY, % YoY, YTD","China, Household survey, Regional, Urban, Provincial, Per capita, Expenditure, Shanghai, Volume, CNY, % YoY, YTD",None,line
"China, Household survey, Regional, Urban, Provincial, Per capita, Expenditure, Shanxi, Volume, CNY, % YoY, YTD","China, Household survey, Regional, Urban, Provincial, Per capita, Expenditure, Shanxi, Volume, CNY, % YoY, YTD",None,line
"China, Household survey, Regional, Urban, Provincial, Per capita, Expenditure, Sichuan, Volume, CNY, % YoY, YTD","China, Household survey, Regional, Urban, Provincial, Per capita, Expenditure, Sichuan, Volume, CNY, % YoY, YTD",None,line
"China, Household survey, Regional, Urban, Provincial, Per capita, Expenditure, Tianjin, Volume, CNY, % YoY, YTD","China, Household survey, Regional, Urban, Provincial, Per capita, Expenditure, Tianjin, Volume, CNY, % YoY, YTD",None,line
"China, Household survey, Regional, Urban, Provincial, Per capita, Expenditure, Tibet, Volume, CNY, % YoY, YTD","China, Household survey, Regional, Urban, Provincial, Per capita, Expenditure, Tibet, Volume, CNY, % YoY, YTD",None,line
"China, Household survey, Regional, Urban, Provincial, Per capita, Expenditure, Xinjiang, Volume, CNY, % YoY, YTD","China, Household survey, Regional, Urban, Provincial, Per capita, Expenditure, Xinjiang, Volume, CNY, % YoY, YTD",None,line
"China, Household survey, Regional, Urban, Provincial, Per capita, Expenditure, Yunnan, Volume, CNY, % YoY, YTD","China, Household survey, Regional, Urban, Provincial, Per capita, Expenditure, Yunnan, Volume, CNY, % YoY, YTD",None,line
"China, Household survey, Regional, Urban, Provincial, Per capita, Expenditure, Zhejiang, Volume, CNY, % YoY, YTD","China, Household survey, Regional, Urban, Provincial, Per capita, Expenditure, Zhejiang, Volume, CNY, % YoY, YTD",None,line
"China, Household survey, Regional, Urban, Provincial, Per capita, Income, Disposable, Anhui, Volume, CNY, % YoY, YTD","China, Household survey, Regional, Urban, Provincial, Per capita, Income, Disposable, Anhui, Volume, CNY, % YoY, YTD",None,line
"China, Household survey, Regional, Urban, Provincial, Per capita, Income, Disposable, Beijing, Volume, CNY, % YoY, YTD","China, Household survey, Regional, Urban, Provincial, Per capita, Income, Disposable, Beijing, Volume, CNY, % YoY, YTD",None,line
"China, Household survey, Regional, Urban, Provincial, Per capita, Income, Disposable, Chongqing, Volume, CNY, % YoY, YTD","China, Household survey, Regional, Urban, Provincial, Per capita, Income, Disposable, Chongqing, Volume, CNY, % YoY, YTD",None,line
"China, Household survey, Regional, Urban, Provincial, Per capita, Income, Disposable, Fujian, Volume, CNY, % YoY, YTD","China, Household survey, Regional, Urban, Provincial, Per capita, Income, Disposable, Fujian, Volume, CNY, % YoY, YTD",None,line
"China, Household survey, Regional, Urban, Provincial, Per capita, Income, Disposable, Gansu, Volume, CNY, % YoY, YTD","China, Household survey, Regional, Urban, Provincial, Per capita, Income, Disposable, Gansu, Volume, CNY, % YoY, YTD",None,line
"China, Household survey, Regional, Urban, Provincial, Per capita, Income, Disposable, Guangdong, Volume, CNY, % YoY, YTD","China, Household survey, Regional, Urban, Provincial, Per capita, Income, Disposable, Guangdong, Volume, CNY, % YoY, YTD",None,line
"China, Household survey, Regional, Urban, Provincial, Per capita, Income, Disposable, Guangxi, Volume, CNY, % YoY, YTD","China, Household survey, Regional, Urban, Provincial, Per capita, Income, Disposable, Guangxi, Volume, CNY, % YoY, YTD",None,line
"China, Household survey, Regional, Urban, Provincial, Per capita, Income, Disposable, Guizhou, Volume, CNY, % YoY, YTD","China, Household survey, Regional, Urban, Provincial, Per capita, Income, Disposable, Guizhou, Volume, CNY, % YoY, YTD",None,line
"China, Household survey, Regional, Urban, Provincial, Per capita, Income, Disposable, Hainan, Volume, CNY, % YoY, YTD","China, Household survey, Regional, Urban, Provincial, Per capita, Income, Disposable, Hainan, Volume, CNY, % YoY, YTD",None,line
"China, Household survey, Regional, Urban, Provincial, Per capita, Income, Disposable, Hebei, Volume, CNY, % YoY, YTD","China, Household survey, Regional, Urban, Provincial, Per capita, Income, Disposable, Hebei, Volume, CNY, % YoY, YTD",None,line
"China, Household survey, Regional, Urban, Provincial, Per capita, Income, Disposable, Heilongjiang, Volume, CNY, % YoY, YTD","China, Household survey, Regional, Urban, Provincial, Per capita, Income, Disposable, Heilongjiang, Volume, CNY, % YoY, YTD",None,line
"China, Household survey, Regional, Urban, Provincial, Per capita, Income, Disposable, Henan, Volume, CNY, % YoY, YTD","China, Household survey, Regional, Urban, Provincial, Per capita, Income, Disposable, Henan, Volume, CNY, % YoY, YTD",None,line
"China, Household survey, Regional, Urban, Provincial, Per capita, Income, Disposable, Hubei, Volume, CNY, % YoY, YTD","China, Household survey, Regional, Urban, Provincial, Per capita, Income, Disposable, Hubei, Volume, CNY, % YoY, YTD",None,line
"China, Household survey, Regional, Urban, Provincial, Per capita, Income, Disposable, Hunan, Volume, CNY, % YoY, YTD","China, Household survey, Regional, Urban, Provincial, Per capita, Income, Disposable, Hunan, Volume, CNY, % YoY, YTD",None,line
"China, Household survey, Regional, Urban, Provincial, Per capita, Income, Disposable, Inner Mongolia, Volume, CNY, % YoY, YTD","China, Household survey, Regional, Urban, Provincial, Per capita, Income, Disposable, Inner Mongolia, Volume, CNY, % YoY, YTD",None,line
"China, Household survey, Regional, Urban, Provincial, Per capita, Income, Disposable, Jiangsu, Volume, CNY, % YoY, YTD","China, Household survey, Regional, Urban, Provincial, Per capita, Income, Disposable, Jiangsu, Volume, CNY, % YoY, YTD",None,line
"China, Household survey, Regional, Urban, Provincial, Per capita, Income, Disposable, Jiangxi, Volume, CNY, % YoY, YTD","China, Household survey, Regional, Urban, Provincial, Per capita, Income, Disposable, Jiangxi, Volume, CNY, % YoY, YTD",None,line
"China, Household survey, Regional, Urban, Provincial, Per capita, Income, Disposable, Jilin, Volume, CNY, % YoY, YTD","China, Household survey, Regional, Urban, Provincial, Per capita, Income, Disposable, Jilin, Volume, CNY, % YoY, YTD",None,line
"China, Household survey, Regional, Urban, Provincial, Per capita, Income, Disposable, Liaoning, Volume, CNY, % YoY, YTD","China, Household survey, Regional, Urban, Provincial, Per capita, Income, Disposable, Liaoning, Volume, CNY, % YoY, YTD",None,line
"China, Household survey, Regional, Urban, Provincial, Per capita, Income, Disposable, Ningxia, Volume, CNY, % YoY, YTD","China, Household survey, Regional, Urban, Provincial, Per capita, Income, Disposable, Ningxia, Volume, CNY, % YoY, YTD",None,line
"China, Household survey, Regional, Urban, Provincial, Per capita, Income, Disposable, Qinghai, Volume, CNY, % YoY, YTD","China, Household survey, Regional, Urban, Provincial, Per capita, Income, Disposable, Qinghai, Volume, CNY, % YoY, YTD",None,line
"China, Household survey, Regional, Urban, Provincial, Per capita, Income, Disposable, Shaanxi, Volume, CNY, % YoY, YTD","China, Household survey, Regional, Urban, Provincial, Per capita, Income, Disposable, Shaanxi, Volume, CNY, % YoY, YTD",None,line
"China, Household survey, Regional, Urban, Provincial, Per capita, Income, Disposable, Shandong, Volume, CNY, % YoY, YTD","China, Household survey, Regional, Urban, Provincial, Per capita, Income, Disposable, Shandong, Volume, CNY, % YoY, YTD",None,line
"China, Household survey, Regional, Urban, Provincial, Per capita, Income, Disposable, Shanghai, Volume, CNY, % YoY, YTD","China, Household survey, Regional, Urban, Provincial, Per capita, Income, Disposable, Shanghai, Volume, CNY, % YoY, YTD",None,line
"China, Household survey, Regional, Urban, Provincial, Per capita, Income, Disposable, Shanxi, Volume, CNY, % YoY, YTD","China, Household survey, Regional, Urban, Provincial, Per capita, Income, Disposable, Shanxi, Volume, CNY, % YoY, YTD",None,line
"China, Household survey, Regional, Urban, Provincial, Per capita, Income, Disposable, Sichuan, Volume, CNY, % YoY, YTD","China, Household survey, Regional, Urban, Provincial, Per capita, Income, Disposable, Sichuan, Volume, CNY, % YoY, YTD",None,line
"China, Household survey, Regional, Urban, Provincial, Per capita, Income, Disposable, Tianjin, Volume, CNY, % YoY, YTD","China, Household survey, Regional, Urban, Provincial, Per capita, Income, Disposable, Tianjin, Volume, CNY, % YoY, YTD",None,line
"China, Household survey, Regional, Urban, Provincial, Per capita, Income, Disposable, Tibet, Volume, CNY, % YoY, YTD","China, Household survey, Regional, Urban, Provincial, Per capita, Income, Disposable, Tibet, Volume, CNY, % YoY, YTD",None,line
"China, Household survey, Regional, Urban, Provincial, Per capita, Income, Disposable, Xinjiang, Volume, CNY, % YoY, YTD","China, Household survey, Regional, Urban, Provincial, Per capita, Income, Disposable, Xinjiang, Volume, CNY, % YoY, YTD",None,line
"China, Household survey, Regional, Urban, Provincial, Per capita, Income, Disposable, Yunnan, Volume, CNY, % YoY, YTD","China, Household survey, Regional, Urban, Provincial, Per capita, Income, Disposable, Yunnan, Volume, CNY, % YoY, YTD",None,line
"China, Household survey, Regional, Urban, Provincial, Per capita, Income, Disposable, Zhejiang, Volume, CNY, % YoY, YTD","China, Household survey, Regional, Urban, Provincial, Per capita, Income, Disposable, Zhejiang, Volume, CNY, % YoY, YTD",None,line
"China, Household survey, Rural, Per capita, Expenditure, Clothing and footwear, YTD, Volume, CNY, % YoY","China, Household survey, Rural, Per capita, Expenditure, Clothing and footwear, YTD, Volume, CNY, % YoY",None,line
"China, Household survey, Rural, Per capita, Expenditure, Education, culture and recreation, YTD, Volume, CNY, % YoY","China, Household survey, Rural, Per capita, Expenditure, Education, culture and recreation, YTD, Volume, CNY, % YoY",None,line
"China, Household survey, Rural, Per capita, Expenditure, Food and tobacco, YTD, Volume, CNY, % YoY","China, Household survey, Rural, Per capita, Expenditure, Food and tobacco, YTD, Volume, CNY, % YoY",None,line
"China, Household survey, Rural, Per capita, Expenditure, Household equipment, furnishings and services, YTD, Volume, CNY, % YoY","China, Household survey, Rural, Per capita, Expenditure, Household equipment, furnishings and services, YTD, Volume, CNY, % YoY",None,line
"China, Household survey, Rural, Per capita, Expenditure, Housing, YTD, Volume, CNY, % YoY","China, Household survey, Rural, Per capita, Expenditure, Housing, YTD, Volume, CNY, % YoY",None,line
"China, Household survey, Rural, Per capita, Expenditure, Medical, YTD, Volume, CNY, % YoY","China, Household survey, Rural, Per capita, Expenditure, Medical, YTD, Volume, CNY, % YoY",None,line
"China, Household survey, Rural, Per capita, Expenditure, Miscellaneous, YTD, Volume, CNY, % YoY","China, Household survey, Rural, Per capita, Expenditure, Miscellaneous, YTD, Volume, CNY, % YoY",None,line
"China, Household survey, Rural, Per capita, Expenditure, Transport and communication, YTD, Volume, CNY, % YoY","China, Household survey, Rural, Per capita, Expenditure, Transport and communication, YTD, Volume, CNY, % YoY",None,line
"China, Household survey, Rural, Per capita, Expenditure, YTD, Volume, CNY, % YoY","China, Household survey, Rural, Per capita, Expenditure, YTD, Volume, CNY, % YoY",None,line
"China, Household survey, Rural, Per capita, Income, Business, YTD, Volume, CNY, % YoY","China, Household survey, Rural, Per capita, Income, Business, YTD, Volume, CNY, % YoY",None,line
"China, Household survey, Rural, Per capita, Income, Disposable, Median, YTD, Volume, CNY, % YoY","China, Household survey, Rural, Per capita, Income, Disposable, Median, YTD, Volume, CNY, % YoY",None,line
"China, Household survey, Rural, Per capita, Income, Disposable, YTD, Volume, CNY, % YoY","China, Household survey, Rural, Per capita, Income, Disposable, YTD, Volume, CNY, % YoY",None,line
"China, Household survey, Rural, Per capita, Income, Property, YTD, Volume, CNY, % YoY","China, Household survey, Rural, Per capita, Income, Property, YTD, Volume, CNY, % YoY",None,line
"China, Household survey, Rural, Per capita, Income, Transfer, YTD, Volume, CNY, % YoY","China, Household survey, Rural, Per capita, Income, Transfer, YTD, Volume, CNY, % YoY",None,line
"China, Household survey, Rural, Per capita, Income, Wages, YTD, Volume, CNY, % YoY","China, Household survey, Rural, Per capita, Income, Wages, YTD, Volume, CNY, % YoY",None,line
"China, Household survey, Urban, Per capita, Expenditure, Clothing and footwear, YTD, Volume, CNY, % YoY","China, Household survey, Urban, Per capita, Expenditure, Clothing and footwear, YTD, Volume, CNY, % YoY",None,line
"China, Household survey, Urban, Per capita, Expenditure, Education, culture and recreation, YTD, Volume, CNY, % YoY","China, Household survey, Urban, Per capita, Expenditure, Education, culture and recreation, YTD, Volume, CNY, % YoY",None,line
"China, Household survey, Urban, Per capita, Expenditure, Food and tobacco, YTD, Volume, CNY, % YoY","China, Household survey, Urban, Per capita, Expenditure, Food and tobacco, YTD, Volume, CNY, % YoY",None,line
"China, Household survey, Urban, Per capita, Expenditure, Household equipment, furnishings and services, YTD, Volume, CNY, % YoY","China, Household survey, Urban, Per capita, Expenditure, Household equipment, furnishings and services, YTD, Volume, CNY, % YoY",None,line
"China, Household survey, Urban, Per capita, Expenditure, Housing, YTD, Volume, CNY, % YoY","China, Household survey, Urban, Per capita, Expenditure, Housing, YTD, Volume, CNY, % YoY",None,line
"China, Household survey, Urban, Per capita, Expenditure, Medical, YTD, Volume, CNY, % YoY","China, Household survey, Urban, Per capita, Expenditure, Medical, YTD, Volume, CNY, % YoY",None,line
"China, Household survey, Urban, Per capita, Expenditure, Miscellaneous, YTD, Volume, CNY, % YoY","China, Household survey, Urban, Per capita, Expenditure, Miscellaneous, YTD, Volume, CNY, % YoY",None,line
"China, Household survey, Urban, Per capita, Expenditure, Transport and communication, YTD, Volume, CNY, % YoY","China, Household survey, Urban, Per capita, Expenditure, Transport and communication, YTD, Volume, CNY, % YoY",None,line
"China, Household survey, Urban, Per capita, Expenditure, YTD, Volume, CNY, % YoY","China, Household survey, Urban, Per capita, Expenditure, YTD, Volume, CNY, % YoY",None,line
"China, Household survey, Urban, Per capita, Income, Business, YTD, Volume, CNY, % YoY","China, Household survey, Urban, Per capita, Income, Business, YTD, Volume, CNY, % YoY",None,line
"China, Household survey, Urban, Per capita, Income, Disposable, Median, YTD, Volume, CNY, % YoY","China, Household survey, Urban, Per capita, Income, Disposable, Median, YTD, Volume, CNY, % YoY",None,line
"China, Household survey, Urban, Per capita, Income, Disposable, YTD, Volume, CNY, % YoY","China, Household survey, Urban, Per capita, Income, Disposable, YTD, Volume, CNY, % YoY",None,line
"China, Household survey, Urban, Per capita, Income, Property, YTD, Volume, CNY, % YoY","China, Household survey, Urban, Per capita, Income, Property, YTD, Volume, CNY, % YoY",None,line
"China, Household survey, Urban, Per capita, Income, Transfer, YTD, Volume, CNY, % YoY","China, Household survey, Urban, Per capita, Income, Transfer, YTD, Volume, CNY, % YoY",None,line
"China, Household survey, Urban, Per capita, Income, Wages, YTD, Volume, CNY, % YoY","China, Household survey, Urban, Per capita, Income, Wages, YTD, Volume, CNY, % YoY",None,line
"China, Household survey, National, Per capita, Expenditure, Clothing and footwear, Volume, CNY, % YoY","China, Household survey, National, Per capita, Expenditure, Clothing and footwear, Volume, CNY, % YoY",None,line
"China, Household survey, National, Per capita, Expenditure, Education, culture and recreation, Volume, CNY, % YoY","China, Household survey, National, Per capita, Expenditure, Education, culture and recreation, Volume, CNY, % YoY",None,line
"China, Household survey, National, Per capita, Expenditure, Food and tobacco, Volume, CNY, % YoY","China, Household survey, National, Per capita, Expenditure, Food and tobacco, Volume, CNY, % YoY",None,line
"China, Household survey, National, Per capita, Expenditure, Household equipment, furnishings and services, Volume, CNY, % YoY","China, Household survey, National, Per capita, Expenditure, Household equipment, furnishings and services, Volume, CNY, % YoY",None,line
"China, Household survey, National, Per capita, Expenditure, Housing, Volume, CNY, % YoY","China, Household survey, National, Per capita, Expenditure, Housing, Volume, CNY, % YoY",None,line
"China, Household survey, National, Per capita, Expenditure, Medical, Volume, CNY, % YoY","China, Household survey, National, Per capita, Expenditure, Medical, Volume, CNY, % YoY",None,line
"China, Household survey, National, Per capita, Expenditure, Miscellaneous, Volume, CNY, % YoY","China, Household survey, National, Per capita, Expenditure, Miscellaneous, Volume, CNY, % YoY",None,line
"China, Household survey, National, Per capita, Expenditure, Transport and communication, Volume, CNY, % YoY","China, Household survey, National, Per capita, Expenditure, Transport and communication, Volume, CNY, % YoY",None,line
"China, Household survey, National, Per capita, Expenditure, Volume, CNY, % YoY","China, Household survey, National, Per capita, Expenditure, Volume, CNY, % YoY",None,line
"China, Household survey, National, Per capita, Income, Business, Volume, CNY, % YoY","China, Household survey, National, Per capita, Income, Business, Volume, CNY, % YoY",None,line
"China, Household survey, National, Per capita, Income, Disposable, Median, Volume, CNY, % YoY","China, Household survey, National, Per capita, Income, Disposable, Median, Volume, CNY, % YoY",None,line
"China, Household survey, National, Per capita, Income, Disposable, Volume, CNY, % YoY","China, Household survey, National, Per capita, Income, Disposable, Volume, CNY, % YoY",None,line
"China, Household survey, National, Per capita, Income, Property, Volume, CNY, % YoY","China, Household survey, National, Per capita, Income, Property, Volume, CNY, % YoY",None,line
"China, Household survey, National, Per capita, Income, Transfer, Volume, CNY, % YoY","China, Household survey, National, Per capita, Income, Transfer, Volume, CNY, % YoY",None,line
"China, Household survey, National, Per capita, Income, Wages, Volume, CNY, % YoY","China, Household survey, National, Per capita, Income, Wages, Volume, CNY, % YoY",None,line
"China, Household survey, Rural, Per capita, Expenditure, Clothing and footwear, Volume, CNY, % YoY","China, Household survey, Rural, Per capita, Expenditure, Clothing and footwear, Volume, CNY, % YoY",None,line
"China, Household survey, Rural, Per capita, Expenditure, Education, culture and recreation, Volume, CNY, % YoY","China, Household survey, Rural, Per capita, Expenditure, Education, culture and recreation, Volume, CNY, % YoY",None,line
"China, Household survey, Rural, Per capita, Expenditure, Food and tobacco, Volume, CNY, % YoY","China, Household survey, Rural, Per capita, Expenditure, Food and tobacco, Volume, CNY, % YoY",None,line
"China, Household survey, Rural, Per capita, Expenditure, Household equipment, furnishings and services, Volume, CNY, % YoY","China, Household survey, Rural, Per capita, Expenditure, Household equipment, furnishings and services, Volume, CNY, % YoY",None,line
"China, Household survey, Rural, Per capita, Expenditure, Housing, Volume, CNY, % YoY","China, Household survey, Rural, Per capita, Expenditure, Housing, Volume, CNY, % YoY",None,line
"China, Household survey, Rural, Per capita, Expenditure, Medical, Volume, CNY, % YoY","China, Household survey, Rural, Per capita, Expenditure, Medical, Volume, CNY, % YoY",None,line
"China, Household survey, Rural, Per capita, Expenditure, Miscellaneous, Volume, CNY, % YoY","China, Household survey, Rural, Per capita, Expenditure, Miscellaneous, Volume, CNY, % YoY",None,line
"China, Household survey, Rural, Per capita, Expenditure, Transport and communication, Volume, CNY, % YoY","China, Household survey, Rural, Per capita, Expenditure, Transport and communication, Volume, CNY, % YoY",None,line
"China, Household survey, Rural, Per capita, Expenditure, Volume, CNY, % YoY","China, Household survey, Rural, Per capita, Expenditure, Volume, CNY, % YoY",None,line
"China, Household survey, Rural, Per capita, Income, Business, Volume, CNY, % YoY","China, Household survey, Rural, Per capita, Income, Business, Volume, CNY, % YoY",None,line
"China, Household survey, Rural, Per capita, Income, Disposable, Median, Volume, CNY, % YoY","China, Household survey, Rural, Per capita, Income, Disposable, Median, Volume, CNY, % YoY",None,line
"China, Household survey, Rural, Per capita, Income, Disposable, Volume, CNY, % YoY","China, Household survey, Rural, Per capita, Income, Disposable, Volume, CNY, % YoY",None,line
"China, Household survey, Rural, Per capita, Income, Property, Volume, CNY, % YoY","China, Household survey, Rural, Per capita, Income, Property, Volume, CNY, % YoY",None,line
"China, Household survey, Rural, Per capita, Income, Transfer, Volume, CNY, % YoY","China, Household survey, Rural, Per capita, Income, Transfer, Volume, CNY, % YoY",None,line
"China, Household survey, Rural, Per capita, Income, Wages, Volume, CNY, % YoY","China, Household survey, Rural, Per capita, Income, Wages, Volume, CNY, % YoY",None,line
"China, Household survey, Urban, Per capita, Expenditure, Clothing and footwear, Volume, CNY, % YoY","China, Household survey, Urban, Per capita, Expenditure, Clothing and footwear, Volume, CNY, % YoY",None,line
"China, Household survey, Urban, Per capita, Expenditure, Education, culture and recreation, Volume, CNY, % YoY","China, Household survey, Urban, Per capita, Expenditure, Education, culture and recreation, Volume, CNY, % YoY",None,line
"China, Household survey, Urban, Per capita, Expenditure, Food and tobacco, Volume, CNY, % YoY","China, Household survey, Urban, Per capita, Expenditure, Food and tobacco, Volume, CNY, % YoY",None,line
"China, Household survey, Urban, Per capita, Expenditure, Household equipment, furnishings and services, Volume, CNY, % YoY","China, Household survey, Urban, Per capita, Expenditure, Household equipment, furnishings and services, Volume, CNY, % YoY",None,line
"China, Household survey, Urban, Per capita, Expenditure, Housing, Volume, CNY, % YoY","China, Household survey, Urban, Per capita, Expenditure, Housing, Volume, CNY, % YoY",None,line
"China, Household survey, Urban, Per capita, Expenditure, Medical, Volume, CNY, % YoY","China, Household survey, Urban, Per capita, Expenditure, Medical, Volume, CNY, % YoY",None,line
"China, Household survey, Urban, Per capita, Expenditure, Miscellaneous, Volume, CNY, % YoY","China, Household survey, Urban, Per capita, Expenditure, Miscellaneous, Volume, CNY, % YoY",None,line
"China, Household survey, Urban, Per capita, Expenditure, Transport and communication, Volume, CNY, % YoY","China, Household survey, Urban, Per capita, Expenditure, Transport and communication, Volume, CNY, % YoY",None,line
"China, Household survey, Urban, Per capita, Expenditure, Volume, CNY, % YoY","China, Household survey, Urban, Per capita, Expenditure, Volume, CNY, % YoY",None,line
"China, Household survey, Urban, Per capita, Income, Business, Volume, CNY, % YoY","China, Household survey, Urban, Per capita, Income, Business, Volume, CNY, % YoY",None,line
"China, Household survey, Urban, Per capita, Income, Disposable, Median, Volume, CNY, % YoY","China, Household survey, Urban, Per capita, Income, Disposable, Median, Volume, CNY, % YoY",None,line
"China, Household survey, Urban, Per capita, Income, Disposable, Volume, CNY, % YoY","China, Household survey, Urban, Per capita, Income, Disposable, Volume, CNY, % YoY",None,line
"China, Household survey, Urban, Per capita, Income, Property, Volume, CNY, % YoY","China, Household survey, Urban, Per capita, Income, Property, Volume, CNY, % YoY",None,line
"China, Household survey, Urban, Per capita, Income, Transfer, Volume, CNY, % YoY","China, Household survey, Urban, Per capita, Income, Transfer, Volume, CNY, % YoY",None,line
"China, Household survey, Urban, Per capita, Income, Wages, Volume, CNY, % YoY","China, Household survey, Urban, Per capita, Income, Wages, Volume, CNY, % YoY",None,line
"China, Household survey, National, Aggregate, Income, Disposable, Volume, CNY, % YoY","China, Household survey, National, Aggregate, Income, Disposable, Volume, CNY, % YoY",None,line
"China, Household survey, Rural and urban, Aggregate, Income, Disposable, Volume, CNY, % YoY","China, Household survey, Rural and urban, Aggregate, Income, Disposable, Volume, CNY, % YoY",None,line
"China, Household survey, National, Aggregate, Expenditure, Medical, Volume, CNY, % YoY","China, Household survey, National, Aggregate, Expenditure, Medical, Volume, CNY, % YoY",None,line
"China, Household survey, National, Aggregate, Expenditure, Education, culture and recreation, Volume, CNY, % YoY","China, Household survey, National, Aggregate, Expenditure, Education, culture and recreation, Volume, CNY, % YoY",None,line
"China, Household survey, National, Aggregate, Expenditure, Transport and communication, Volume, CNY, % YoY","China, Household survey, National, Aggregate, Expenditure, Transport and communication, Volume, CNY, % YoY",None,line
"China, Household survey, National, Aggregate, Expenditure, Clothing and footwear, Volume, CNY, % YoY","China, Household survey, National, Aggregate, Expenditure, Clothing and footwear, Volume, CNY, % YoY",None,line
"China, Household survey, National, Aggregate, Expenditure, Food and tobacco, Volume, CNY, % YoY","China, Household survey, National, Aggregate, Expenditure, Food and tobacco, Volume, CNY, % YoY",None,line
"China, Household survey, National, Aggregate, Expenditure, Household equipment, furnishings and services, Volume, CNY, % YoY","China, Household survey, National, Aggregate, Expenditure, Household equipment, furnishings and services, Volume, CNY, % YoY",None,line
"China, Household survey, National, Aggregate, Expenditure, Miscellaneous, Volume, CNY, % YoY","China, Household survey, National, Aggregate, Expenditure, Miscellaneous, Volume, CNY, % YoY",None,line
"China, Household survey, National, Aggregate, Expenditure, Housing, Volume, CNY, % YoY","China, Household survey, National, Aggregate, Expenditure, Housing, Volume, CNY, % YoY",None,line
"China, Household survey, National, Aggregate, Expenditure, Volume, CNY, % YoY","China, Household survey, National, Aggregate, Expenditure, Volume, CNY, % YoY",None,line
"China, Household survey, Rural and urban, Aggregate, Expenditure, Volume, CNY, % YoY","China, Household survey, Rural and urban, Aggregate, Expenditure, Volume, CNY, % YoY",None,line
"China, Household survey, Urban, Per capita, Expenditure, Volume, SA, CNY","China, Household survey, Urban, Per capita, Expenditure, Volume, SA, CNY",None,line
"China, Household survey, Urban, Per capita, Income, Disposable, Volume, SA, CNY","China, Household survey, Urban, Per capita, Income, Disposable, Volume, SA, CNY",None,line
"China, Household survey, National, Aggregate, Income, Disposable, Volume, SA, CNY bn","China, Household survey, National, Aggregate, Income, Disposable, Volume, SA, CNY bn",None,line
"China, Household survey, National, Aggregate, Expenditure, Volume, SA, CNY bn","China, Household survey, National, Aggregate, Expenditure, Volume, SA, CNY bn",None,line
"China, Household survey, National, Per capita, Expenditure, Volume, SA, CNY","China, Household survey, National, Per capita, Expenditure, Volume, SA, CNY",None,line
"China, Household survey, National, Per capita, Income, Disposable, Volume, SA, CNY","China, Household survey, National, Per capita, Income, Disposable, Volume, SA, CNY",None,line
"China, Household survey, Rural, Per capita, Expenditure, Volume, SA, CNY","China, Household survey, Rural, Per capita, Expenditure, Volume, SA, CNY",None,line
"China, Household survey, Rural, Per capita, Income, Disposable, Volume, SA, CNY","China, Household survey, Rural, Per capita, Income, Disposable, Volume, SA, CNY",None,line
"China, Household survey, Rural and urban, Aggregate, Expenditure, Volume, SA, CNY bn","China, Household survey, Rural and urban, Aggregate, Expenditure, Volume, SA, CNY bn",None,line
"China, Household survey, Urban, Per capita, Expenditure, SA, % QoQ","China, Household survey, Urban, Per capita, Expenditure, SA, % QoQ",None,line
"China, Household survey, Urban, Per capita, Income, Disposable, SA, % QoQ","China, Household survey, Urban, Per capita, Income, Disposable, SA, % QoQ",None,line
"China, Household survey, Rural, Per capita, Income, Disposable, SA, % QoQ","China, Household survey, Rural, Per capita, Income, Disposable, SA, % QoQ",None,line
"China, Household survey, Rural, Per capita, Expenditure, SA, % QoQ","China, Household survey, Rural, Per capita, Expenditure, SA, % QoQ",None,line
"China, Household survey, National, Per capita, Income, Disposable, SA, % QoQ","China, Household survey, National, Per capita, Income, Disposable, SA, % QoQ",None,line
"China, Household survey, National, Per capita, Expenditure, SA, % QoQ","China, Household survey, National, Per capita, Expenditure, SA, % QoQ",None,line
"China, Household survey, National, Per capita, Income, Wages, SA, % QoQ","China, Household survey, National, Per capita, Income, Wages, SA, % QoQ",None,line
"China, Household survey, National, Per capita, Income, Business, SA, % QoQ","China, Household survey, National, Per capita, Income, Business, SA, % QoQ",None,line
"China, Household survey, National, Per capita, Income, Property, SA, % QoQ","China, Household survey, National, Per capita, Income, Property, SA, % QoQ",None,line
"China, Household survey, National, Per capita, Income, Transfer, SA, % QoQ","China, Household survey, National, Per capita, Income, Transfer, SA, % QoQ",None,line
"China, Household survey, National, Aggregate, Income, Disposable, Calculated SA, % QoQ","China, Household survey, National, Aggregate, Income, Disposable, Calculated SA, % QoQ",None,line
"China, Household survey, Rural and urban, Aggregate, Income, Disposable, Calculated SA, % QoQ","China, Household survey, Rural and urban, Aggregate, Income, Disposable, Calculated SA, % QoQ",None,line
"China, Household survey, National, Aggregate, Expenditure, Calculated SA, % QoQ","China, Household survey, National, Aggregate, Expenditure, Calculated SA, % QoQ",None,line
"China, Household survey, Rural and urban, Aggregate, Expenditure, Calculated SA, % QoQ","China, Household survey, Rural and urban, Aggregate, Expenditure, Calculated SA, % QoQ",None,line
"China, Household survey, Urban, Per capita, Expenditure, Volume, SA, % QoQ","China, Household survey, Urban, Per capita, Expenditure, Volume, SA, % QoQ",None,line
"China, Household survey, Urban, Per capita, Income, Disposable, Volume, SA, % QoQ","China, Household survey, Urban, Per capita, Income, Disposable, Volume, SA, % QoQ",None,line
"China, Household survey, National, Aggregate, Income, Disposable, Volume, Calculated SA, % QoQ","China, Household survey, National, Aggregate, Income, Disposable, Volume, Calculated SA, % QoQ",None,line
"China, Household survey, National, Aggregate, Expenditure, Volume, Calculated SA, % QoQ","China, Household survey, National, Aggregate, Expenditure, Volume, Calculated SA, % QoQ",None,line
"China, Household survey, National, Per capita, Expenditure, Volume, SA, % QoQ","China, Household survey, National, Per capita, Expenditure, Volume, SA, % QoQ",None,line
"China, Household survey, National, Per capita, Income, Disposable, Volume, SA, % QoQ","China, Household survey, National, Per capita, Income, Disposable, Volume, SA, % QoQ",None,line
"China, Household survey, Rural, Per capita, Expenditure, Volume, SA, % QoQ","China, Household survey, Rural, Per capita, Expenditure, Volume, SA, % QoQ",None,line
"China, Household survey, Rural, Per capita, Income, Disposable, Volume, SA, % QoQ","China, Household survey, Rural, Per capita, Income, Disposable, Volume, SA, % QoQ",None,line
"China, Household survey, Rural and urban, Aggregate, Expenditure, Volume, Calculated SA, % QoQ","China, Household survey, Rural and urban, Aggregate, Expenditure, Volume, Calculated SA, % QoQ",None,line
"China, Household survey, Urban, Per capita, Expenditure, Clothing and footwear, % of total","China, Household survey, Urban, Per capita, Expenditure, Clothing and footwear, % of total",p,line
"China, Household survey, Urban, Per capita, Expenditure, Education, culture and recreation, % of total","China, Household survey, Urban, Per capita, Expenditure, Education, culture and recreation, % of total",p,line
"China, Household survey, Urban, Per capita, Expenditure, Food and tobacco, % of total","China, Household survey, Urban, Per capita, Expenditure, Food and tobacco, % of total",p,line
"China, Household survey, Urban, Per capita, Expenditure, Household equipment, furnishings and services, % of total","China, Household survey, Urban, Per capita, Expenditure, Household equipment, furnishings and services, % of total",p,line
"China, Household survey, Urban, Per capita, Expenditure, Housing, % of total","China, Household survey, Urban, Per capita, Expenditure, Housing, % of total",p,line
"China, Household survey, Urban, Per capita, Expenditure, Medical, % of total","China, Household survey, Urban, Per capita, Expenditure, Medical, % of total",p,line
"China, Household survey, Urban, Per capita, Expenditure, Miscellaneous, % of total","China, Household survey, Urban, Per capita, Expenditure, Miscellaneous, % of total",p,line
"China, Household survey, Urban, Per capita, Expenditure, Transport and communication, % of total","China, Household survey, Urban, Per capita, Expenditure, Transport and communication, % of total",p,line
"China, Household survey, Urban, Per capita, Expenditure, % of total","China, Household survey, Urban, Per capita, Expenditure, % of total",p,line
"China, Household survey, Urban, Per capita, Expenditure, SA, % of total","China, Household survey, Urban, Per capita, Expenditure, SA, % of total",p,line
"China, Household survey, Urban, Per capita, Expenditure, Clothing and footwear, Volume, % of total","China, Household survey, Urban, Per capita, Expenditure, Clothing and footwear, Volume, % of total",None,line
"China, Household survey, Urban, Per capita, Expenditure, Education, culture and recreation, Volume, % of total","China, Household survey, Urban, Per capita, Expenditure, Education, culture and recreation, Volume, % of total",None,line
"China, Household survey, Urban, Per capita, Expenditure, Food and tobacco, Volume, % of total","China, Household survey, Urban, Per capita, Expenditure, Food and tobacco, Volume, % of total",None,line
"China, Household survey, Urban, Per capita, Expenditure, Household equipment, furnishings and services, Volume, % of total","China, Household survey, Urban, Per capita, Expenditure, Household equipment, furnishings and services, Volume, % of total",None,line
"China, Household survey, Urban, Per capita, Expenditure, Housing, Volume, % of total","China, Household survey, Urban, Per capita, Expenditure, Housing, Volume, % of total",None,line
"China, Household survey, Urban, Per capita, Expenditure, Medical, Volume, % of total","China, Household survey, Urban, Per capita, Expenditure, Medical, Volume, % of total",None,line
"China, Household survey, Urban, Per capita, Expenditure, Miscellaneous, Volume, % of total","China, Household survey, Urban, Per capita, Expenditure, Miscellaneous, Volume, % of total",None,line
"China, Household survey, Urban, Per capita, Expenditure, Transport and communication, Volume, % of total","China, Household survey, Urban, Per capita, Expenditure, Transport and communication, Volume, % of total",None,line
"China, Household survey, Urban, Per capita, Expenditure, Volume, % of total","China, Household survey, Urban, Per capita, Expenditure, Volume, % of total",None,line
"China, Household survey, Urban, Per capita, Expenditure, Clothing and footwear, Volume, % of total, % YoY","China, Household survey, Urban, Per capita, Expenditure, Clothing and footwear, Volume, % of total, % YoY",None,line
"China, Household survey, Urban, Per capita, Expenditure, Education, culture and recreation, Volume, % of total, % YoY","China, Household survey, Urban, Per capita, Expenditure, Education, culture and recreation, Volume, % of total, % YoY",None,line
"China, Household survey, Urban, Per capita, Expenditure, Food and tobacco, Volume, % of total, % YoY","China, Household survey, Urban, Per capita, Expenditure, Food and tobacco, Volume, % of total, % YoY",None,line
"China, Household survey, Urban, Per capita, Expenditure, Household equipment, furnishings and services, Volume, % of total, % YoY","China, Household survey, Urban, Per capita, Expenditure, Household equipment, furnishings and services, Volume, % of total, % YoY",None,line
"China, Household survey, Urban, Per capita, Expenditure, Housing, Volume, % of total, % YoY","China, Household survey, Urban, Per capita, Expenditure, Housing, Volume, % of total, % YoY",None,line
"China, Household survey, Urban, Per capita, Expenditure, Medical, Volume, % of total, % YoY","China, Household survey, Urban, Per capita, Expenditure, Medical, Volume, % of total, % YoY",None,line
"China, Household survey, Urban, Per capita, Expenditure, Miscellaneous, Volume, % of total, % YoY","China, Household survey, Urban, Per capita, Expenditure, Miscellaneous, Volume, % of total, % YoY",None,line
"China, Household survey, Urban, Per capita, Expenditure, Transport and communication, Volume, % of total, % YoY","China, Household survey, Urban, Per capita, Expenditure, Transport and communication, Volume, % of total, % YoY",None,line
"China, Household survey, Urban, Per capita, Expenditure, Volume, % of total, % YoY","China, Household survey, Urban, Per capita, Expenditure, Volume, % of total, % YoY",None,line
"China, Household survey, Urban, Per capita, Expenditure, Volume, SA, % of total","China, Household survey, Urban, Per capita, Expenditure, Volume, SA, % of total",None,line
"China, Household survey, Rural, Per capita, Expenditure, Clothing and footwear, % of total","China, Household survey, Rural, Per capita, Expenditure, Clothing and footwear, % of total",p,line
"China, Household survey, Rural, Per capita, Expenditure, Education, culture and recreation, % of total","China, Household survey, Rural, Per capita, Expenditure, Education, culture and recreation, % of total",p,line
"China, Household survey, Rural, Per capita, Expenditure, Food and tobacco, % of total","China, Household survey, Rural, Per capita, Expenditure, Food and tobacco, % of total",p,line
"China, Household survey, Rural, Per capita, Expenditure, Household equipment, furnishings and services, % of total","China, Household survey, Rural, Per capita, Expenditure, Household equipment, furnishings and services, % of total",p,line
"China, Household survey, Rural, Per capita, Expenditure, Housing, % of total","China, Household survey, Rural, Per capita, Expenditure, Housing, % of total",p,line
"China, Household survey, Rural, Per capita, Expenditure, Medical, % of total","China, Household survey, Rural, Per capita, Expenditure, Medical, % of total",p,line
"China, Household survey, Rural, Per capita, Expenditure, Miscellaneous, % of total","China, Household survey, Rural, Per capita, Expenditure, Miscellaneous, % of total",p,line
"China, Household survey, Rural, Per capita, Expenditure, Transport and communication, % of total","China, Household survey, Rural, Per capita, Expenditure, Transport and communication, % of total",p,line
"China, Household survey, Rural, Per capita, Expenditure, % of total","China, Household survey, Rural, Per capita, Expenditure, % of total",p,line
"China, Household survey, Rural, Per capita, Expenditure, SA, % of total","China, Household survey, Rural, Per capita, Expenditure, SA, % of total",p,line
"China, Household survey, Rural, Per capita, Expenditure, Clothing and footwear, Volume, % of total","China, Household survey, Rural, Per capita, Expenditure, Clothing and footwear, Volume, % of total",None,line
"China, Household survey, Rural, Per capita, Expenditure, Education, culture and recreation, Volume, % of total","China, Household survey, Rural, Per capita, Expenditure, Education, culture and recreation, Volume, % of total",None,line
"China, Household survey, Rural, Per capita, Expenditure, Food and tobacco, Volume, % of total","China, Household survey, Rural, Per capita, Expenditure, Food and tobacco, Volume, % of total",None,line
"China, Household survey, Rural, Per capita, Expenditure, Household equipment, furnishings and services, Volume, % of total","China, Household survey, Rural, Per capita, Expenditure, Household equipment, furnishings and services, Volume, % of total",None,line
"China, Household survey, Rural, Per capita, Expenditure, Housing, Volume, % of total","China, Household survey, Rural, Per capita, Expenditure, Housing, Volume, % of total",None,line
"China, Household survey, Rural, Per capita, Expenditure, Medical, Volume, % of total","China, Household survey, Rural, Per capita, Expenditure, Medical, Volume, % of total",None,line
"China, Household survey, Rural, Per capita, Expenditure, Miscellaneous, Volume, % of total","China, Household survey, Rural, Per capita, Expenditure, Miscellaneous, Volume, % of total",None,line
"China, Household survey, Rural, Per capita, Expenditure, Transport and communication, Volume, % of total","China, Household survey, Rural, Per capita, Expenditure, Transport and communication, Volume, % of total",None,line
"China, Household survey, Rural, Per capita, Expenditure, Volume, % of total","China, Household survey, Rural, Per capita, Expenditure, Volume, % of total",None,line
"China, Household survey, Rural, Per capita, Expenditure, Clothing and footwear, Volume, % of total, % YoY","China, Household survey, Rural, Per capita, Expenditure, Clothing and footwear, Volume, % of total, % YoY",None,line
"China, Household survey, Rural, Per capita, Expenditure, Education, culture and recreation, Volume, % of total, % YoY","China, Household survey, Rural, Per capita, Expenditure, Education, culture and recreation, Volume, % of total, % YoY",None,line
"China, Household survey, Rural, Per capita, Expenditure, Food and tobacco, Volume, % of total, % YoY","China, Household survey, Rural, Per capita, Expenditure, Food and tobacco, Volume, % of total, % YoY",None,line
"China, Household survey, Rural, Per capita, Expenditure, Household equipment, furnishings and services, Volume, % of total, % YoY","China, Household survey, Rural, Per capita, Expenditure, Household equipment, furnishings and services, Volume, % of total, % YoY",None,line
"China, Household survey, Rural, Per capita, Expenditure, Housing, Volume, % of total, % YoY","China, Household survey, Rural, Per capita, Expenditure, Housing, Volume, % of total, % YoY",None,line
"China, Household survey, Rural, Per capita, Expenditure, Medical, Volume, % of total, % YoY","China, Household survey, Rural, Per capita, Expenditure, Medical, Volume, % of total, % YoY",None,line
"China, Household survey, Rural, Per capita, Expenditure, Miscellaneous, Volume, % of total, % YoY","China, Household survey, Rural, Per capita, Expenditure, Miscellaneous, Volume, % of total, % YoY",None,line
"China, Household survey, Rural, Per capita, Expenditure, Transport and communication, Volume, % of total, % YoY","China, Household survey, Rural, Per capita, Expenditure, Transport and communication, Volume, % of total, % YoY",None,line
"China, Household survey, Rural, Per capita, Expenditure, Volume, % of total, % YoY","China, Household survey, Rural, Per capita, Expenditure, Volume, % of total, % YoY",None,line
"China, Household survey, Rural, Per capita, Expenditure, Volume, SA, % of total","China, Household survey, Rural, Per capita, Expenditure, Volume, SA, % of total",None,line
"China, Household survey, National, Per capita, Expenditure, Clothing and footwear, % of total","China, Household survey, National, Per capita, Expenditure, Clothing and footwear, % of total",p,line
"China, Household survey, National, Per capita, Expenditure, Education, culture and recreation, % of total","China, Household survey, National, Per capita, Expenditure, Education, culture and recreation, % of total",p,line
"China, Household survey, National, Per capita, Expenditure, Food and tobacco, % of total","China, Household survey, National, Per capita, Expenditure, Food and tobacco, % of total",p,line
"China, Household survey, National, Per capita, Expenditure, Household equipment, furnishings and services, % of total","China, Household survey, National, Per capita, Expenditure, Household equipment, furnishings and services, % of total",p,line
"China, Household survey, National, Per capita, Expenditure, Housing, % of total","China, Household survey, National, Per capita, Expenditure, Housing, % of total",p,line
"China, Household survey, National, Per capita, Expenditure, Medical, % of total","China, Household survey, National, Per capita, Expenditure, Medical, % of total",p,line
"China, Household survey, National, Per capita, Expenditure, Miscellaneous, % of total","China, Household survey, National, Per capita, Expenditure, Miscellaneous, % of total",p,line
"China, Household survey, National, Per capita, Expenditure, Transport and communication, % of total","China, Household survey, National, Per capita, Expenditure, Transport and communication, % of total",p,line
"China, Household survey, National, Per capita, Expenditure, % of total","China, Household survey, National, Per capita, Expenditure, % of total",p,line
"China, Household survey, National, Per capita, Expenditure, SA, % of total","China, Household survey, National, Per capita, Expenditure, SA, % of total",p,line
"China, Household survey, National, Per capita, Expenditure, Clothing and footwear, Volume, % of total","China, Household survey, National, Per capita, Expenditure, Clothing and footwear, Volume, % of total",None,line
"China, Household survey, National, Per capita, Expenditure, Education, culture and recreation, Volume, % of total","China, Household survey, National, Per capita, Expenditure, Education, culture and recreation, Volume, % of total",None,line
"China, Household survey, National, Per capita, Expenditure, Food and tobacco, Volume, % of total","China, Household survey, National, Per capita, Expenditure, Food and tobacco, Volume, % of total",None,line
"China, Household survey, National, Per capita, Expenditure, Household equipment, furnishings and services, Volume, % of total","China, Household survey, National, Per capita, Expenditure, Household equipment, furnishings and services, Volume, % of total",None,line
"China, Household survey, National, Per capita, Expenditure, Housing, Volume, % of total","China, Household survey, National, Per capita, Expenditure, Housing, Volume, % of total",None,line
"China, Household survey, National, Per capita, Expenditure, Medical, Volume, % of total","China, Household survey, National, Per capita, Expenditure, Medical, Volume, % of total",None,line
"China, Household survey, National, Per capita, Expenditure, Miscellaneous, Volume, % of total","China, Household survey, National, Per capita, Expenditure, Miscellaneous, Volume, % of total",None,line
"China, Household survey, National, Per capita, Expenditure, Transport and communication, Volume, % of total","China, Household survey, National, Per capita, Expenditure, Transport and communication, Volume, % of total",None,line
"China, Household survey, National, Per capita, Expenditure, Volume, % of total","China, Household survey, National, Per capita, Expenditure, Volume, % of total",None,line
"China, Household survey, National, Per capita, Expenditure, Clothing and footwear, Volume, % of total, % YoY","China, Household survey, National, Per capita, Expenditure, Clothing and footwear, Volume, % of total, % YoY",None,line
"China, Household survey, National, Per capita, Expenditure, Education, culture and recreation, Volume, % of total, % YoY","China, Household survey, National, Per capita, Expenditure, Education, culture and recreation, Volume, % of total, % YoY",None,line
"China, Household survey, National, Per capita, Expenditure, Food and tobacco, Volume, % of total, % YoY","China, Household survey, National, Per capita, Expenditure, Food and tobacco, Volume, % of total, % YoY",None,line
"China, Household survey, National, Per capita, Expenditure, Household equipment, furnishings and services, Volume, % of total, % YoY","China, Household survey, National, Per capita, Expenditure, Household equipment, furnishings and services, Volume, % of total, % YoY",None,line
"China, Household survey, National, Per capita, Expenditure, Housing, Volume, % of total, % YoY","China, Household survey, National, Per capita, Expenditure, Housing, Volume, % of total, % YoY",None,line
"China, Household survey, National, Per capita, Expenditure, Medical, Volume, % of total, % YoY","China, Household survey, National, Per capita, Expenditure, Medical, Volume, % of total, % YoY",None,line
"China, Household survey, National, Per capita, Expenditure, Miscellaneous, Volume, % of total, % YoY","China, Household survey, National, Per capita, Expenditure, Miscellaneous, Volume, % of total, % YoY",None,line
"China, Household survey, National, Per capita, Expenditure, Transport and communication, Volume, % of total, % YoY","China, Household survey, National, Per capita, Expenditure, Transport and communication, Volume, % of total, % YoY",None,line
"China, Household survey, National, Per capita, Expenditure, Volume, % of total, % YoY","China, Household survey, National, Per capita, Expenditure, Volume, % of total, % YoY",None,line
"China, Household survey, National, Per capita, Expenditure, Volume, SA, % of total","China, Household survey, National, Per capita, Expenditure, Volume, SA, % of total",None,line
"China, Household survey, Urban, Per capita, Savings ratio, SA, %","China, Household survey, Urban, Per capita, Savings ratio, SA, %",,line
"China, Household survey, Rural, Per capita, Savings ratio, SA, %","China, Household survey, Rural, Per capita, Savings ratio, SA, %",,line
"China, Household survey, National, Per capita, Savings ratio, SA, %","China, Household survey, National, Per capita, Savings ratio, SA, %",,line
"China, Household survey, Urban, Per capita, Expenditure, SA, CNY, 2013-19 trend","China, Household survey, Urban, Per capita, Expenditure, SA, CNY, 2013-19 trend",None,line
"China, Household survey, Urban, Per capita, Expenditure, Volume, SA, CNY, 2013-19 trend","China, Household survey, Urban, Per capita, Expenditure, Volume, SA, CNY, 2013-19 trend",None,line
"China, Household survey, Urban, Per capita, Income, Disposable, SA, CNY, 2013-19 trend","China, Household survey, Urban, Per capita, Income, Disposable, SA, CNY, 2013-19 trend",None,line
"China, Household survey, Urban, Per capita, Income, Disposable, Volume, SA, CNY, 2013-19 trend","China, Household survey, Urban, Per capita, Income, Disposable, Volume, SA, CNY, 2013-19 trend",None,line
"China, Household survey, Urban, Per capita, Savings ratio, SA, %, 2013-19 trend","China, Household survey, Urban, Per capita, Savings ratio, SA, %, 2013-19 trend",,line
"China, Household survey, Rural, Per capita, Expenditure, SA, CNY, 2013-19 trend","China, Household survey, Rural, Per capita, Expenditure, SA, CNY, 2013-19 trend",None,line
"China, Household survey, Rural, Per capita, Expenditure, Volume, SA, CNY, 2013-19 trend","China, Household survey, Rural, Per capita, Expenditure, Volume, SA, CNY, 2013-19 trend",None,line
"China, Household survey, Rural, Per capita, Income, Disposable, SA, CNY, 2013-19 trend","China, Household survey, Rural, Per capita, Income, Disposable, SA, CNY, 2013-19 trend",None,line
"China, Household survey, Rural, Per capita, Income, Disposable, Volume, SA, CNY, 2013-19 trend","China, Household survey, Rural, Per capita, Income, Disposable, Volume, SA, CNY, 2013-19 trend",None,line
"China, Household survey, Rural, Per capita, Savings ratio, SA, %, 2013-19 trend","China, Household survey, Rural, Per capita, Savings ratio, SA, %, 2013-19 trend",,line
"China, Household survey, National, Per capita, Expenditure, SA, CNY, 2013-19 trend","China, Household survey, National, Per capita, Expenditure, SA, CNY, 2013-19 trend",None,line
"China, Household survey, National, Per capita, Expenditure, Volume, SA, CNY, 2013-19 trend","China, Household survey, National, Per capita, Expenditure, Volume, SA, CNY, 2013-19 trend",None,line
"China, Household survey, National, Per capita, Income, Disposable, SA, CNY, 2013-19 trend","China, Household survey, National, Per capita, Income, Disposable, SA, CNY, 2013-19 trend",None,line
"China, Household survey, National, Per capita, Income, Disposable, Volume, SA, CNY, 2013-19 trend","China, Household survey, National, Per capita, Income, Disposable, Volume, SA, CNY, 2013-19 trend",None,line
"China, Household survey, National, Per capita, Savings ratio, SA, %, 2013-19 trend","China, Household survey, National, Per capita, Savings ratio, SA, %, 2013-19 trend",,line
"China, Household survey, Rural and urban, Aggregate, Expenditure, Volume, SA, CNY bn, 2013-19 trend","China, Household survey, Rural and urban, Aggregate, Expenditure, Volume, SA, CNY bn, 2013-19 trend",None,line
"China, Household survey, National, Aggregate, Expenditure, SA, CNY bn, 2013-19 trend","China, Household survey, National, Aggregate, Expenditure, SA, CNY bn, 2013-19 trend",None,line
"China, Household survey, National, Aggregate, Income, Disposable, SA, CNY bn, 2013-19 trend","China, Household survey, National, Aggregate, Income, Disposable, SA, CNY bn, 2013-19 trend",None,line
"China, Household survey, National, Aggregate, Expenditure, Volume, SA, CNY bn, 2013-19 trend","China, Household survey, National, Aggregate, Expenditure, Volume, SA, CNY bn, 2013-19 trend",None,line
"China, Household survey, National, Aggregate, Income, Disposable, Volume, SA, CNY bn, 2013-19 trend","China, Household survey, National, Aggregate, Income, Disposable, Volume, SA, CNY bn, 2013-19 trend",None,line
"China, Household survey, Urban, Per capita, Expenditure, SA, CNY, Poly 2013-19 trend","China, Household survey, Urban, Per capita, Expenditure, SA, CNY, Poly 2013-19 trend",None,line
"China, Household survey, Urban, Per capita, Expenditure, Volume, SA, CNY, Poly 2013-19 trend","China, Household survey, Urban, Per capita, Expenditure, Volume, SA, CNY, Poly 2013-19 trend",None,line
"China, Household survey, Urban, Per capita, Income, Disposable, SA, CNY, Poly 2013-19 trend","China, Household survey, Urban, Per capita, Income, Disposable, SA, CNY, Poly 2013-19 trend",None,line
"China, Household survey, Urban, Per capita, Income, Disposable, Volume, SA, CNY, Poly 2013-19 trend","China, Household survey, Urban, Per capita, Income, Disposable, Volume, SA, CNY, Poly 2013-19 trend",None,line
"China, Household survey, Urban, Per capita, Savings ratio, SA, %, Poly 2013-19 trend","China, Household survey, Urban, Per capita, Savings ratio, SA, %, Poly 2013-19 trend",,line
"China, Household survey, Rural, Per capita, Expenditure, SA, CNY, Poly 2013-19 trend","China, Household survey, Rural, Per capita, Expenditure, SA, CNY, Poly 2013-19 trend",None,line
"China, Household survey, Rural, Per capita, Expenditure, Volume, SA, CNY, Poly 2013-19 trend","China, Household survey, Rural, Per capita, Expenditure, Volume, SA, CNY, Poly 2013-19 trend",None,line
"China, Household survey, Rural, Per capita, Income, Disposable, SA, CNY, Poly 2013-19 trend","China, Household survey, Rural, Per capita, Income, Disposable, SA, CNY, Poly 2013-19 trend",None,line
"China, Household survey, Rural, Per capita, Income, Disposable, Volume, SA, CNY, Poly 2013-19 trend","China, Household survey, Rural, Per capita, Income, Disposable, Volume, SA, CNY, Poly 2013-19 trend",None,line
"China, Household survey, Rural, Per capita, Savings ratio, SA, %, Poly 2013-19 trend","China, Household survey, Rural, Per capita, Savings ratio, SA, %, Poly 2013-19 trend",,line
"China, Household survey, National, Per capita, Expenditure, SA, CNY, Poly 2013-19 trend","China, Household survey, National, Per capita, Expenditure, SA, CNY, Poly 2013-19 trend",None,line
"China, Household survey, National, Per capita, Expenditure, Volume, SA, CNY, Poly 2013-19 trend","China, Household survey, National, Per capita, Expenditure, Volume, SA, CNY, Poly 2013-19 trend",None,line
"China, Household survey, National, Per capita, Income, Disposable, SA, CNY, Poly 2013-19 trend","China, Household survey, National, Per capita, Income, Disposable, SA, CNY, Poly 2013-19 trend",None,line
"China, Household survey, National, Per capita, Income, Disposable, Volume, SA, CNY, Poly 2013-19 trend","China, Household survey, National, Per capita, Income, Disposable, Volume, SA, CNY, Poly 2013-19 trend",None,line
"China, Household survey, National, Per capita, Savings ratio, SA, %, Poly 2013-19 trend","China, Household survey, National, Per capita, Savings ratio, SA, %, Poly 2013-19 trend",,line
"China, Household survey, Rural and urban, Aggregate, Expenditure, Volume, SA, CNY bn, Poly 2013-19 trend","China, Household survey, Rural and urban, Aggregate, Expenditure, Volume, SA, CNY bn, Poly 2013-19 trend",None,line
"China, Household survey, National, Aggregate, Expenditure, SA, CNY bn, Poly 2013-19 trend","China, Household survey, National, Aggregate, Expenditure, SA, CNY bn, Poly 2013-19 trend",None,line
"China, Household survey, National, Aggregate, Income, Disposable, SA, CNY bn, Poly 2013-19 trend","China, Household survey, National, Aggregate, Income, Disposable, SA, CNY bn, Poly 2013-19 trend",None,line
"China, Household survey, National, Aggregate, Expenditure, Volume, SA, CNY bn, Poly 2013-19 trend","China, Household survey, National, Aggregate, Expenditure, Volume, SA, CNY bn, Poly 2013-19 trend",None,line
"China, Household survey, National, Aggregate, Income, Disposable, Volume, SA, CNY bn, Poly 2013-19 trend","China, Household survey, National, Aggregate, Income, Disposable, Volume, SA, CNY bn, Poly 2013-19 trend",None,line
"China, Household survey, Urban, Per capita, Expenditure, SA, CNY, 2015-19 trend","China, Household survey, Urban, Per capita, Expenditure, SA, CNY, 2015-19 trend",None,line
"China, Household survey, Urban, Per capita, Expenditure, Volume, SA, CNY, 2015-19 trend","China, Household survey, Urban, Per capita, Expenditure, Volume, SA, CNY, 2015-19 trend",None,line
"China, Household survey, Urban, Per capita, Income, Disposable, SA, CNY, 2015-19 trend","China, Household survey, Urban, Per capita, Income, Disposable, SA, CNY, 2015-19 trend",None,line
"China, Household survey, Urban, Per capita, Income, Disposable, Volume, SA, CNY, 2015-19 trend","China, Household survey, Urban, Per capita, Income, Disposable, Volume, SA, CNY, 2015-19 trend",None,line
"China, Household survey, Urban, Per capita, Savings ratio, SA, %, 2015-19 trend","China, Household survey, Urban, Per capita, Savings ratio, SA, %, 2015-19 trend",,line
"China, Household survey, Rural, Per capita, Expenditure, SA, CNY, 2015-19 trend","China, Household survey, Rural, Per capita, Expenditure, SA, CNY, 2015-19 trend",None,line
"China, Household survey, Rural, Per capita, Expenditure, Volume, SA, CNY, 2015-19 trend","China, Household survey, Rural, Per capita, Expenditure, Volume, SA, CNY, 2015-19 trend",None,line
"China, Household survey, Rural, Per capita, Income, Disposable, SA, CNY, 2015-19 trend","China, Household survey, Rural, Per capita, Income, Disposable, SA, CNY, 2015-19 trend",None,line
"China, Household survey, Rural, Per capita, Income, Disposable, Volume, SA, CNY, 2015-19 trend","China, Household survey, Rural, Per capita, Income, Disposable, Volume, SA, CNY, 2015-19 trend",None,line
"China, Household survey, Rural, Per capita, Savings ratio, SA, %, 2015-19 trend","China, Household survey, Rural, Per capita, Savings ratio, SA, %, 2015-19 trend",,line
"China, Household survey, National, Per capita, Expenditure, SA, CNY, 2015-19 trend","China, Household survey, National, Per capita, Expenditure, SA, CNY, 2015-19 trend",None,line
"China, Household survey, National, Per capita, Expenditure, Volume, SA, CNY, 2015-19 trend","China, Household survey, National, Per capita, Expenditure, Volume, SA, CNY, 2015-19 trend",None,line
"China, Household survey, National, Per capita, Income, Disposable, SA, CNY, 2015-19 trend","China, Household survey, National, Per capita, Income, Disposable, SA, CNY, 2015-19 trend",None,line
"China, Household survey, National, Per capita, Income, Disposable, Volume, SA, CNY, 2015-19 trend","China, Household survey, National, Per capita, Income, Disposable, Volume, SA, CNY, 2015-19 trend",None,line
"China, Household survey, National, Per capita, Savings ratio, SA, %, 2015-19 trend","China, Household survey, National, Per capita, Savings ratio, SA, %, 2015-19 trend",,line
"China, Household survey, Rural and urban, Aggregate, Expenditure, Volume, SA, CNY bn, 2015-19 trend","China, Household survey, Rural and urban, Aggregate, Expenditure, Volume, SA, CNY bn, 2015-19 trend",None,line
"China, Household survey, National, Aggregate, Expenditure, SA, CNY bn, 2015-19 trend","China, Household survey, National, Aggregate, Expenditure, SA, CNY bn, 2015-19 trend",None,line
"China, Household survey, National, Aggregate, Income, Disposable, SA, CNY bn, 2015-19 trend","China, Household survey, National, Aggregate, Income, Disposable, SA, CNY bn, 2015-19 trend",None,line
"China, Household survey, National, Aggregate, Expenditure, Volume, SA, CNY bn, 2015-19 trend","China, Household survey, National, Aggregate, Expenditure, Volume, SA, CNY bn, 2015-19 trend",None,line
"China, Household survey, National, Aggregate, Income, Disposable, Volume, SA, CNY bn, 2015-19 trend","China, Household survey, National, Aggregate, Income, Disposable, Volume, SA, CNY bn, 2015-19 trend",None,line
"China, Household survey, Urban, Per capita, Expenditure, SA, CNY, Poly 2015-19 trend","China, Household survey, Urban, Per capita, Expenditure, SA, CNY, Poly 2015-19 trend",None,line
"China, Household survey, Urban, Per capita, Expenditure, Volume, SA, CNY, Poly 2015-19 trend","China, Household survey, Urban, Per capita, Expenditure, Volume, SA, CNY, Poly 2015-19 trend",None,line
"China, Household survey, Urban, Per capita, Income, Disposable, SA, CNY, Poly 2015-19 trend","China, Household survey, Urban, Per capita, Income, Disposable, SA, CNY, Poly 2015-19 trend",None,line
"China, Household survey, Urban, Per capita, Income, Disposable, Volume, SA, CNY, Poly 2015-19 trend","China, Household survey, Urban, Per capita, Income, Disposable, Volume, SA, CNY, Poly 2015-19 trend",None,line
"China, Household survey, Urban, Per capita, Savings ratio, SA, %, Poly 2015-19 trend","China, Household survey, Urban, Per capita, Savings ratio, SA, %, Poly 2015-19 trend",,line
"China, Household survey, Rural, Per capita, Expenditure, SA, CNY, Poly 2015-19 trend","China, Household survey, Rural, Per capita, Expenditure, SA, CNY, Poly 2015-19 trend",None,line
"China, Household survey, Rural, Per capita, Expenditure, Volume, SA, CNY, Poly 2015-19 trend","China, Household survey, Rural, Per capita, Expenditure, Volume, SA, CNY, Poly 2015-19 trend",None,line
"China, Household survey, Rural, Per capita, Income, Disposable, SA, CNY, Poly 2015-19 trend","China, Household survey, Rural, Per capita, Income, Disposable, SA, CNY, Poly 2015-19 trend",None,line
"China, Household survey, Rural, Per capita, Income, Disposable, Volume, SA, CNY, Poly 2015-19 trend","China, Household survey, Rural, Per capita, Income, Disposable, Volume, SA, CNY, Poly 2015-19 trend",None,line
"China, Household survey, Rural, Per capita, Savings ratio, SA, %, Poly 2015-19 trend","China, Household survey, Rural, Per capita, Savings ratio, SA, %, Poly 2015-19 trend",,line
"China, Household survey, National, Per capita, Expenditure, SA, CNY, Poly 2015-19 trend","China, Household survey, National, Per capita, Expenditure, SA, CNY, Poly 2015-19 trend",None,line
"China, Household survey, National, Per capita, Expenditure, Volume, SA, CNY, Poly 2015-19 trend","China, Household survey, National, Per capita, Expenditure, Volume, SA, CNY, Poly 2015-19 trend",None,line
"China, Household survey, National, Per capita, Income, Disposable, SA, CNY, Poly 2015-19 trend","China, Household survey, National, Per capita, Income, Disposable, SA, CNY, Poly 2015-19 trend",None,line
"China, Household survey, National, Per capita, Income, Disposable, Volume, SA, CNY, Poly 2015-19 trend","China, Household survey, National, Per capita, Income, Disposable, Volume, SA, CNY, Poly 2015-19 trend",None,line
"China, Household survey, National, Per capita, Savings ratio, SA, %, Poly 2015-19 trend","China, Household survey, National, Per capita, Savings ratio, SA, %, Poly 2015-19 trend",,line
"China, Household survey, Rural and urban, Aggregate, Expenditure, Volume, SA, CNY bn, Poly 2015-19 trend","China, Household survey, Rural and urban, Aggregate, Expenditure, Volume, SA, CNY bn, Poly 2015-19 trend",None,line
"China, Household survey, National, Aggregate, Expenditure, SA, CNY bn, Poly 2015-19 trend","China, Household survey, National, Aggregate, Expenditure, SA, CNY bn, Poly 2015-19 trend",None,line
"China, Household survey, National, Aggregate, Income, Disposable, SA, CNY bn, Poly 2015-19 trend","China, Household survey, National, Aggregate, Income, Disposable, SA, CNY bn, Poly 2015-19 trend",None,line
"China, Household survey, National, Aggregate, Expenditure, Volume, SA, CNY bn, Poly 2015-19 trend","China, Household survey, National, Aggregate, Expenditure, Volume, SA, CNY bn, Poly 2015-19 trend",None,line
"China, Household survey, National, Aggregate, Income, Disposable, Volume, SA, CNY bn, Poly 2015-19 trend","China, Household survey, National, Aggregate, Income, Disposable, Volume, SA, CNY bn, Poly 2015-19 trend",None,line
"China, Household survey, Urban, Per capita, Expenditure, SA, CNY, 2017-19 trend","China, Household survey, Urban, Per capita, Expenditure, SA, CNY, 2017-19 trend",None,line
"China, Household survey, Urban, Per capita, Expenditure, Volume, SA, CNY, 2017-19 trend","China, Household survey, Urban, Per capita, Expenditure, Volume, SA, CNY, 2017-19 trend",None,line
"China, Household survey, Urban, Per capita, Income, Disposable, SA, CNY, 2017-19 trend","China, Household survey, Urban, Per capita, Income, Disposable, SA, CNY, 2017-19 trend",None,line
"China, Household survey, Urban, Per capita, Income, Disposable, Volume, SA, CNY, 2017-19 trend","China, Household survey, Urban, Per capita, Income, Disposable, Volume, SA, CNY, 2017-19 trend",None,line
"China, Household survey, Urban, Per capita, Savings ratio, SA, %, 2017-19 trend","China, Household survey, Urban, Per capita, Savings ratio, SA, %, 2017-19 trend",,line
"China, Household survey, Rural, Per capita, Expenditure, SA, CNY, 2017-19 trend","China, Household survey, Rural, Per capita, Expenditure, SA, CNY, 2017-19 trend",None,line
"China, Household survey, Rural, Per capita, Expenditure, Volume, SA, CNY, 2017-19 trend","China, Household survey, Rural, Per capita, Expenditure, Volume, SA, CNY, 2017-19 trend",None,line
"China, Household survey, Rural, Per capita, Income, Disposable, SA, CNY, 2017-19 trend","China, Household survey, Rural, Per capita, Income, Disposable, SA, CNY, 2017-19 trend",None,line
"China, Household survey, Rural, Per capita, Income, Disposable, Volume, SA, CNY, 2017-19 trend","China, Household survey, Rural, Per capita, Income, Disposable, Volume, SA, CNY, 2017-19 trend",None,line
"China, Household survey, Rural, Per capita, Savings ratio, SA, %, 2017-19 trend","China, Household survey, Rural, Per capita, Savings ratio, SA, %, 2017-19 trend",,line
"China, Household survey, National, Per capita, Expenditure, SA, CNY, 2017-19 trend","China, Household survey, National, Per capita, Expenditure, SA, CNY, 2017-19 trend",None,line
"China, Household survey, National, Per capita, Expenditure, Volume, SA, CNY, 2017-19 trend","China, Household survey, National, Per capita, Expenditure, Volume, SA, CNY, 2017-19 trend",None,line
"China, Household survey, National, Per capita, Income, Disposable, SA, CNY, 2017-19 trend","China, Household survey, National, Per capita, Income, Disposable, SA, CNY, 2017-19 trend",None,line
"China, Household survey, National, Per capita, Income, Disposable, Volume, SA, CNY, 2017-19 trend","China, Household survey, National, Per capita, Income, Disposable, Volume, SA, CNY, 2017-19 trend",None,line
"China, Household survey, National, Per capita, Savings ratio, SA, %, 2017-19 trend","China, Household survey, National, Per capita, Savings ratio, SA, %, 2017-19 trend",,line
"China, Household survey, Rural and urban, Aggregate, Expenditure, Volume, SA, CNY bn, 2017-19 trend","China, Household survey, Rural and urban, Aggregate, Expenditure, Volume, SA, CNY bn, 2017-19 trend",None,line
"China, Household survey, National, Aggregate, Expenditure, SA, CNY bn, 2017-19 trend","China, Household survey, National, Aggregate, Expenditure, SA, CNY bn, 2017-19 trend",None,line
"China, Household survey, National, Aggregate, Income, Disposable, SA, CNY bn, 2017-19 trend","China, Household survey, National, Aggregate, Income, Disposable, SA, CNY bn, 2017-19 trend",None,line
"China, Household survey, National, Aggregate, Expenditure, Volume, SA, CNY bn, 2017-19 trend","China, Household survey, National, Aggregate, Expenditure, Volume, SA, CNY bn, 2017-19 trend",None,line
"China, Household survey, National, Aggregate, Income, Disposable, Volume, SA, CNY bn, 2017-19 trend","China, Household survey, National, Aggregate, Income, Disposable, Volume, SA, CNY bn, 2017-19 trend",None,line
"China, Household survey, Urban, Per capita, Expenditure, SA, CNY, Poly 2017-19 trend","China, Household survey, Urban, Per capita, Expenditure, SA, CNY, Poly 2017-19 trend",None,line
"China, Household survey, Urban, Per capita, Expenditure, Volume, SA, CNY, Poly 2017-19 trend","China, Household survey, Urban, Per capita, Expenditure, Volume, SA, CNY, Poly 2017-19 trend",None,line
"China, Household survey, Urban, Per capita, Income, Disposable, SA, CNY, Poly 2017-19 trend","China, Household survey, Urban, Per capita, Income, Disposable, SA, CNY, Poly 2017-19 trend",None,line
"China, Household survey, Urban, Per capita, Income, Disposable, Volume, SA, CNY, Poly 2017-19 trend","China, Household survey, Urban, Per capita, Income, Disposable, Volume, SA, CNY, Poly 2017-19 trend",None,line
"China, Household survey, Urban, Per capita, Savings ratio, SA, %, Poly 2017-19 trend","China, Household survey, Urban, Per capita, Savings ratio, SA, %, Poly 2017-19 trend",,line
"China, Household survey, Rural, Per capita, Expenditure, SA, CNY, Poly 2017-19 trend","China, Household survey, Rural, Per capita, Expenditure, SA, CNY, Poly 2017-19 trend",None,line
"China, Household survey, Rural, Per capita, Expenditure, Volume, SA, CNY, Poly 2017-19 trend","China, Household survey, Rural, Per capita, Expenditure, Volume, SA, CNY, Poly 2017-19 trend",None,line
"China, Household survey, Rural, Per capita, Income, Disposable, SA, CNY, Poly 2017-19 trend","China, Household survey, Rural, Per capita, Income, Disposable, SA, CNY, Poly 2017-19 trend",None,line
"China, Household survey, Rural, Per capita, Income, Disposable, Volume, SA, CNY, Poly 2017-19 trend","China, Household survey, Rural, Per capita, Income, Disposable, Volume, SA, CNY, Poly 2017-19 trend",None,line
"China, Household survey, Rural, Per capita, Savings ratio, SA, %, Poly 2017-19 trend","China, Household survey, Rural, Per capita, Savings ratio, SA, %, Poly 2017-19 trend",,line
"China, Household survey, National, Per capita, Expenditure, SA, CNY, Poly 2017-19 trend","China, Household survey, National, Per capita, Expenditure, SA, CNY, Poly 2017-19 trend",None,line
"China, Household survey, National, Per capita, Expenditure, Volume, SA, CNY, Poly 2017-19 trend","China, Household survey, National, Per capita, Expenditure, Volume, SA, CNY, Poly 2017-19 trend",None,line
"China, Household survey, National, Per capita, Income, Disposable, SA, CNY, Poly 2017-19 trend","China, Household survey, National, Per capita, Income, Disposable, SA, CNY, Poly 2017-19 trend",None,line
"China, Household survey, National, Per capita, Income, Disposable, Volume, SA, CNY, Poly 2017-19 trend","China, Household survey, National, Per capita, Income, Disposable, Volume, SA, CNY, Poly 2017-19 trend",None,line
"China, Household survey, National, Per capita, Savings ratio, SA, %, Poly 2017-19 trend","China, Household survey, National, Per capita, Savings ratio, SA, %, Poly 2017-19 trend",,line
"China, Household survey, Rural and urban, Aggregate, Expenditure, Volume, SA, CNY bn, Poly 2017-19 trend","China, Household survey, Rural and urban, Aggregate, Expenditure, Volume, SA, CNY bn, Poly 2017-19 trend",None,line
"China, Household survey, National, Aggregate, Expenditure, SA, CNY bn, Poly 2017-19 trend","China, Household survey, National, Aggregate, Expenditure, SA, CNY bn, Poly 2017-19 trend",None,line
"China, Household survey, National, Aggregate, Income, Disposable, SA, CNY bn, Poly 2017-19 trend","China, Household survey, National, Aggregate, Income, Disposable, SA, CNY bn, Poly 2017-19 trend",None,line
"China, Household survey, National, Aggregate, Expenditure, Volume, SA, CNY bn, Poly 2017-19 trend","China, Household survey, National, Aggregate, Expenditure, Volume, SA, CNY bn, Poly 2017-19 trend",None,line
"China, Household survey, National, Aggregate, Income, Disposable, Volume, SA, CNY bn, Poly 2017-19 trend","China, Household survey, National, Aggregate, Income, Disposable, Volume, SA, CNY bn, Poly 2017-19 trend",None,line
"China, Household survey, Urban, Per capita, Expenditure, SA, CNY, % of 2013-19 trend","China, Household survey, Urban, Per capita, Expenditure, SA, CNY, % of 2013-19 trend",None,line
"China, Household survey, Urban, Per capita, Expenditure, SA, CNY, % of Poly 2013-19 trend","China, Household survey, Urban, Per capita, Expenditure, SA, CNY, % of Poly 2013-19 trend",None,line
"China, Household survey, Urban, Per capita, Expenditure, SA, CNY, % of 2015-19 trend","China, Household survey, Urban, Per capita, Expenditure, SA, CNY, % of 2015-19 trend",None,line
"China, Household survey, Urban, Per capita, Expenditure, SA, CNY, % of Poly 2015-19 trend","China, Household survey, Urban, Per capita, Expenditure, SA, CNY, % of Poly 2015-19 trend",None,line
"China, Household survey, Urban, Per capita, Expenditure, SA, CNY, % of 2017-19 trend","China, Household survey, Urban, Per capita, Expenditure, SA, CNY, % of 2017-19 trend",None,line
"China, Household survey, Urban, Per capita, Expenditure, SA, CNY, % of Poly 2017-19 trend","China, Household survey, Urban, Per capita, Expenditure, SA, CNY, % of Poly 2017-19 trend",None,line
"China, Household survey, Urban, Per capita, Expenditure, Volume, SA, CNY, % of 2013-19 trend","China, Household survey, Urban, Per capita, Expenditure, Volume, SA, CNY, % of 2013-19 trend",None,line
"China, Household survey, Urban, Per capita, Expenditure, Volume, SA, CNY, % of Poly 2013-19 trend","China, Household survey, Urban, Per capita, Expenditure, Volume, SA, CNY, % of Poly 2013-19 trend",None,line
"China, Household survey, Urban, Per capita, Expenditure, Volume, SA, CNY, % of 2015-19 trend","China, Household survey, Urban, Per capita, Expenditure, Volume, SA, CNY, % of 2015-19 trend",None,line
"China, Household survey, Urban, Per capita, Expenditure, Volume, SA, CNY, % of Poly 2015-19 trend","China, Household survey, Urban, Per capita, Expenditure, Volume, SA, CNY, % of Poly 2015-19 trend",None,line
"China, Household survey, Urban, Per capita, Expenditure, Volume, SA, CNY, % of 2017-19 trend","China, Household survey, Urban, Per capita, Expenditure, Volume, SA, CNY, % of 2017-19 trend",None,line
"China, Household survey, Urban, Per capita, Expenditure, Volume, SA, CNY, % of Poly 2017-19 trend","China, Household survey, Urban, Per capita, Expenditure, Volume, SA, CNY, % of Poly 2017-19 trend",None,line
"China, Household survey, Urban, Per capita, Income, Disposable, SA, CNY, % of 2013-19 trend","China, Household survey, Urban, Per capita, Income, Disposable, SA, CNY, % of 2013-19 trend",None,line
"China, Household survey, Urban, Per capita, Income, Disposable, SA, CNY, % of Poly 2013-19 trend","China, Household survey, Urban, Per capita, Income, Disposable, SA, CNY, % of Poly 2013-19 trend",None,line
"China, Household survey, Urban, Per capita, Income, Disposable, SA, CNY, % of 2015-19 trend","China, Household survey, Urban, Per capita, Income, Disposable, SA, CNY, % of 2015-19 trend",None,line
"China, Household survey, Urban, Per capita, Income, Disposable, SA, CNY, % of Poly 2015-19 trend","China, Household survey, Urban, Per capita, Income, Disposable, SA, CNY, % of Poly 2015-19 trend",None,line
"China, Household survey, Urban, Per capita, Income, Disposable, SA, CNY, % of 2017-19 trend","China, Household survey, Urban, Per capita, Income, Disposable, SA, CNY, % of 2017-19 trend",None,line
"China, Household survey, Urban, Per capita, Income, Disposable, SA, CNY, % of Poly 2017-19 trend","China, Household survey, Urban, Per capita, Income, Disposable, SA, CNY, % of Poly 2017-19 trend",None,line
"China, Household survey, Urban, Per capita, Income, Disposable, Volume, SA, CNY, % of 2013-19 trend","China, Household survey, Urban, Per capita, Income, Disposable, Volume, SA, CNY, % of 2013-19 trend",None,line
"China, Household survey, Urban, Per capita, Income, Disposable, Volume, SA, CNY, % of Poly 2013-19 trend","China, Household survey, Urban, Per capita, Income, Disposable, Volume, SA, CNY, % of Poly 2013-19 trend",None,line
"China, Household survey, Urban, Per capita, Income, Disposable, Volume, SA, CNY, % of 2015-19 trend","China, Household survey, Urban, Per capita, Income, Disposable, Volume, SA, CNY, % of 2015-19 trend",None,line
"China, Household survey, Urban, Per capita, Income, Disposable, Volume, SA, CNY, % of Poly 2015-19 trend","China, Household survey, Urban, Per capita, Income, Disposable, Volume, SA, CNY, % of Poly 2015-19 trend",None,line
"China, Household survey, Urban, Per capita, Income, Disposable, Volume, SA, CNY, % of 2017-19 trend","China, Household survey, Urban, Per capita, Income, Disposable, Volume, SA, CNY, % of 2017-19 trend",None,line
"China, Household survey, Urban, Per capita, Income, Disposable, Volume, SA, CNY, % of Poly 2017-19 trend","China, Household survey, Urban, Per capita, Income, Disposable, Volume, SA, CNY, % of Poly 2017-19 trend",None,line
"China, Household survey, Urban, Per capita, Savings ratio, SA, %, % of 2013-19 trend","China, Household survey, Urban, Per capita, Savings ratio, SA, %, % of 2013-19 trend",,line
"China, Household survey, Urban, Per capita, Savings ratio, SA, %, % of Poly 2013-19 trend","China, Household survey, Urban, Per capita, Savings ratio, SA, %, % of Poly 2013-19 trend",,line
"China, Household survey, Urban, Per capita, Savings ratio, SA, %, % of 2015-19 trend","China, Household survey, Urban, Per capita, Savings ratio, SA, %, % of 2015-19 trend",,line
"China, Household survey, Urban, Per capita, Savings ratio, SA, %, % of Poly 2015-19 trend","China, Household survey, Urban, Per capita, Savings ratio, SA, %, % of Poly 2015-19 trend",,line
"China, Household survey, Urban, Per capita, Savings ratio, SA, %, % of 2017-19 trend","China, Household survey, Urban, Per capita, Savings ratio, SA, %, % of 2017-19 trend",,line
"China, Household survey, Urban, Per capita, Savings ratio, SA, %, % of Poly 2017-19 trend","China, Household survey, Urban, Per capita, Savings ratio, SA, %, % of Poly 2017-19 trend",,line
"China, Household survey, Rural, Per capita, Expenditure, SA, CNY, % of 2013-19 trend","China, Household survey, Rural, Per capita, Expenditure, SA, CNY, % of 2013-19 trend",None,line
"China, Household survey, Rural, Per capita, Expenditure, SA, CNY, % of Poly 2013-19 trend","China, Household survey, Rural, Per capita, Expenditure, SA, CNY, % of Poly 2013-19 trend",None,line
"China, Household survey, Rural, Per capita, Expenditure, SA, CNY, % of 2015-19 trend","China, Household survey, Rural, Per capita, Expenditure, SA, CNY, % of 2015-19 trend",None,line
"China, Household survey, Rural, Per capita, Expenditure, SA, CNY, % of Poly 2015-19 trend","China, Household survey, Rural, Per capita, Expenditure, SA, CNY, % of Poly 2015-19 trend",None,line
"China, Household survey, Rural, Per capita, Expenditure, SA, CNY, % of 2017-19 trend","China, Household survey, Rural, Per capita, Expenditure, SA, CNY, % of 2017-19 trend",None,line
"China, Household survey, Rural, Per capita, Expenditure, SA, CNY, % of Poly 2017-19 trend","China, Household survey, Rural, Per capita, Expenditure, SA, CNY, % of Poly 2017-19 trend",None,line
"China, Household survey, Rural, Per capita, Expenditure, Volume, SA, CNY, % of 2013-19 trend","China, Household survey, Rural, Per capita, Expenditure, Volume, SA, CNY, % of 2013-19 trend",None,line
"China, Household survey, Rural, Per capita, Expenditure, Volume, SA, CNY, % of Poly 2013-19 trend","China, Household survey, Rural, Per capita, Expenditure, Volume, SA, CNY, % of Poly 2013-19 trend",None,line
"China, Household survey, Rural, Per capita, Expenditure, Volume, SA, CNY, % of 2015-19 trend","China, Household survey, Rural, Per capita, Expenditure, Volume, SA, CNY, % of 2015-19 trend",None,line
"China, Household survey, Rural, Per capita, Expenditure, Volume, SA, CNY, % of Poly 2015-19 trend","China, Household survey, Rural, Per capita, Expenditure, Volume, SA, CNY, % of Poly 2015-19 trend",None,line
"China, Household survey, Rural, Per capita, Expenditure, Volume, SA, CNY, % of 2017-19 trend","China, Household survey, Rural, Per capita, Expenditure, Volume, SA, CNY, % of 2017-19 trend",None,line
"China, Household survey, Rural, Per capita, Expenditure, Volume, SA, CNY, % of Poly 2017-19 trend","China, Household survey, Rural, Per capita, Expenditure, Volume, SA, CNY, % of Poly 2017-19 trend",None,line
"China, Household survey, Rural, Per capita, Income, Disposable, SA, CNY, % of 2013-19 trend","China, Household survey, Rural, Per capita, Income, Disposable, SA, CNY, % of 2013-19 trend",None,line
"China, Household survey, Rural, Per capita, Income, Disposable, SA, CNY, % of Poly 2013-19 trend","China, Household survey, Rural, Per capita, Income, Disposable, SA, CNY, % of Poly 2013-19 trend",None,line
"China, Household survey, Rural, Per capita, Income, Disposable, SA, CNY, % of 2015-19 trend","China, Household survey, Rural, Per capita, Income, Disposable, SA, CNY, % of 2015-19 trend",None,line
"China, Household survey, Rural, Per capita, Income, Disposable, SA, CNY, % of Poly 2015-19 trend","China, Household survey, Rural, Per capita, Income, Disposable, SA, CNY, % of Poly 2015-19 trend",None,line
"China, Household survey, Rural, Per capita, Income, Disposable, SA, CNY, % of 2017-19 trend","China, Household survey, Rural, Per capita, Income, Disposable, SA, CNY, % of 2017-19 trend",None,line
"China, Household survey, Rural, Per capita, Income, Disposable, SA, CNY, % of Poly 2017-19 trend","China, Household survey, Rural, Per capita, Income, Disposable, SA, CNY, % of Poly 2017-19 trend",None,line
"China, Household survey, Rural, Per capita, Income, Disposable, Volume, SA, CNY, % of 2013-19 trend","China, Household survey, Rural, Per capita, Income, Disposable, Volume, SA, CNY, % of 2013-19 trend",None,line
"China, Household survey, Rural, Per capita, Income, Disposable, Volume, SA, CNY, % of Poly 2013-19 trend","China, Household survey, Rural, Per capita, Income, Disposable, Volume, SA, CNY, % of Poly 2013-19 trend",None,line
"China, Household survey, Rural, Per capita, Income, Disposable, Volume, SA, CNY, % of 2015-19 trend","China, Household survey, Rural, Per capita, Income, Disposable, Volume, SA, CNY, % of 2015-19 trend",None,line
"China, Household survey, Rural, Per capita, Income, Disposable, Volume, SA, CNY, % of Poly 2015-19 trend","China, Household survey, Rural, Per capita, Income, Disposable, Volume, SA, CNY, % of Poly 2015-19 trend",None,line
"China, Household survey, Rural, Per capita, Income, Disposable, Volume, SA, CNY, % of 2017-19 trend","China, Household survey, Rural, Per capita, Income, Disposable, Volume, SA, CNY, % of 2017-19 trend",None,line
"China, Household survey, Rural, Per capita, Income, Disposable, Volume, SA, CNY, % of Poly 2017-19 trend","China, Household survey, Rural, Per capita, Income, Disposable, Volume, SA, CNY, % of Poly 2017-19 trend",None,line
"China, Household survey, Rural, Per capita, Savings ratio, SA, %, % of 2013-19 trend","China, Household survey, Rural, Per capita, Savings ratio, SA, %, % of 2013-19 trend",,line
"China, Household survey, Rural, Per capita, Savings ratio, SA, %, % of Poly 2013-19 trend","China, Household survey, Rural, Per capita, Savings ratio, SA, %, % of Poly 2013-19 trend",,line
"China, Household survey, Rural, Per capita, Savings ratio, SA, %, % of 2015-19 trend","China, Household survey, Rural, Per capita, Savings ratio, SA, %, % of 2015-19 trend",,line
"China, Household survey, Rural, Per capita, Savings ratio, SA, %, % of Poly 2015-19 trend","China, Household survey, Rural, Per capita, Savings ratio, SA, %, % of Poly 2015-19 trend",,line
"China, Household survey, Rural, Per capita, Savings ratio, SA, %, % of 2017-19 trend","China, Household survey, Rural, Per capita, Savings ratio, SA, %, % of 2017-19 trend",,line
"China, Household survey, Rural, Per capita, Savings ratio, SA, %, % of Poly 2017-19 trend","China, Household survey, Rural, Per capita, Savings ratio, SA, %, % of Poly 2017-19 trend",,line
"China, Household survey, National, Per capita, Expenditure, SA, CNY, % of 2013-19 trend","China, Household survey, National, Per capita, Expenditure, SA, CNY, % of 2013-19 trend",None,line
"China, Household survey, National, Per capita, Expenditure, SA, CNY, % of Poly 2013-19 trend","China, Household survey, National, Per capita, Expenditure, SA, CNY, % of Poly 2013-19 trend",None,line
"China, Household survey, National, Per capita, Expenditure, SA, CNY, % of 2015-19 trend","China, Household survey, National, Per capita, Expenditure, SA, CNY, % of 2015-19 trend",None,line
"China, Household survey, National, Per capita, Expenditure, SA, CNY, % of Poly 2015-19 trend","China, Household survey, National, Per capita, Expenditure, SA, CNY, % of Poly 2015-19 trend",None,line
"China, Household survey, National, Per capita, Expenditure, SA, CNY, % of 2017-19 trend","China, Household survey, National, Per capita, Expenditure, SA, CNY, % of 2017-19 trend",None,line
"China, Household survey, National, Per capita, Expenditure, SA, CNY, % of Poly 2017-19 trend","China, Household survey, National, Per capita, Expenditure, SA, CNY, % of Poly 2017-19 trend",None,line
"China, Household survey, National, Per capita, Expenditure, Volume, SA, CNY, % of 2013-19 trend","China, Household survey, National, Per capita, Expenditure, Volume, SA, CNY, % of 2013-19 trend",None,line
"China, Household survey, National, Per capita, Expenditure, Volume, SA, CNY, % of Poly 2013-19 trend","China, Household survey, National, Per capita, Expenditure, Volume, SA, CNY, % of Poly 2013-19 trend",None,line
"China, Household survey, National, Per capita, Expenditure, Volume, SA, CNY, % of 2015-19 trend","China, Household survey, National, Per capita, Expenditure, Volume, SA, CNY, % of 2015-19 trend",None,line
"China, Household survey, National, Per capita, Expenditure, Volume, SA, CNY, % of Poly 2015-19 trend","China, Household survey, National, Per capita, Expenditure, Volume, SA, CNY, % of Poly 2015-19 trend",None,line
"China, Household survey, National, Per capita, Expenditure, Volume, SA, CNY, % of 2017-19 trend","China, Household survey, National, Per capita, Expenditure, Volume, SA, CNY, % of 2017-19 trend",None,line
"China, Household survey, National, Per capita, Expenditure, Volume, SA, CNY, % of Poly 2017-19 trend","China, Household survey, National, Per capita, Expenditure, Volume, SA, CNY, % of Poly 2017-19 trend",None,line
"China, Household survey, National, Per capita, Income, Disposable, SA, CNY, % of 2013-19 trend","China, Household survey, National, Per capita, Income, Disposable, SA, CNY, % of 2013-19 trend",None,line
"China, Household survey, National, Per capita, Income, Disposable, SA, CNY, % of Poly 2013-19 trend","China, Household survey, National, Per capita, Income, Disposable, SA, CNY, % of Poly 2013-19 trend",None,line
"China, Household survey, National, Per capita, Income, Disposable, SA, CNY, % of 2015-19 trend","China, Household survey, National, Per capita, Income, Disposable, SA, CNY, % of 2015-19 trend",None,line
"China, Household survey, National, Per capita, Income, Disposable, SA, CNY, % of Poly 2015-19 trend","China, Household survey, National, Per capita, Income, Disposable, SA, CNY, % of Poly 2015-19 trend",None,line
"China, Household survey, National, Per capita, Income, Disposable, SA, CNY, % of 2017-19 trend","China, Household survey, National, Per capita, Income, Disposable, SA, CNY, % of 2017-19 trend",None,line
"China, Household survey, National, Per capita, Income, Disposable, SA, CNY, % of Poly 2017-19 trend","China, Household survey, National, Per capita, Income, Disposable, SA, CNY, % of Poly 2017-19 trend",None,line
"China, Household survey, National, Per capita, Income, Disposable, Volume, SA, CNY, % of 2013-19 trend","China, Household survey, National, Per capita, Income, Disposable, Volume, SA, CNY, % of 2013-19 trend",None,line
"China, Household survey, National, Per capita, Income, Disposable, Volume, SA, CNY, % of Poly 2013-19 trend","China, Household survey, National, Per capita, Income, Disposable, Volume, SA, CNY, % of Poly 2013-19 trend",None,line
"China, Household survey, National, Per capita, Income, Disposable, Volume, SA, CNY, % of 2015-19 trend","China, Household survey, National, Per capita, Income, Disposable, Volume, SA, CNY, % of 2015-19 trend",None,line
"China, Household survey, National, Per capita, Income, Disposable, Volume, SA, CNY, % of Poly 2015-19 trend","China, Household survey, National, Per capita, Income, Disposable, Volume, SA, CNY, % of Poly 2015-19 trend",None,line
"China, Household survey, National, Per capita, Income, Disposable, Volume, SA, CNY, % of 2017-19 trend","China, Household survey, National, Per capita, Income, Disposable, Volume, SA, CNY, % of 2017-19 trend",None,line
"China, Household survey, National, Per capita, Income, Disposable, Volume, SA, CNY, % of Poly 2017-19 trend","China, Household survey, National, Per capita, Income, Disposable, Volume, SA, CNY, % of Poly 2017-19 trend",None,line
"China, Household survey, National, Per capita, Savings ratio, SA, %, % of 2013-19 trend","China, Household survey, National, Per capita, Savings ratio, SA, %, % of 2013-19 trend",,line
"China, Household survey, National, Per capita, Savings ratio, SA, %, % of Poly 2013-19 trend","China, Household survey, National, Per capita, Savings ratio, SA, %, % of Poly 2013-19 trend",,line
"China, Household survey, National, Per capita, Savings ratio, SA, %, % of 2015-19 trend","China, Household survey, National, Per capita, Savings ratio, SA, %, % of 2015-19 trend",,line
"China, Household survey, National, Per capita, Savings ratio, SA, %, % of Poly 2015-19 trend","China, Household survey, National, Per capita, Savings ratio, SA, %, % of Poly 2015-19 trend",,line
"China, Household survey, National, Per capita, Savings ratio, SA, %, % of 2017-19 trend","China, Household survey, National, Per capita, Savings ratio, SA, %, % of 2017-19 trend",,line
"China, Household survey, National, Per capita, Savings ratio, SA, %, % of Poly 2017-19 trend","China, Household survey, National, Per capita, Savings ratio, SA, %, % of Poly 2017-19 trend",,line
"China, Household survey, Rural and urban, Aggregate, Expenditure, Volume, SA, CNY bn, % of 2013-19 trend","China, Household survey, Rural and urban, Aggregate, Expenditure, Volume, SA, CNY bn, % of 2013-19 trend",None,line
"China, Household survey, Rural and urban, Aggregate, Expenditure, Volume, SA, CNY bn, % of Poly 2013-19 trend","China, Household survey, Rural and urban, Aggregate, Expenditure, Volume, SA, CNY bn, % of Poly 2013-19 trend",None,line
"China, Household survey, Rural and urban, Aggregate, Expenditure, Volume, SA, CNY bn, % of 2015-19 trend","China, Household survey, Rural and urban, Aggregate, Expenditure, Volume, SA, CNY bn, % of 2015-19 trend",None,line
"China, Household survey, Rural and urban, Aggregate, Expenditure, Volume, SA, CNY bn, % of Poly 2015-19 trend","China, Household survey, Rural and urban, Aggregate, Expenditure, Volume, SA, CNY bn, % of Poly 2015-19 trend",None,line
"China, Household survey, Rural and urban, Aggregate, Expenditure, Volume, SA, CNY bn, % of 2017-19 trend","China, Household survey, Rural and urban, Aggregate, Expenditure, Volume, SA, CNY bn, % of 2017-19 trend",None,line
"China, Household survey, Rural and urban, Aggregate, Expenditure, Volume, SA, CNY bn, % of Poly 2017-19 trend","China, Household survey, Rural and urban, Aggregate, Expenditure, Volume, SA, CNY bn, % of Poly 2017-19 trend",None,line
"China, Household survey, National, Aggregate, Expenditure, SA, CNY bn, % of 2013-19 trend","China, Household survey, National, Aggregate, Expenditure, SA, CNY bn, % of 2013-19 trend",None,line
"China, Household survey, National, Aggregate, Expenditure, SA, CNY bn, % of Poly 2013-19 trend","China, Household survey, National, Aggregate, Expenditure, SA, CNY bn, % of Poly 2013-19 trend",None,line
"China, Household survey, National, Aggregate, Expenditure, SA, CNY bn, % of 2015-19 trend","China, Household survey, National, Aggregate, Expenditure, SA, CNY bn, % of 2015-19 trend",None,line
"China, Household survey, National, Aggregate, Expenditure, SA, CNY bn, % of Poly 2015-19 trend","China, Household survey, National, Aggregate, Expenditure, SA, CNY bn, % of Poly 2015-19 trend",None,line
"China, Household survey, National, Aggregate, Expenditure, SA, CNY bn, % of 2017-19 trend","China, Household survey, National, Aggregate, Expenditure, SA, CNY bn, % of 2017-19 trend",None,line
"China, Household survey, National, Aggregate, Expenditure, SA, CNY bn, % of Poly 2017-19 trend","China, Household survey, National, Aggregate, Expenditure, SA, CNY bn, % of Poly 2017-19 trend",None,line
"China, Household survey, National, Aggregate, Income, Disposable, SA, CNY bn, % of 2013-19 trend","China, Household survey, National, Aggregate, Income, Disposable, SA, CNY bn, % of 2013-19 trend",None,line
"China, Household survey, National, Aggregate, Income, Disposable, SA, CNY bn, % of Poly 2013-19 trend","China, Household survey, National, Aggregate, Income, Disposable, SA, CNY bn, % of Poly 2013-19 trend",None,line
"China, Household survey, National, Aggregate, Income, Disposable, SA, CNY bn, % of 2015-19 trend","China, Household survey, National, Aggregate, Income, Disposable, SA, CNY bn, % of 2015-19 trend",None,line
"China, Household survey, National, Aggregate, Income, Disposable, SA, CNY bn, % of Poly 2015-19 trend","China, Household survey, National, Aggregate, Income, Disposable, SA, CNY bn, % of Poly 2015-19 trend",None,line
"China, Household survey, National, Aggregate, Income, Disposable, SA, CNY bn, % of 2017-19 trend","China, Household survey, National, Aggregate, Income, Disposable, SA, CNY bn, % of 2017-19 trend",None,line
"China, Household survey, National, Aggregate, Income, Disposable, SA, CNY bn, % of Poly 2017-19 trend","China, Household survey, National, Aggregate, Income, Disposable, SA, CNY bn, % of Poly 2017-19 trend",None,line
"China, Household survey, National, Aggregate, Expenditure, Volume, SA, CNY bn, % of 2013-19 trend","China, Household survey, National, Aggregate, Expenditure, Volume, SA, CNY bn, % of 2013-19 trend",None,line
"China, Household survey, National, Aggregate, Expenditure, Volume, SA, CNY bn, % of Poly 2013-19 trend","China, Household survey, National, Aggregate, Expenditure, Volume, SA, CNY bn, % of Poly 2013-19 trend",None,line
"China, Household survey, National, Aggregate, Expenditure, Volume, SA, CNY bn, % of 2015-19 trend","China, Household survey, National, Aggregate, Expenditure, Volume, SA, CNY bn, % of 2015-19 trend",None,line
"China, Household survey, National, Aggregate, Expenditure, Volume, SA, CNY bn, % of Poly 2015-19 trend","China, Household survey, National, Aggregate, Expenditure, Volume, SA, CNY bn, % of Poly 2015-19 trend",None,line
"China, Household survey, National, Aggregate, Expenditure, Volume, SA, CNY bn, % of 2017-19 trend","China, Household survey, National, Aggregate, Expenditure, Volume, SA, CNY bn, % of 2017-19 trend",None,line
"China, Household survey, National, Aggregate, Expenditure, Volume, SA, CNY bn, % of Poly 2017-19 trend","China, Household survey, National, Aggregate, Expenditure, Volume, SA, CNY bn, % of Poly 2017-19 trend",None,line
"China, Household survey, National, Aggregate, Income, Disposable, Volume, SA, CNY bn, % of 2013-19 trend","China, Household survey, National, Aggregate, Income, Disposable, Volume, SA, CNY bn, % of 2013-19 trend",None,line
"China, Household survey, National, Aggregate, Income, Disposable, Volume, SA, CNY bn, % of Poly 2013-19 trend","China, Household survey, National, Aggregate, Income, Disposable, Volume, SA, CNY bn, % of Poly 2013-19 trend",None,line
"China, Household survey, National, Aggregate, Income, Disposable, Volume, SA, CNY bn, % of 2015-19 trend","China, Household survey, National, Aggregate, Income, Disposable, Volume, SA, CNY bn, % of 2015-19 trend",None,line
"China, Household survey, National, Aggregate, Income, Disposable, Volume, SA, CNY bn, % of Poly 2015-19 trend","China, Household survey, National, Aggregate, Income, Disposable, Volume, SA, CNY bn, % of Poly 2015-19 trend",None,line
"China, Household survey, National, Aggregate, Income, Disposable, Volume, SA, CNY bn, % of 2017-19 trend","China, Household survey, National, Aggregate, Income, Disposable, Volume, SA, CNY bn, % of 2017-19 trend",None,line
"China, Household survey, National, Aggregate, Income, Disposable, Volume, SA, CNY bn, % of Poly 2017-19 trend","China, Household survey, National, Aggregate, Income, Disposable, Volume, SA, CNY bn, % of Poly 2017-19 trend",None,line
"China, Household survey, Urban, Per capita, Expenditure, SA, CNY, 2013-19 trend, % YoY","China, Household survey, Urban, Per capita, Expenditure, SA, CNY, 2013-19 trend, % YoY",None,line
"China, Household survey, Urban, Per capita, Expenditure, Volume, SA, CNY, 2013-19 trend, % YoY","China, Household survey, Urban, Per capita, Expenditure, Volume, SA, CNY, 2013-19 trend, % YoY",None,line
"China, Household survey, Urban, Per capita, Income, Disposable, SA, CNY, 2013-19 trend, % YoY","China, Household survey, Urban, Per capita, Income, Disposable, SA, CNY, 2013-19 trend, % YoY",None,line
"China, Household survey, Urban, Per capita, Income, Disposable, Volume, SA, CNY, 2013-19 trend, % YoY","China, Household survey, Urban, Per capita, Income, Disposable, Volume, SA, CNY, 2013-19 trend, % YoY",None,line
"China, Household survey, Urban, Per capita, Savings ratio, SA, %, 2013-19 trend, % YoY","China, Household survey, Urban, Per capita, Savings ratio, SA, %, 2013-19 trend, % YoY",p,line
"China, Household survey, Rural, Per capita, Expenditure, SA, CNY, 2013-19 trend, % YoY","China, Household survey, Rural, Per capita, Expenditure, SA, CNY, 2013-19 trend, % YoY",None,line
"China, Household survey, Rural, Per capita, Expenditure, Volume, SA, CNY, 2013-19 trend, % YoY","China, Household survey, Rural, Per capita, Expenditure, Volume, SA, CNY, 2013-19 trend, % YoY",None,line
"China, Household survey, Rural, Per capita, Income, Disposable, SA, CNY, 2013-19 trend, % YoY","China, Household survey, Rural, Per capita, Income, Disposable, SA, CNY, 2013-19 trend, % YoY",None,line
"China, Household survey, Rural, Per capita, Income, Disposable, Volume, SA, CNY, 2013-19 trend, % YoY","China, Household survey, Rural, Per capita, Income, Disposable, Volume, SA, CNY, 2013-19 trend, % YoY",None,line
"China, Household survey, Rural, Per capita, Savings ratio, SA, %, 2013-19 trend, % YoY","China, Household survey, Rural, Per capita, Savings ratio, SA, %, 2013-19 trend, % YoY",p,line
"China, Household survey, National, Per capita, Expenditure, SA, CNY, 2013-19 trend, % YoY","China, Household survey, National, Per capita, Expenditure, SA, CNY, 2013-19 trend, % YoY",None,line
"China, Household survey, National, Per capita, Expenditure, Volume, SA, CNY, 2013-19 trend, % YoY","China, Household survey, National, Per capita, Expenditure, Volume, SA, CNY, 2013-19 trend, % YoY",None,line
"China, Household survey, National, Per capita, Income, Disposable, SA, CNY, 2013-19 trend, % YoY","China, Household survey, National, Per capita, Income, Disposable, SA, CNY, 2013-19 trend, % YoY",None,line
"China, Household survey, National, Per capita, Income, Disposable, Volume, SA, CNY, 2013-19 trend, % YoY","China, Household survey, National, Per capita, Income, Disposable, Volume, SA, CNY, 2013-19 trend, % YoY",None,line
"China, Household survey, National, Per capita, Savings ratio, SA, %, 2013-19 trend, % YoY","China, Household survey, National, Per capita, Savings ratio, SA, %, 2013-19 trend, % YoY",p,line
"China, Household survey, Rural and urban, Aggregate, Expenditure, Volume, SA, CNY bn, 2013-19 trend, % YoY","China, Household survey, Rural and urban, Aggregate, Expenditure, Volume, SA, CNY bn, 2013-19 trend, % YoY",None,line
"China, Household survey, National, Aggregate, Expenditure, SA, CNY bn, 2013-19 trend, % YoY","China, Household survey, National, Aggregate, Expenditure, SA, CNY bn, 2013-19 trend, % YoY",None,line
"China, Household survey, National, Aggregate, Income, Disposable, SA, CNY bn, 2013-19 trend, % YoY","China, Household survey, National, Aggregate, Income, Disposable, SA, CNY bn, 2013-19 trend, % YoY",None,line
"China, Household survey, National, Aggregate, Expenditure, Volume, SA, CNY bn, 2013-19 trend, % YoY","China, Household survey, National, Aggregate, Expenditure, Volume, SA, CNY bn, 2013-19 trend, % YoY",None,line
"China, Household survey, National, Aggregate, Income, Disposable, Volume, SA, CNY bn, 2013-19 trend, % YoY","China, Household survey, National, Aggregate, Income, Disposable, Volume, SA, CNY bn, 2013-19 trend, % YoY",None,line
"China, Household survey, Urban, Per capita, Expenditure, SA, CNY, Poly 2013-19 trend, % YoY","China, Household survey, Urban, Per capita, Expenditure, SA, CNY, Poly 2013-19 trend, % YoY",None,line
"China, Household survey, Urban, Per capita, Expenditure, Volume, SA, CNY, Poly 2013-19 trend, % YoY","China, Household survey, Urban, Per capita, Expenditure, Volume, SA, CNY, Poly 2013-19 trend, % YoY",None,line
"China, Household survey, Urban, Per capita, Income, Disposable, SA, CNY, Poly 2013-19 trend, % YoY","China, Household survey, Urban, Per capita, Income, Disposable, SA, CNY, Poly 2013-19 trend, % YoY",None,line
"China, Household survey, Urban, Per capita, Income, Disposable, Volume, SA, CNY, Poly 2013-19 trend, % YoY","China, Household survey, Urban, Per capita, Income, Disposable, Volume, SA, CNY, Poly 2013-19 trend, % YoY",None,line
"China, Household survey, Urban, Per capita, Savings ratio, SA, %, Poly 2013-19 trend, % YoY","China, Household survey, Urban, Per capita, Savings ratio, SA, %, Poly 2013-19 trend, % YoY",p,line
"China, Household survey, Rural, Per capita, Expenditure, SA, CNY, Poly 2013-19 trend, % YoY","China, Household survey, Rural, Per capita, Expenditure, SA, CNY, Poly 2013-19 trend, % YoY",None,line
"China, Household survey, Rural, Per capita, Expenditure, Volume, SA, CNY, Poly 2013-19 trend, % YoY","China, Household survey, Rural, Per capita, Expenditure, Volume, SA, CNY, Poly 2013-19 trend, % YoY",None,line
"China, Household survey, Rural, Per capita, Income, Disposable, SA, CNY, Poly 2013-19 trend, % YoY","China, Household survey, Rural, Per capita, Income, Disposable, SA, CNY, Poly 2013-19 trend, % YoY",None,line
"China, Household survey, Rural, Per capita, Income, Disposable, Volume, SA, CNY, Poly 2013-19 trend, % YoY","China, Household survey, Rural, Per capita, Income, Disposable, Volume, SA, CNY, Poly 2013-19 trend, % YoY",None,line
"China, Household survey, Rural, Per capita, Savings ratio, SA, %, Poly 2013-19 trend, % YoY","China, Household survey, Rural, Per capita, Savings ratio, SA, %, Poly 2013-19 trend, % YoY",p,line
"China, Household survey, National, Per capita, Expenditure, SA, CNY, Poly 2013-19 trend, % YoY","China, Household survey, National, Per capita, Expenditure, SA, CNY, Poly 2013-19 trend, % YoY",None,line
"China, Household survey, National, Per capita, Expenditure, Volume, SA, CNY, Poly 2013-19 trend, % YoY","China, Household survey, National, Per capita, Expenditure, Volume, SA, CNY, Poly 2013-19 trend, % YoY",None,line
"China, Household survey, National, Per capita, Income, Disposable, SA, CNY, Poly 2013-19 trend, % YoY","China, Household survey, National, Per capita, Income, Disposable, SA, CNY, Poly 2013-19 trend, % YoY",None,line
"China, Household survey, National, Per capita, Income, Disposable, Volume, SA, CNY, Poly 2013-19 trend, % YoY","China, Household survey, National, Per capita, Income, Disposable, Volume, SA, CNY, Poly 2013-19 trend, % YoY",None,line
"China, Household survey, National, Per capita, Savings ratio, SA, %, Poly 2013-19 trend, % YoY","China, Household survey, National, Per capita, Savings ratio, SA, %, Poly 2013-19 trend, % YoY",p,line
"China, Household survey, Rural and urban, Aggregate, Expenditure, Volume, SA, CNY bn, Poly 2013-19 trend, % YoY","China, Household survey, Rural and urban, Aggregate, Expenditure, Volume, SA, CNY bn, Poly 2013-19 trend, % YoY",None,line
"China, Household survey, National, Aggregate, Expenditure, SA, CNY bn, Poly 2013-19 trend, % YoY","China, Household survey, National, Aggregate, Expenditure, SA, CNY bn, Poly 2013-19 trend, % YoY",None,line
"China, Household survey, National, Aggregate, Income, Disposable, SA, CNY bn, Poly 2013-19 trend, % YoY","China, Household survey, National, Aggregate, Income, Disposable, SA, CNY bn, Poly 2013-19 trend, % YoY",None,line
"China, Household survey, National, Aggregate, Expenditure, Volume, SA, CNY bn, Poly 2013-19 trend, % YoY","China, Household survey, National, Aggregate, Expenditure, Volume, SA, CNY bn, Poly 2013-19 trend, % YoY",None,line
"China, Household survey, National, Aggregate, Income, Disposable, Volume, SA, CNY bn, Poly 2013-19 trend, % YoY","China, Household survey, National, Aggregate, Income, Disposable, Volume, SA, CNY bn, Poly 2013-19 trend, % YoY",None,line
"China, Household survey, Urban, Per capita, Expenditure, SA, CNY, 2015-19 trend, % YoY","China, Household survey, Urban, Per capita, Expenditure, SA, CNY, 2015-19 trend, % YoY",None,line
"China, Household survey, Urban, Per capita, Expenditure, Volume, SA, CNY, 2015-19 trend, % YoY","China, Household survey, Urban, Per capita, Expenditure, Volume, SA, CNY, 2015-19 trend, % YoY",None,line
"China, Household survey, Urban, Per capita, Income, Disposable, SA, CNY, 2015-19 trend, % YoY","China, Household survey, Urban, Per capita, Income, Disposable, SA, CNY, 2015-19 trend, % YoY",None,line
"China, Household survey, Urban, Per capita, Income, Disposable, Volume, SA, CNY, 2015-19 trend, % YoY","China, Household survey, Urban, Per capita, Income, Disposable, Volume, SA, CNY, 2015-19 trend, % YoY",None,line
"China, Household survey, Urban, Per capita, Savings ratio, SA, %, 2015-19 trend, % YoY","China, Household survey, Urban, Per capita, Savings ratio, SA, %, 2015-19 trend, % YoY",p,line
"China, Household survey, Rural, Per capita, Expenditure, SA, CNY, 2015-19 trend, % YoY","China, Household survey, Rural, Per capita, Expenditure, SA, CNY, 2015-19 trend, % YoY",None,line
"China, Household survey, Rural, Per capita, Expenditure, Volume, SA, CNY, 2015-19 trend, % YoY","China, Household survey, Rural, Per capita, Expenditure, Volume, SA, CNY, 2015-19 trend, % YoY",None,line
"China, Household survey, Rural, Per capita, Income, Disposable, SA, CNY, 2015-19 trend, % YoY","China, Household survey, Rural, Per capita, Income, Disposable, SA, CNY, 2015-19 trend, % YoY",None,line
"China, Household survey, Rural, Per capita, Income, Disposable, Volume, SA, CNY, 2015-19 trend, % YoY","China, Household survey, Rural, Per capita, Income, Disposable, Volume, SA, CNY, 2015-19 trend, % YoY",None,line
"China, Household survey, Rural, Per capita, Savings ratio, SA, %, 2015-19 trend, % YoY","China, Household survey, Rural, Per capita, Savings ratio, SA, %, 2015-19 trend, % YoY",p,line
"China, Household survey, National, Per capita, Expenditure, SA, CNY, 2015-19 trend, % YoY","China, Household survey, National, Per capita, Expenditure, SA, CNY, 2015-19 trend, % YoY",None,line
"China, Household survey, National, Per capita, Expenditure, Volume, SA, CNY, 2015-19 trend, % YoY","China, Household survey, National, Per capita, Expenditure, Volume, SA, CNY, 2015-19 trend, % YoY",None,line
"China, Household survey, National, Per capita, Income, Disposable, SA, CNY, 2015-19 trend, % YoY","China, Household survey, National, Per capita, Income, Disposable, SA, CNY, 2015-19 trend, % YoY",None,line
"China, Household survey, National, Per capita, Income, Disposable, Volume, SA, CNY, 2015-19 trend, % YoY","China, Household survey, National, Per capita, Income, Disposable, Volume, SA, CNY, 2015-19 trend, % YoY",None,line
"China, Household survey, National, Per capita, Savings ratio, SA, %, 2015-19 trend, % YoY","China, Household survey, National, Per capita, Savings ratio, SA, %, 2015-19 trend, % YoY",p,line
"China, Household survey, Rural and urban, Aggregate, Expenditure, Volume, SA, CNY bn, 2015-19 trend, % YoY","China, Household survey, Rural and urban, Aggregate, Expenditure, Volume, SA, CNY bn, 2015-19 trend, % YoY",None,line
"China, Household survey, National, Aggregate, Expenditure, SA, CNY bn, 2015-19 trend, % YoY","China, Household survey, National, Aggregate, Expenditure, SA, CNY bn, 2015-19 trend, % YoY",None,line
"China, Household survey, National, Aggregate, Income, Disposable, SA, CNY bn, 2015-19 trend, % YoY","China, Household survey, National, Aggregate, Income, Disposable, SA, CNY bn, 2015-19 trend, % YoY",None,line
"China, Household survey, National, Aggregate, Expenditure, Volume, SA, CNY bn, 2015-19 trend, % YoY","China, Household survey, National, Aggregate, Expenditure, Volume, SA, CNY bn, 2015-19 trend, % YoY",None,line
"China, Household survey, National, Aggregate, Income, Disposable, Volume, SA, CNY bn, 2015-19 trend, % YoY","China, Household survey, National, Aggregate, Income, Disposable, Volume, SA, CNY bn, 2015-19 trend, % YoY",None,line
"China, Household survey, Urban, Per capita, Expenditure, SA, CNY, Poly 2015-19 trend, % YoY","China, Household survey, Urban, Per capita, Expenditure, SA, CNY, Poly 2015-19 trend, % YoY",None,line
"China, Household survey, Urban, Per capita, Expenditure, Volume, SA, CNY, Poly 2015-19 trend, % YoY","China, Household survey, Urban, Per capita, Expenditure, Volume, SA, CNY, Poly 2015-19 trend, % YoY",None,line
"China, Household survey, Urban, Per capita, Income, Disposable, SA, CNY, Poly 2015-19 trend, % YoY","China, Household survey, Urban, Per capita, Income, Disposable, SA, CNY, Poly 2015-19 trend, % YoY",None,line
"China, Household survey, Urban, Per capita, Income, Disposable, Volume, SA, CNY, Poly 2015-19 trend, % YoY","China, Household survey, Urban, Per capita, Income, Disposable, Volume, SA, CNY, Poly 2015-19 trend, % YoY",None,line
"China, Household survey, Urban, Per capita, Savings ratio, SA, %, Poly 2015-19 trend, % YoY","China, Household survey, Urban, Per capita, Savings ratio, SA, %, Poly 2015-19 trend, % YoY",p,line
"China, Household survey, Rural, Per capita, Expenditure, SA, CNY, Poly 2015-19 trend, % YoY","China, Household survey, Rural, Per capita, Expenditure, SA, CNY, Poly 2015-19 trend, % YoY",None,line
"China, Household survey, Rural, Per capita, Expenditure, Volume, SA, CNY, Poly 2015-19 trend, % YoY","China, Household survey, Rural, Per capita, Expenditure, Volume, SA, CNY, Poly 2015-19 trend, % YoY",None,line
"China, Household survey, Rural, Per capita, Income, Disposable, SA, CNY, Poly 2015-19 trend, % YoY","China, Household survey, Rural, Per capita, Income, Disposable, SA, CNY, Poly 2015-19 trend, % YoY",None,line
"China, Household survey, Rural, Per capita, Income, Disposable, Volume, SA, CNY, Poly 2015-19 trend, % YoY","China, Household survey, Rural, Per capita, Income, Disposable, Volume, SA, CNY, Poly 2015-19 trend, % YoY",None,line
"China, Household survey, Rural, Per capita, Savings ratio, SA, %, Poly 2015-19 trend, % YoY","China, Household survey, Rural, Per capita, Savings ratio, SA, %, Poly 2015-19 trend, % YoY",p,line
"China, Household survey, National, Per capita, Expenditure, SA, CNY, Poly 2015-19 trend, % YoY","China, Household survey, National, Per capita, Expenditure, SA, CNY, Poly 2015-19 trend, % YoY",None,line
"China, Household survey, National, Per capita, Expenditure, Volume, SA, CNY, Poly 2015-19 trend, % YoY","China, Household survey, National, Per capita, Expenditure, Volume, SA, CNY, Poly 2015-19 trend, % YoY",None,line
"China, Household survey, National, Per capita, Income, Disposable, SA, CNY, Poly 2015-19 trend, % YoY","China, Household survey, National, Per capita, Income, Disposable, SA, CNY, Poly 2015-19 trend, % YoY",None,line
"China, Household survey, National, Per capita, Income, Disposable, Volume, SA, CNY, Poly 2015-19 trend, % YoY","China, Household survey, National, Per capita, Income, Disposable, Volume, SA, CNY, Poly 2015-19 trend, % YoY",None,line
"China, Household survey, National, Per capita, Savings ratio, SA, %, Poly 2015-19 trend, % YoY","China, Household survey, National, Per capita, Savings ratio, SA, %, Poly 2015-19 trend, % YoY",p,line
"China, Household survey, Rural and urban, Aggregate, Expenditure, Volume, SA, CNY bn, Poly 2015-19 trend, % YoY","China, Household survey, Rural and urban, Aggregate, Expenditure, Volume, SA, CNY bn, Poly 2015-19 trend, % YoY",None,line
"China, Household survey, National, Aggregate, Expenditure, SA, CNY bn, Poly 2015-19 trend, % YoY","China, Household survey, National, Aggregate, Expenditure, SA, CNY bn, Poly 2015-19 trend, % YoY",None,line
"China, Household survey, National, Aggregate, Income, Disposable, SA, CNY bn, Poly 2015-19 trend, % YoY","China, Household survey, National, Aggregate, Income, Disposable, SA, CNY bn, Poly 2015-19 trend, % YoY",None,line
"China, Household survey, National, Aggregate, Expenditure, Volume, SA, CNY bn, Poly 2015-19 trend, % YoY","China, Household survey, National, Aggregate, Expenditure, Volume, SA, CNY bn, Poly 2015-19 trend, % YoY",None,line
"China, Household survey, National, Aggregate, Income, Disposable, Volume, SA, CNY bn, Poly 2015-19 trend, % YoY","China, Household survey, National, Aggregate, Income, Disposable, Volume, SA, CNY bn, Poly 2015-19 trend, % YoY",None,line
"China, Household survey, Urban, Per capita, Expenditure, SA, CNY, 2017-19 trend, % YoY","China, Household survey, Urban, Per capita, Expenditure, SA, CNY, 2017-19 trend, % YoY",None,line
"China, Household survey, Urban, Per capita, Expenditure, Volume, SA, CNY, 2017-19 trend, % YoY","China, Household survey, Urban, Per capita, Expenditure, Volume, SA, CNY, 2017-19 trend, % YoY",None,line
"China, Household survey, Urban, Per capita, Income, Disposable, SA, CNY, 2017-19 trend, % YoY","China, Household survey, Urban, Per capita, Income, Disposable, SA, CNY, 2017-19 trend, % YoY",None,line
"China, Household survey, Urban, Per capita, Income, Disposable, Volume, SA, CNY, 2017-19 trend, % YoY","China, Household survey, Urban, Per capita, Income, Disposable, Volume, SA, CNY, 2017-19 trend, % YoY",None,line
"China, Household survey, Urban, Per capita, Savings ratio, SA, %, 2017-19 trend, % YoY","China, Household survey, Urban, Per capita, Savings ratio, SA, %, 2017-19 trend, % YoY",p,line
"China, Household survey, Rural, Per capita, Expenditure, SA, CNY, 2017-19 trend, % YoY","China, Household survey, Rural, Per capita, Expenditure, SA, CNY, 2017-19 trend, % YoY",None,line
"China, Household survey, Rural, Per capita, Expenditure, Volume, SA, CNY, 2017-19 trend, % YoY","China, Household survey, Rural, Per capita, Expenditure, Volume, SA, CNY, 2017-19 trend, % YoY",None,line
"China, Household survey, Rural, Per capita, Income, Disposable, SA, CNY, 2017-19 trend, % YoY","China, Household survey, Rural, Per capita, Income, Disposable, SA, CNY, 2017-19 trend, % YoY",None,line
"China, Household survey, Rural, Per capita, Income, Disposable, Volume, SA, CNY, 2017-19 trend, % YoY","China, Household survey, Rural, Per capita, Income, Disposable, Volume, SA, CNY, 2017-19 trend, % YoY",None,line
"China, Household survey, Rural, Per capita, Savings ratio, SA, %, 2017-19 trend, % YoY","China, Household survey, Rural, Per capita, Savings ratio, SA, %, 2017-19 trend, % YoY",p,line
"China, Household survey, National, Per capita, Expenditure, SA, CNY, 2017-19 trend, % YoY","China, Household survey, National, Per capita, Expenditure, SA, CNY, 2017-19 trend, % YoY",None,line
"China, Household survey, National, Per capita, Expenditure, Volume, SA, CNY, 2017-19 trend, % YoY","China, Household survey, National, Per capita, Expenditure, Volume, SA, CNY, 2017-19 trend, % YoY",None,line
"China, Household survey, National, Per capita, Income, Disposable, SA, CNY, 2017-19 trend, % YoY","China, Household survey, National, Per capita, Income, Disposable, SA, CNY, 2017-19 trend, % YoY",None,line
"China, Household survey, National, Per capita, Income, Disposable, Volume, SA, CNY, 2017-19 trend, % YoY","China, Household survey, National, Per capita, Income, Disposable, Volume, SA, CNY, 2017-19 trend, % YoY",None,line
"China, Household survey, National, Per capita, Savings ratio, SA, %, 2017-19 trend, % YoY","China, Household survey, National, Per capita, Savings ratio, SA, %, 2017-19 trend, % YoY",p,line
"China, Household survey, Rural and urban, Aggregate, Expenditure, Volume, SA, CNY bn, 2017-19 trend, % YoY","China, Household survey, Rural and urban, Aggregate, Expenditure, Volume, SA, CNY bn, 2017-19 trend, % YoY",None,line
"China, Household survey, National, Aggregate, Expenditure, SA, CNY bn, 2017-19 trend, % YoY","China, Household survey, National, Aggregate, Expenditure, SA, CNY bn, 2017-19 trend, % YoY",None,line
"China, Household survey, National, Aggregate, Income, Disposable, SA, CNY bn, 2017-19 trend, % YoY","China, Household survey, National, Aggregate, Income, Disposable, SA, CNY bn, 2017-19 trend, % YoY",None,line
"China, Household survey, National, Aggregate, Expenditure, Volume, SA, CNY bn, 2017-19 trend, % YoY","China, Household survey, National, Aggregate, Expenditure, Volume, SA, CNY bn, 2017-19 trend, % YoY",None,line
"China, Household survey, National, Aggregate, Income, Disposable, Volume, SA, CNY bn, 2017-19 trend, % YoY","China, Household survey, National, Aggregate, Income, Disposable, Volume, SA, CNY bn, 2017-19 trend, % YoY",None,line
"China, Household survey, Urban, Per capita, Expenditure, SA, CNY, Poly 2017-19 trend, % YoY","China, Household survey, Urban, Per capita, Expenditure, SA, CNY, Poly 2017-19 trend, % YoY",None,line
"China, Household survey, Urban, Per capita, Expenditure, Volume, SA, CNY, Poly 2017-19 trend, % YoY","China, Household survey, Urban, Per capita, Expenditure, Volume, SA, CNY, Poly 2017-19 trend, % YoY",None,line
"China, Household survey, Urban, Per capita, Income, Disposable, SA, CNY, Poly 2017-19 trend, % YoY","China, Household survey, Urban, Per capita, Income, Disposable, SA, CNY, Poly 2017-19 trend, % YoY",None,line
"China, Household survey, Urban, Per capita, Income, Disposable, Volume, SA, CNY, Poly 2017-19 trend, % YoY","China, Household survey, Urban, Per capita, Income, Disposable, Volume, SA, CNY, Poly 2017-19 trend, % YoY",None,line
"China, Household survey, Urban, Per capita, Savings ratio, SA, %, Poly 2017-19 trend, % YoY","China, Household survey, Urban, Per capita, Savings ratio, SA, %, Poly 2017-19 trend, % YoY",p,line
"China, Household survey, Rural, Per capita, Expenditure, SA, CNY, Poly 2017-19 trend, % YoY","China, Household survey, Rural, Per capita, Expenditure, SA, CNY, Poly 2017-19 trend, % YoY",None,line
"China, Household survey, Rural, Per capita, Expenditure, Volume, SA, CNY, Poly 2017-19 trend, % YoY","China, Household survey, Rural, Per capita, Expenditure, Volume, SA, CNY, Poly 2017-19 trend, % YoY",None,line
"China, Household survey, Rural, Per capita, Income, Disposable, SA, CNY, Poly 2017-19 trend, % YoY","China, Household survey, Rural, Per capita, Income, Disposable, SA, CNY, Poly 2017-19 trend, % YoY",None,line
"China, Household survey, Rural, Per capita, Income, Disposable, Volume, SA, CNY, Poly 2017-19 trend, % YoY","China, Household survey, Rural, Per capita, Income, Disposable, Volume, SA, CNY, Poly 2017-19 trend, % YoY",None,line
"China, Household survey, Rural, Per capita, Savings ratio, SA, %, Poly 2017-19 trend, % YoY","China, Household survey, Rural, Per capita, Savings ratio, SA, %, Poly 2017-19 trend, % YoY",p,line
"China, Household survey, National, Per capita, Expenditure, SA, CNY, Poly 2017-19 trend, % YoY","China, Household survey, National, Per capita, Expenditure, SA, CNY, Poly 2017-19 trend, % YoY",None,line
"China, Household survey, National, Per capita, Expenditure, Volume, SA, CNY, Poly 2017-19 trend, % YoY","China, Household survey, National, Per capita, Expenditure, Volume, SA, CNY, Poly 2017-19 trend, % YoY",None,line
"China, Household survey, National, Per capita, Income, Disposable, SA, CNY, Poly 2017-19 trend, % YoY","China, Household survey, National, Per capita, Income, Disposable, SA, CNY, Poly 2017-19 trend, % YoY",None,line
"China, Household survey, National, Per capita, Income, Disposable, Volume, SA, CNY, Poly 2017-19 trend, % YoY","China, Household survey, National, Per capita, Income, Disposable, Volume, SA, CNY, Poly 2017-19 trend, % YoY",None,line
"China, Household survey, National, Per capita, Savings ratio, SA, %, Poly 2017-19 trend, % YoY","China, Household survey, National, Per capita, Savings ratio, SA, %, Poly 2017-19 trend, % YoY",p,line
"China, Household survey, Rural and urban, Aggregate, Expenditure, Volume, SA, CNY bn, Poly 2017-19 trend, % YoY","China, Household survey, Rural and urban, Aggregate, Expenditure, Volume, SA, CNY bn, Poly 2017-19 trend, % YoY",None,line
"China, Household survey, National, Aggregate, Expenditure, SA, CNY bn, Poly 2017-19 trend, % YoY","China, Household survey, National, Aggregate, Expenditure, SA, CNY bn, Poly 2017-19 trend, % YoY",None,line
"China, Household survey, National, Aggregate, Income, Disposable, SA, CNY bn, Poly 2017-19 trend, % YoY","China, Household survey, National, Aggregate, Income, Disposable, SA, CNY bn, Poly 2017-19 trend, % YoY",None,line
"China, Household survey, National, Aggregate, Expenditure, Volume, SA, CNY bn, Poly 2017-19 trend, % YoY","China, Household survey, National, Aggregate, Expenditure, Volume, SA, CNY bn, Poly 2017-19 trend, % YoY",None,line
"China, Household survey, National, Aggregate, Income, Disposable, Volume, SA, CNY bn, Poly 2017-19 trend, % YoY","China, Household survey, National, Aggregate, Income, Disposable, Volume, SA, CNY bn, Poly 2017-19 trend, % YoY",None,line
"China, Household survey, Urban, Per capita, Expenditure, SA, CNY, % of 2013-19 trend, % YoY","China, Household survey, Urban, Per capita, Expenditure, SA, CNY, % of 2013-19 trend, % YoY",None,line
"China, Household survey, Urban, Per capita, Expenditure, SA, CNY, % of Poly 2013-19 trend, % YoY","China, Household survey, Urban, Per capita, Expenditure, SA, CNY, % of Poly 2013-19 trend, % YoY",None,line
"China, Household survey, Urban, Per capita, Expenditure, SA, CNY, % of 2015-19 trend, % YoY","China, Household survey, Urban, Per capita, Expenditure, SA, CNY, % of 2015-19 trend, % YoY",None,line
"China, Household survey, Urban, Per capita, Expenditure, SA, CNY, % of Poly 2015-19 trend, % YoY","China, Household survey, Urban, Per capita, Expenditure, SA, CNY, % of Poly 2015-19 trend, % YoY",None,line
"China, Household survey, Urban, Per capita, Expenditure, SA, CNY, % of 2017-19 trend, % YoY","China, Household survey, Urban, Per capita, Expenditure, SA, CNY, % of 2017-19 trend, % YoY",None,line
"China, Household survey, Urban, Per capita, Expenditure, SA, CNY, % of Poly 2017-19 trend, % YoY","China, Household survey, Urban, Per capita, Expenditure, SA, CNY, % of Poly 2017-19 trend, % YoY",None,line
"China, Household survey, Urban, Per capita, Expenditure, Volume, SA, CNY, % of 2013-19 trend, % YoY","China, Household survey, Urban, Per capita, Expenditure, Volume, SA, CNY, % of 2013-19 trend, % YoY",None,line
"China, Household survey, Urban, Per capita, Expenditure, Volume, SA, CNY, % of Poly 2013-19 trend, % YoY","China, Household survey, Urban, Per capita, Expenditure, Volume, SA, CNY, % of Poly 2013-19 trend, % YoY",None,line
"China, Household survey, Urban, Per capita, Expenditure, Volume, SA, CNY, % of 2015-19 trend, % YoY","China, Household survey, Urban, Per capita, Expenditure, Volume, SA, CNY, % of 2015-19 trend, % YoY",None,line
"China, Household survey, Urban, Per capita, Expenditure, Volume, SA, CNY, % of Poly 2015-19 trend, % YoY","China, Household survey, Urban, Per capita, Expenditure, Volume, SA, CNY, % of Poly 2015-19 trend, % YoY",None,line
"China, Household survey, Urban, Per capita, Expenditure, Volume, SA, CNY, % of 2017-19 trend, % YoY","China, Household survey, Urban, Per capita, Expenditure, Volume, SA, CNY, % of 2017-19 trend, % YoY",None,line
"China, Household survey, Urban, Per capita, Expenditure, Volume, SA, CNY, % of Poly 2017-19 trend, % YoY","China, Household survey, Urban, Per capita, Expenditure, Volume, SA, CNY, % of Poly 2017-19 trend, % YoY",None,line
"China, Household survey, Urban, Per capita, Income, Disposable, SA, CNY, % of 2013-19 trend, % YoY","China, Household survey, Urban, Per capita, Income, Disposable, SA, CNY, % of 2013-19 trend, % YoY",None,line
"China, Household survey, Urban, Per capita, Income, Disposable, SA, CNY, % of Poly 2013-19 trend, % YoY","China, Household survey, Urban, Per capita, Income, Disposable, SA, CNY, % of Poly 2013-19 trend, % YoY",None,line
"China, Household survey, Urban, Per capita, Income, Disposable, SA, CNY, % of 2015-19 trend, % YoY","China, Household survey, Urban, Per capita, Income, Disposable, SA, CNY, % of 2015-19 trend, % YoY",None,line
"China, Household survey, Urban, Per capita, Income, Disposable, SA, CNY, % of Poly 2015-19 trend, % YoY","China, Household survey, Urban, Per capita, Income, Disposable, SA, CNY, % of Poly 2015-19 trend, % YoY",None,line
"China, Household survey, Urban, Per capita, Income, Disposable, SA, CNY, % of 2017-19 trend, % YoY","China, Household survey, Urban, Per capita, Income, Disposable, SA, CNY, % of 2017-19 trend, % YoY",None,line
"China, Household survey, Urban, Per capita, Income, Disposable, SA, CNY, % of Poly 2017-19 trend, % YoY","China, Household survey, Urban, Per capita, Income, Disposable, SA, CNY, % of Poly 2017-19 trend, % YoY",None,line
"China, Household survey, Urban, Per capita, Income, Disposable, Volume, SA, CNY, % of 2013-19 trend, % YoY","China, Household survey, Urban, Per capita, Income, Disposable, Volume, SA, CNY, % of 2013-19 trend, % YoY",None,line
"China, Household survey, Urban, Per capita, Income, Disposable, Volume, SA, CNY, % of Poly 2013-19 trend, % YoY","China, Household survey, Urban, Per capita, Income, Disposable, Volume, SA, CNY, % of Poly 2013-19 trend, % YoY",None,line
"China, Household survey, Urban, Per capita, Income, Disposable, Volume, SA, CNY, % of 2015-19 trend, % YoY","China, Household survey, Urban, Per capita, Income, Disposable, Volume, SA, CNY, % of 2015-19 trend, % YoY",None,line
"China, Household survey, Urban, Per capita, Income, Disposable, Volume, SA, CNY, % of Poly 2015-19 trend, % YoY","China, Household survey, Urban, Per capita, Income, Disposable, Volume, SA, CNY, % of Poly 2015-19 trend, % YoY",None,line
"China, Household survey, Urban, Per capita, Income, Disposable, Volume, SA, CNY, % of 2017-19 trend, % YoY","China, Household survey, Urban, Per capita, Income, Disposable, Volume, SA, CNY, % of 2017-19 trend, % YoY",None,line
"China, Household survey, Urban, Per capita, Income, Disposable, Volume, SA, CNY, % of Poly 2017-19 trend, % YoY","China, Household survey, Urban, Per capita, Income, Disposable, Volume, SA, CNY, % of Poly 2017-19 trend, % YoY",None,line
"China, Household survey, Urban, Per capita, Savings ratio, SA, %, % of 2013-19 trend, % YoY","China, Household survey, Urban, Per capita, Savings ratio, SA, %, % of 2013-19 trend, % YoY",p,line
"China, Household survey, Urban, Per capita, Savings ratio, SA, %, % of Poly 2013-19 trend, % YoY","China, Household survey, Urban, Per capita, Savings ratio, SA, %, % of Poly 2013-19 trend, % YoY",p,line
"China, Household survey, Urban, Per capita, Savings ratio, SA, %, % of 2015-19 trend, % YoY","China, Household survey, Urban, Per capita, Savings ratio, SA, %, % of 2015-19 trend, % YoY",p,line
"China, Household survey, Urban, Per capita, Savings ratio, SA, %, % of Poly 2015-19 trend, % YoY","China, Household survey, Urban, Per capita, Savings ratio, SA, %, % of Poly 2015-19 trend, % YoY",p,line
"China, Household survey, Urban, Per capita, Savings ratio, SA, %, % of 2017-19 trend, % YoY","China, Household survey, Urban, Per capita, Savings ratio, SA, %, % of 2017-19 trend, % YoY",p,line
"China, Household survey, Urban, Per capita, Savings ratio, SA, %, % of Poly 2017-19 trend, % YoY","China, Household survey, Urban, Per capita, Savings ratio, SA, %, % of Poly 2017-19 trend, % YoY",p,line
"China, Household survey, Rural, Per capita, Expenditure, SA, CNY, % of 2013-19 trend, % YoY","China, Household survey, Rural, Per capita, Expenditure, SA, CNY, % of 2013-19 trend, % YoY",None,line
"China, Household survey, Rural, Per capita, Expenditure, SA, CNY, % of Poly 2013-19 trend, % YoY","China, Household survey, Rural, Per capita, Expenditure, SA, CNY, % of Poly 2013-19 trend, % YoY",None,line
"China, Household survey, Rural, Per capita, Expenditure, SA, CNY, % of 2015-19 trend, % YoY","China, Household survey, Rural, Per capita, Expenditure, SA, CNY, % of 2015-19 trend, % YoY",None,line
"China, Household survey, Rural, Per capita, Expenditure, SA, CNY, % of Poly 2015-19 trend, % YoY","China, Household survey, Rural, Per capita, Expenditure, SA, CNY, % of Poly 2015-19 trend, % YoY",None,line
"China, Household survey, Rural, Per capita, Expenditure, SA, CNY, % of 2017-19 trend, % YoY","China, Household survey, Rural, Per capita, Expenditure, SA, CNY, % of 2017-19 trend, % YoY",None,line
"China, Household survey, Rural, Per capita, Expenditure, SA, CNY, % of Poly 2017-19 trend, % YoY","China, Household survey, Rural, Per capita, Expenditure, SA, CNY, % of Poly 2017-19 trend, % YoY",None,line
"China, Household survey, Rural, Per capita, Expenditure, Volume, SA, CNY, % of 2013-19 trend, % YoY","China, Household survey, Rural, Per capita, Expenditure, Volume, SA, CNY, % of 2013-19 trend, % YoY",None,line
"China, Household survey, Rural, Per capita, Expenditure, Volume, SA, CNY, % of Poly 2013-19 trend, % YoY","China, Household survey, Rural, Per capita, Expenditure, Volume, SA, CNY, % of Poly 2013-19 trend, % YoY",None,line
"China, Household survey, Rural, Per capita, Expenditure, Volume, SA, CNY, % of 2015-19 trend, % YoY","China, Household survey, Rural, Per capita, Expenditure, Volume, SA, CNY, % of 2015-19 trend, % YoY",None,line
"China, Household survey, Rural, Per capita, Expenditure, Volume, SA, CNY, % of Poly 2015-19 trend, % YoY","China, Household survey, Rural, Per capita, Expenditure, Volume, SA, CNY, % of Poly 2015-19 trend, % YoY",None,line
"China, Household survey, Rural, Per capita, Expenditure, Volume, SA, CNY, % of 2017-19 trend, % YoY","China, Household survey, Rural, Per capita, Expenditure, Volume, SA, CNY, % of 2017-19 trend, % YoY",None,line
"China, Household survey, Rural, Per capita, Expenditure, Volume, SA, CNY, % of Poly 2017-19 trend, % YoY","China, Household survey, Rural, Per capita, Expenditure, Volume, SA, CNY, % of Poly 2017-19 trend, % YoY",None,line
"China, Household survey, Rural, Per capita, Income, Disposable, SA, CNY, % of 2013-19 trend, % YoY","China, Household survey, Rural, Per capita, Income, Disposable, SA, CNY, % of 2013-19 trend, % YoY",None,line
"China, Household survey, Rural, Per capita, Income, Disposable, SA, CNY, % of Poly 2013-19 trend, % YoY","China, Household survey, Rural, Per capita, Income, Disposable, SA, CNY, % of Poly 2013-19 trend, % YoY",None,line
"China, Household survey, Rural, Per capita, Income, Disposable, SA, CNY, % of 2015-19 trend, % YoY","China, Household survey, Rural, Per capita, Income, Disposable, SA, CNY, % of 2015-19 trend, % YoY",None,line
"China, Household survey, Rural, Per capita, Income, Disposable, SA, CNY, % of Poly 2015-19 trend, % YoY","China, Household survey, Rural, Per capita, Income, Disposable, SA, CNY, % of Poly 2015-19 trend, % YoY",None,line
"China, Household survey, Rural, Per capita, Income, Disposable, SA, CNY, % of 2017-19 trend, % YoY","China, Household survey, Rural, Per capita, Income, Disposable, SA, CNY, % of 2017-19 trend, % YoY",None,line
"China, Household survey, Rural, Per capita, Income, Disposable, SA, CNY, % of Poly 2017-19 trend, % YoY","China, Household survey, Rural, Per capita, Income, Disposable, SA, CNY, % of Poly 2017-19 trend, % YoY",None,line
"China, Household survey, Rural, Per capita, Income, Disposable, Volume, SA, CNY, % of 2013-19 trend, % YoY","China, Household survey, Rural, Per capita, Income, Disposable, Volume, SA, CNY, % of 2013-19 trend, % YoY",None,line
"China, Household survey, Rural, Per capita, Income, Disposable, Volume, SA, CNY, % of Poly 2013-19 trend, % YoY","China, Household survey, Rural, Per capita, Income, Disposable, Volume, SA, CNY, % of Poly 2013-19 trend, % YoY",None,line
"China, Household survey, Rural, Per capita, Income, Disposable, Volume, SA, CNY, % of 2015-19 trend, % YoY","China, Household survey, Rural, Per capita, Income, Disposable, Volume, SA, CNY, % of 2015-19 trend, % YoY",None,line
"China, Household survey, Rural, Per capita, Income, Disposable, Volume, SA, CNY, % of Poly 2015-19 trend, % YoY","China, Household survey, Rural, Per capita, Income, Disposable, Volume, SA, CNY, % of Poly 2015-19 trend, % YoY",None,line
"China, Household survey, Rural, Per capita, Income, Disposable, Volume, SA, CNY, % of 2017-19 trend, % YoY","China, Household survey, Rural, Per capita, Income, Disposable, Volume, SA, CNY, % of 2017-19 trend, % YoY",None,line
"China, Household survey, Rural, Per capita, Income, Disposable, Volume, SA, CNY, % of Poly 2017-19 trend, % YoY","China, Household survey, Rural, Per capita, Income, Disposable, Volume, SA, CNY, % of Poly 2017-19 trend, % YoY",None,line
"China, Household survey, Rural, Per capita, Savings ratio, SA, %, % of 2013-19 trend, % YoY","China, Household survey, Rural, Per capita, Savings ratio, SA, %, % of 2013-19 trend, % YoY",p,line
"China, Household survey, Rural, Per capita, Savings ratio, SA, %, % of Poly 2013-19 trend, % YoY","China, Household survey, Rural, Per capita, Savings ratio, SA, %, % of Poly 2013-19 trend, % YoY",p,line
"China, Household survey, Rural, Per capita, Savings ratio, SA, %, % of 2015-19 trend, % YoY","China, Household survey, Rural, Per capita, Savings ratio, SA, %, % of 2015-19 trend, % YoY",p,line
"China, Household survey, Rural, Per capita, Savings ratio, SA, %, % of Poly 2015-19 trend, % YoY","China, Household survey, Rural, Per capita, Savings ratio, SA, %, % of Poly 2015-19 trend, % YoY",p,line
"China, Household survey, Rural, Per capita, Savings ratio, SA, %, % of 2017-19 trend, % YoY","China, Household survey, Rural, Per capita, Savings ratio, SA, %, % of 2017-19 trend, % YoY",p,line
"China, Household survey, Rural, Per capita, Savings ratio, SA, %, % of Poly 2017-19 trend, % YoY","China, Household survey, Rural, Per capita, Savings ratio, SA, %, % of Poly 2017-19 trend, % YoY",p,line
"China, Household survey, National, Per capita, Expenditure, SA, CNY, % of 2013-19 trend, % YoY","China, Household survey, National, Per capita, Expenditure, SA, CNY, % of 2013-19 trend, % YoY",None,line
"China, Household survey, National, Per capita, Expenditure, SA, CNY, % of Poly 2013-19 trend, % YoY","China, Household survey, National, Per capita, Expenditure, SA, CNY, % of Poly 2013-19 trend, % YoY",None,line
"China, Household survey, National, Per capita, Expenditure, SA, CNY, % of 2015-19 trend, % YoY","China, Household survey, National, Per capita, Expenditure, SA, CNY, % of 2015-19 trend, % YoY",None,line
"China, Household survey, National, Per capita, Expenditure, SA, CNY, % of Poly 2015-19 trend, % YoY","China, Household survey, National, Per capita, Expenditure, SA, CNY, % of Poly 2015-19 trend, % YoY",None,line
"China, Household survey, National, Per capita, Expenditure, SA, CNY, % of 2017-19 trend, % YoY","China, Household survey, National, Per capita, Expenditure, SA, CNY, % of 2017-19 trend, % YoY",None,line
"China, Household survey, National, Per capita, Expenditure, SA, CNY, % of Poly 2017-19 trend, % YoY","China, Household survey, National, Per capita, Expenditure, SA, CNY, % of Poly 2017-19 trend, % YoY",None,line
"China, Household survey, National, Per capita, Expenditure, Volume, SA, CNY, % of 2013-19 trend, % YoY","China, Household survey, National, Per capita, Expenditure, Volume, SA, CNY, % of 2013-19 trend, % YoY",None,line
"China, Household survey, National, Per capita, Expenditure, Volume, SA, CNY, % of Poly 2013-19 trend, % YoY","China, Household survey, National, Per capita, Expenditure, Volume, SA, CNY, % of Poly 2013-19 trend, % YoY",None,line
"China, Household survey, National, Per capita, Expenditure, Volume, SA, CNY, % of 2015-19 trend, % YoY","China, Household survey, National, Per capita, Expenditure, Volume, SA, CNY, % of 2015-19 trend, % YoY",None,line
"China, Household survey, National, Per capita, Expenditure, Volume, SA, CNY, % of Poly 2015-19 trend, % YoY","China, Household survey, National, Per capita, Expenditure, Volume, SA, CNY, % of Poly 2015-19 trend, % YoY",None,line
"China, Household survey, National, Per capita, Expenditure, Volume, SA, CNY, % of 2017-19 trend, % YoY","China, Household survey, National, Per capita, Expenditure, Volume, SA, CNY, % of 2017-19 trend, % YoY",None,line
"China, Household survey, National, Per capita, Expenditure, Volume, SA, CNY, % of Poly 2017-19 trend, % YoY","China, Household survey, National, Per capita, Expenditure, Volume, SA, CNY, % of Poly 2017-19 trend, % YoY",None,line
"China, Household survey, National, Per capita, Income, Disposable, SA, CNY, % of 2013-19 trend, % YoY","China, Household survey, National, Per capita, Income, Disposable, SA, CNY, % of 2013-19 trend, % YoY",None,line
"China, Household survey, National, Per capita, Income, Disposable, SA, CNY, % of Poly 2013-19 trend, % YoY","China, Household survey, National, Per capita, Income, Disposable, SA, CNY, % of Poly 2013-19 trend, % YoY",None,line
"China, Household survey, National, Per capita, Income, Disposable, SA, CNY, % of 2015-19 trend, % YoY","China, Household survey, National, Per capita, Income, Disposable, SA, CNY, % of 2015-19 trend, % YoY",None,line
"China, Household survey, National, Per capita, Income, Disposable, SA, CNY, % of Poly 2015-19 trend, % YoY","China, Household survey, National, Per capita, Income, Disposable, SA, CNY, % of Poly 2015-19 trend, % YoY",None,line
"China, Household survey, National, Per capita, Income, Disposable, SA, CNY, % of 2017-19 trend, % YoY","China, Household survey, National, Per capita, Income, Disposable, SA, CNY, % of 2017-19 trend, % YoY",None,line
"China, Household survey, National, Per capita, Income, Disposable, SA, CNY, % of Poly 2017-19 trend, % YoY","China, Household survey, National, Per capita, Income, Disposable, SA, CNY, % of Poly 2017-19 trend, % YoY",None,line
"China, Household survey, National, Per capita, Income, Disposable, Volume, SA, CNY, % of 2013-19 trend, % YoY","China, Household survey, National, Per capita, Income, Disposable, Volume, SA, CNY, % of 2013-19 trend, % YoY",None,line
"China, Household survey, National, Per capita, Income, Disposable, Volume, SA, CNY, % of Poly 2013-19 trend, % YoY","China, Household survey, National, Per capita, Income, Disposable, Volume, SA, CNY, % of Poly 2013-19 trend, % YoY",None,line
"China, Household survey, National, Per capita, Income, Disposable, Volume, SA, CNY, % of 2015-19 trend, % YoY","China, Household survey, National, Per capita, Income, Disposable, Volume, SA, CNY, % of 2015-19 trend, % YoY",None,line
"China, Household survey, National, Per capita, Income, Disposable, Volume, SA, CNY, % of Poly 2015-19 trend, % YoY","China, Household survey, National, Per capita, Income, Disposable, Volume, SA, CNY, % of Poly 2015-19 trend, % YoY",None,line
"China, Household survey, National, Per capita, Income, Disposable, Volume, SA, CNY, % of 2017-19 trend, % YoY","China, Household survey, National, Per capita, Income, Disposable, Volume, SA, CNY, % of 2017-19 trend, % YoY",None,line
"China, Household survey, National, Per capita, Income, Disposable, Volume, SA, CNY, % of Poly 2017-19 trend, % YoY","China, Household survey, National, Per capita, Income, Disposable, Volume, SA, CNY, % of Poly 2017-19 trend, % YoY",None,line
"China, Household survey, National, Per capita, Savings ratio, SA, %, % of 2013-19 trend, % YoY","China, Household survey, National, Per capita, Savings ratio, SA, %, % of 2013-19 trend, % YoY",p,line
"China, Household survey, National, Per capita, Savings ratio, SA, %, % of Poly 2013-19 trend, % YoY","China, Household survey, National, Per capita, Savings ratio, SA, %, % of Poly 2013-19 trend, % YoY",p,line
"China, Household survey, National, Per capita, Savings ratio, SA, %, % of 2015-19 trend, % YoY","China, Household survey, National, Per capita, Savings ratio, SA, %, % of 2015-19 trend, % YoY",p,line
"China, Household survey, National, Per capita, Savings ratio, SA, %, % of Poly 2015-19 trend, % YoY","China, Household survey, National, Per capita, Savings ratio, SA, %, % of Poly 2015-19 trend, % YoY",p,line
"China, Household survey, National, Per capita, Savings ratio, SA, %, % of 2017-19 trend, % YoY","China, Household survey, National, Per capita, Savings ratio, SA, %, % of 2017-19 trend, % YoY",p,line
"China, Household survey, National, Per capita, Savings ratio, SA, %, % of Poly 2017-19 trend, % YoY","China, Household survey, National, Per capita, Savings ratio, SA, %, % of Poly 2017-19 trend, % YoY",p,line
"China, Household survey, Rural and urban, Aggregate, Expenditure, Volume, SA, CNY bn, % of 2013-19 trend, % YoY","China, Household survey, Rural and urban, Aggregate, Expenditure, Volume, SA, CNY bn, % of 2013-19 trend, % YoY",None,line
"China, Household survey, Rural and urban, Aggregate, Expenditure, Volume, SA, CNY bn, % of Poly 2013-19 trend, % YoY","China, Household survey, Rural and urban, Aggregate, Expenditure, Volume, SA, CNY bn, % of Poly 2013-19 trend, % YoY",None,line
"China, Household survey, Rural and urban, Aggregate, Expenditure, Volume, SA, CNY bn, % of 2015-19 trend, % YoY","China, Household survey, Rural and urban, Aggregate, Expenditure, Volume, SA, CNY bn, % of 2015-19 trend, % YoY",None,line
"China, Household survey, Rural and urban, Aggregate, Expenditure, Volume, SA, CNY bn, % of Poly 2015-19 trend, % YoY","China, Household survey, Rural and urban, Aggregate, Expenditure, Volume, SA, CNY bn, % of Poly 2015-19 trend, % YoY",None,line
"China, Household survey, Rural and urban, Aggregate, Expenditure, Volume, SA, CNY bn, % of 2017-19 trend, % YoY","China, Household survey, Rural and urban, Aggregate, Expenditure, Volume, SA, CNY bn, % of 2017-19 trend, % YoY",None,line
"China, Household survey, Rural and urban, Aggregate, Expenditure, Volume, SA, CNY bn, % of Poly 2017-19 trend, % YoY","China, Household survey, Rural and urban, Aggregate, Expenditure, Volume, SA, CNY bn, % of Poly 2017-19 trend, % YoY",None,line
"China, Household survey, National, Aggregate, Expenditure, SA, CNY bn, % of 2013-19 trend, % YoY","China, Household survey, National, Aggregate, Expenditure, SA, CNY bn, % of 2013-19 trend, % YoY",None,line
"China, Household survey, National, Aggregate, Expenditure, SA, CNY bn, % of Poly 2013-19 trend, % YoY","China, Household survey, National, Aggregate, Expenditure, SA, CNY bn, % of Poly 2013-19 trend, % YoY",None,line
"China, Household survey, National, Aggregate, Expenditure, SA, CNY bn, % of 2015-19 trend, % YoY","China, Household survey, National, Aggregate, Expenditure, SA, CNY bn, % of 2015-19 trend, % YoY",None,line
"China, Household survey, National, Aggregate, Expenditure, SA, CNY bn, % of Poly 2015-19 trend, % YoY","China, Household survey, National, Aggregate, Expenditure, SA, CNY bn, % of Poly 2015-19 trend, % YoY",None,line
"China, Household survey, National, Aggregate, Expenditure, SA, CNY bn, % of 2017-19 trend, % YoY","China, Household survey, National, Aggregate, Expenditure, SA, CNY bn, % of 2017-19 trend, % YoY",None,line
"China, Household survey, National, Aggregate, Expenditure, SA, CNY bn, % of Poly 2017-19 trend, % YoY","China, Household survey, National, Aggregate, Expenditure, SA, CNY bn, % of Poly 2017-19 trend, % YoY",None,line
"China, Household survey, National, Aggregate, Income, Disposable, SA, CNY bn, % of 2013-19 trend, % YoY","China, Household survey, National, Aggregate, Income, Disposable, SA, CNY bn, % of 2013-19 trend, % YoY",None,line
"China, Household survey, National, Aggregate, Income, Disposable, SA, CNY bn, % of Poly 2013-19 trend, % YoY","China, Household survey, National, Aggregate, Income, Disposable, SA, CNY bn, % of Poly 2013-19 trend, % YoY",None,line
"China, Household survey, National, Aggregate, Income, Disposable, SA, CNY bn, % of 2015-19 trend, % YoY","China, Household survey, National, Aggregate, Income, Disposable, SA, CNY bn, % of 2015-19 trend, % YoY",None,line
"China, Household survey, National, Aggregate, Income, Disposable, SA, CNY bn, % of Poly 2015-19 trend, % YoY","China, Household survey, National, Aggregate, Income, Disposable, SA, CNY bn, % of Poly 2015-19 trend, % YoY",None,line
"China, Household survey, National, Aggregate, Income, Disposable, SA, CNY bn, % of 2017-19 trend, % YoY","China, Household survey, National, Aggregate, Income, Disposable, SA, CNY bn, % of 2017-19 trend, % YoY",None,line
"China, Household survey, National, Aggregate, Income, Disposable, SA, CNY bn, % of Poly 2017-19 trend, % YoY","China, Household survey, National, Aggregate, Income, Disposable, SA, CNY bn, % of Poly 2017-19 trend, % YoY",None,line
"China, Household survey, National, Aggregate, Expenditure, Volume, SA, CNY bn, % of 2013-19 trend, % YoY","China, Household survey, National, Aggregate, Expenditure, Volume, SA, CNY bn, % of 2013-19 trend, % YoY",None,line
"China, Household survey, National, Aggregate, Expenditure, Volume, SA, CNY bn, % of Poly 2013-19 trend, % YoY","China, Household survey, National, Aggregate, Expenditure, Volume, SA, CNY bn, % of Poly 2013-19 trend, % YoY",None,line
"China, Household survey, National, Aggregate, Expenditure, Volume, SA, CNY bn, % of 2015-19 trend, % YoY","China, Household survey, National, Aggregate, Expenditure, Volume, SA, CNY bn, % of 2015-19 trend, % YoY",None,line
"China, Household survey, National, Aggregate, Expenditure, Volume, SA, CNY bn, % of Poly 2015-19 trend, % YoY","China, Household survey, National, Aggregate, Expenditure, Volume, SA, CNY bn, % of Poly 2015-19 trend, % YoY",None,line
"China, Household survey, National, Aggregate, Expenditure, Volume, SA, CNY bn, % of 2017-19 trend, % YoY","China, Household survey, National, Aggregate, Expenditure, Volume, SA, CNY bn, % of 2017-19 trend, % YoY",None,line
"China, Household survey, National, Aggregate, Expenditure, Volume, SA, CNY bn, % of Poly 2017-19 trend, % YoY","China, Household survey, National, Aggregate, Expenditure, Volume, SA, CNY bn, % of Poly 2017-19 trend, % YoY",None,line
"China, Household survey, National, Aggregate, Income, Disposable, Volume, SA, CNY bn, % of 2013-19 trend, % YoY","China, Household survey, National, Aggregate, Income, Disposable, Volume, SA, CNY bn, % of 2013-19 trend, % YoY",None,line
"China, Household survey, National, Aggregate, Income, Disposable, Volume, SA, CNY bn, % of Poly 2013-19 trend, % YoY","China, Household survey, National, Aggregate, Income, Disposable, Volume, SA, CNY bn, % of Poly 2013-19 trend, % YoY",None,line
"China, Household survey, National, Aggregate, Income, Disposable, Volume, SA, CNY bn, % of 2015-19 trend, % YoY","China, Household survey, National, Aggregate, Income, Disposable, Volume, SA, CNY bn, % of 2015-19 trend, % YoY",None,line
"China, Household survey, National, Aggregate, Income, Disposable, Volume, SA, CNY bn, % of Poly 2015-19 trend, % YoY","China, Household survey, National, Aggregate, Income, Disposable, Volume, SA, CNY bn, % of Poly 2015-19 trend, % YoY",None,line
"China, Household survey, National, Aggregate, Income, Disposable, Volume, SA, CNY bn, % of 2017-19 trend, % YoY","China, Household survey, National, Aggregate, Income, Disposable, Volume, SA, CNY bn, % of 2017-19 trend, % YoY",None,line
"China, Household survey, National, Aggregate, Income, Disposable, Volume, SA, CNY bn, % of Poly 2017-19 trend, % YoY","China, Household survey, National, Aggregate, Income, Disposable, Volume, SA, CNY bn, % of Poly 2017-19 trend, % YoY",None,line
"China, Household survey, Urban, Excess savings per capita, CNY","China, Household survey, Urban, Excess savings per capita, CNY",None,line
"China, Household survey, Urban, Post-covid excess savings per capita, CNY","China, Household survey, Urban, Post-covid excess savings per capita, CNY",None,line
"China, Household survey, National, Excess savings per capita, CNY","China, Household survey, National, Excess savings per capita, CNY",None,line
"China, Household survey, National, Post-covid excess savings per capita, CNY","China, Household survey, National, Post-covid excess savings per capita, CNY",None,line
"China, Household survey, National, Aggregate, Income, Disposable, % of GDP","China, Household survey, National, Aggregate, Income, Disposable, % of GDP",p,line
"China, Household survey, Rural and urban, Aggregate, Income, Disposable, % of GDP","China, Household survey, Rural and urban, Aggregate, Income, Disposable, % of GDP",p,line
"China, Household survey, National, Aggregate, Expenditure, Medical, % of GDP","China, Household survey, National, Aggregate, Expenditure, Medical, % of GDP",p,line
"China, Household survey, National, Aggregate, Expenditure, Education, culture and recreation, % of GDP","China, Household survey, National, Aggregate, Expenditure, Education, culture and recreation, % of GDP",p,line
"China, Household survey, National, Aggregate, Expenditure, Transport and communication, % of GDP","China, Household survey, National, Aggregate, Expenditure, Transport and communication, % of GDP",p,line
"China, Household survey, National, Aggregate, Expenditure, Clothing and footwear, % of GDP","China, Household survey, National, Aggregate, Expenditure, Clothing and footwear, % of GDP",p,line
"China, Household survey, National, Aggregate, Expenditure, Food and tobacco, % of GDP","China, Household survey, National, Aggregate, Expenditure, Food and tobacco, % of GDP",p,line
"China, Household survey, National, Aggregate, Expenditure, Household equipment, furnishings and services, % of GDP","China, Household survey, National, Aggregate, Expenditure, Household equipment, furnishings and services, % of GDP",p,line
"China, Household survey, National, Aggregate, Expenditure, Miscellaneous, % of GDP","China, Household survey, National, Aggregate, Expenditure, Miscellaneous, % of GDP",p,line
"China, Household survey, National, Aggregate, Expenditure, Housing, % of GDP","China, Household survey, National, Aggregate, Expenditure, Housing, % of GDP",p,line
"China, Household survey, National, Aggregate, Expenditure, % of GDP","China, Household survey, National, Aggregate, Expenditure, % of GDP",p,line
"China, Household survey, Rural and urban, Aggregate, Expenditure, % of GDP","China, Household survey, Rural and urban, Aggregate, Expenditure, % of GDP",p,line
"China, Household survey, National, Aggregate, Income, Disposable, Volume, % of GDP","China, Household survey, National, Aggregate, Income, Disposable, Volume, % of GDP",None,line
"China, Household survey, Rural and urban, Aggregate, Income, Disposable, Volume, % of GDP","China, Household survey, Rural and urban, Aggregate, Income, Disposable, Volume, % of GDP",None,line
"China, Household survey, National, Aggregate, Expenditure, Medical, Volume, % of GDP","China, Household survey, National, Aggregate, Expenditure, Medical, Volume, % of GDP",None,line
"China, Household survey, National, Aggregate, Expenditure, Education, culture and recreation, Volume, % of GDP","China, Household survey, National, Aggregate, Expenditure, Education, culture and recreation, Volume, % of GDP",None,line
"China, Household survey, National, Aggregate, Expenditure, Transport and communication, Volume, % of GDP","China, Household survey, National, Aggregate, Expenditure, Transport and communication, Volume, % of GDP",None,line
"China, Household survey, National, Aggregate, Expenditure, Clothing and footwear, Volume, % of GDP","China, Household survey, National, Aggregate, Expenditure, Clothing and footwear, Volume, % of GDP",None,line
"China, Household survey, National, Aggregate, Expenditure, Food and tobacco, Volume, % of GDP","China, Household survey, National, Aggregate, Expenditure, Food and tobacco, Volume, % of GDP",None,line
"China, Household survey, National, Aggregate, Expenditure, Household equipment, furnishings and services, Volume, % of GDP","China, Household survey, National, Aggregate, Expenditure, Household equipment, furnishings and services, Volume, % of GDP",None,line
"China, Household survey, National, Aggregate, Expenditure, Miscellaneous, Volume, % of GDP","China, Household survey, National, Aggregate, Expenditure, Miscellaneous, Volume, % of GDP",None,line
"China, Household survey, National, Aggregate, Expenditure, Housing, Volume, % of GDP","China, Household survey, National, Aggregate, Expenditure, Housing, Volume, % of GDP",None,line
"China, Household survey, National, Aggregate, Expenditure, Volume, % of GDP","China, Household survey, National, Aggregate, Expenditure, Volume, % of GDP",None,line
"China, Household survey, Rural and urban, Aggregate, Expenditure, Volume, % of GDP","China, Household survey, Rural and urban, Aggregate, Expenditure, Volume, % of GDP",None,line
"China, Household survey, National, Aggregate, Income, Disposable, SA, % of GDP","China, Household survey, National, Aggregate, Income, Disposable, SA, % of GDP",None,line
"China, Household survey, Rural and urban, Aggregate, Income, Disposable, SA, % of GDP","China, Household survey, Rural and urban, Aggregate, Income, Disposable, SA, % of GDP",None,line
"China, Household survey, National, Aggregate, Expenditure, SA, % of GDP","China, Household survey, National, Aggregate, Expenditure, SA, % of GDP",None,line
"China, Household survey, Rural and urban, Aggregate, Expenditure, SA, % of GDP","China, Household survey, Rural and urban, Aggregate, Expenditure, SA, % of GDP",None,line
"China, Household survey, National, Aggregate, Income, Disposable, Volume, SA, % of GDP","China, Household survey, National, Aggregate, Income, Disposable, Volume, SA, % of GDP",None,line
"China, Household survey, National, Aggregate, Expenditure, Volume, SA, % of GDP","China, Household survey, National, Aggregate, Expenditure, Volume, SA, % of GDP",None,line
"China, Household survey, Rural and urban, Aggregate, Expenditure, Volume, SA, % of GDP","China, Household survey, Rural and urban, Aggregate, Expenditure, Volume, SA, % of GDP",None,line
"China, Household survey, Rural and urban, Aggregate, Expenditure, Volume, SA, % of GDP, 2013-19 trend","China, Household survey, Rural and urban, Aggregate, Expenditure, Volume, SA, % of GDP, 2013-19 trend",None,line
"China, Household survey, National, Aggregate, Expenditure, SA, % of GDP, 2013-19 trend","China, Household survey, National, Aggregate, Expenditure, SA, % of GDP, 2013-19 trend",None,line
"China, Household survey, National, Aggregate, Income, Disposable, SA, % of GDP, 2013-19 trend","China, Household survey, National, Aggregate, Income, Disposable, SA, % of GDP, 2013-19 trend",None,line
"China, Household survey, National, Aggregate, Expenditure, Volume, SA, % of GDP, 2013-19 trend","China, Household survey, National, Aggregate, Expenditure, Volume, SA, % of GDP, 2013-19 trend",None,line
"China, Household survey, National, Aggregate, Income, Disposable, Volume, SA, % of GDP, 2013-19 trend","China, Household survey, National, Aggregate, Income, Disposable, Volume, SA, % of GDP, 2013-19 trend",None,line
"China, Household survey, Rural and urban, Aggregate, Expenditure, Volume, SA, % of GDP, Poly 2013-19 trend","China, Household survey, Rural and urban, Aggregate, Expenditure, Volume, SA, % of GDP, Poly 2013-19 trend",None,line
"China, Household survey, National, Aggregate, Expenditure, SA, % of GDP, Poly 2013-19 trend","China, Household survey, National, Aggregate, Expenditure, SA, % of GDP, Poly 2013-19 trend",None,line
"China, Household survey, National, Aggregate, Income, Disposable, SA, % of GDP, Poly 2013-19 trend","China, Household survey, National, Aggregate, Income, Disposable, SA, % of GDP, Poly 2013-19 trend",None,line
"China, Household survey, National, Aggregate, Expenditure, Volume, SA, % of GDP, Poly 2013-19 trend","China, Household survey, National, Aggregate, Expenditure, Volume, SA, % of GDP, Poly 2013-19 trend",None,line
"China, Household survey, National, Aggregate, Income, Disposable, Volume, SA, % of GDP, Poly 2013-19 trend","China, Household survey, National, Aggregate, Income, Disposable, Volume, SA, % of GDP, Poly 2013-19 trend",None,line
"China, Household survey, Rural and urban, Aggregate, Expenditure, Volume, SA, % of GDP, 2015-19 trend","China, Household survey, Rural and urban, Aggregate, Expenditure, Volume, SA, % of GDP, 2015-19 trend",None,line
"China, Household survey, National, Aggregate, Expenditure, SA, % of GDP, 2015-19 trend","China, Household survey, National, Aggregate, Expenditure, SA, % of GDP, 2015-19 trend",None,line
"China, Household survey, National, Aggregate, Income, Disposable, SA, % of GDP, 2015-19 trend","China, Household survey, National, Aggregate, Income, Disposable, SA, % of GDP, 2015-19 trend",None,line
"China, Household survey, National, Aggregate, Expenditure, Volume, SA, % of GDP, 2015-19 trend","China, Household survey, National, Aggregate, Expenditure, Volume, SA, % of GDP, 2015-19 trend",None,line
"China, Household survey, National, Aggregate, Income, Disposable, Volume, SA, % of GDP, 2015-19 trend","China, Household survey, National, Aggregate, Income, Disposable, Volume, SA, % of GDP, 2015-19 trend",None,line
"China, Household survey, Rural and urban, Aggregate, Expenditure, Volume, SA, % of GDP, Poly 2015-19 trend","China, Household survey, Rural and urban, Aggregate, Expenditure, Volume, SA, % of GDP, Poly 2015-19 trend",None,line
"China, Household survey, National, Aggregate, Expenditure, SA, % of GDP, Poly 2015-19 trend","China, Household survey, National, Aggregate, Expenditure, SA, % of GDP, Poly 2015-19 trend",None,line
"China, Household survey, National, Aggregate, Income, Disposable, SA, % of GDP, Poly 2015-19 trend","China, Household survey, National, Aggregate, Income, Disposable, SA, % of GDP, Poly 2015-19 trend",None,line
"China, Household survey, National, Aggregate, Expenditure, Volume, SA, % of GDP, Poly 2015-19 trend","China, Household survey, National, Aggregate, Expenditure, Volume, SA, % of GDP, Poly 2015-19 trend",None,line
"China, Household survey, National, Aggregate, Income, Disposable, Volume, SA, % of GDP, Poly 2015-19 trend","China, Household survey, National, Aggregate, Income, Disposable, Volume, SA, % of GDP, Poly 2015-19 trend",None,line
"China, Household survey, Rural and urban, Aggregate, Expenditure, Volume, SA, % of GDP, 2017-19 trend","China, Household survey, Rural and urban, Aggregate, Expenditure, Volume, SA, % of GDP, 2017-19 trend",None,line
"China, Household survey, National, Aggregate, Expenditure, SA, % of GDP, 2017-19 trend","China, Household survey, National, Aggregate, Expenditure, SA, % of GDP, 2017-19 trend",None,line
"China, Household survey, National, Aggregate, Income, Disposable, SA, % of GDP, 2017-19 trend","China, Household survey, National, Aggregate, Income, Disposable, SA, % of GDP, 2017-19 trend",None,line
"China, Household survey, National, Aggregate, Expenditure, Volume, SA, % of GDP, 2017-19 trend","China, Household survey, National, Aggregate, Expenditure, Volume, SA, % of GDP, 2017-19 trend",None,line
"China, Household survey, National, Aggregate, Income, Disposable, Volume, SA, % of GDP, 2017-19 trend","China, Household survey, National, Aggregate, Income, Disposable, Volume, SA, % of GDP, 2017-19 trend",None,line
"China, Household survey, Rural and urban, Aggregate, Expenditure, Volume, SA, % of GDP, Poly 2017-19 trend","China, Household survey, Rural and urban, Aggregate, Expenditure, Volume, SA, % of GDP, Poly 2017-19 trend",None,line
"China, Household survey, National, Aggregate, Expenditure, SA, % of GDP, Poly 2017-19 trend","China, Household survey, National, Aggregate, Expenditure, SA, % of GDP, Poly 2017-19 trend",None,line
"China, Household survey, National, Aggregate, Income, Disposable, SA, % of GDP, Poly 2017-19 trend","China, Household survey, National, Aggregate, Income, Disposable, SA, % of GDP, Poly 2017-19 trend",None,line
"China, Household survey, National, Aggregate, Expenditure, Volume, SA, % of GDP, Poly 2017-19 trend","China, Household survey, National, Aggregate, Expenditure, Volume, SA, % of GDP, Poly 2017-19 trend",None,line
"China, Household survey, National, Aggregate, Income, Disposable, Volume, SA, % of GDP, Poly 2017-19 trend","China, Household survey, National, Aggregate, Income, Disposable, Volume, SA, % of GDP, Poly 2017-19 trend",None,line
"China, Household survey, Rural and urban, Aggregate, Expenditure, Volume, SA, % of GDP, % of 2013-19 trend","China, Household survey, Rural and urban, Aggregate, Expenditure, Volume, SA, % of GDP, % of 2013-19 trend",None,line
"China, Household survey, Rural and urban, Aggregate, Expenditure, Volume, SA, % of GDP, % of Poly 2013-19 trend","China, Household survey, Rural and urban, Aggregate, Expenditure, Volume, SA, % of GDP, % of Poly 2013-19 trend",None,line
"China, Household survey, Rural and urban, Aggregate, Expenditure, Volume, SA, % of GDP, % of 2015-19 trend","China, Household survey, Rural and urban, Aggregate, Expenditure, Volume, SA, % of GDP, % of 2015-19 trend",None,line
"China, Household survey, Rural and urban, Aggregate, Expenditure, Volume, SA, % of GDP, % of Poly 2015-19 trend","China, Household survey, Rural and urban, Aggregate, Expenditure, Volume, SA, % of GDP, % of Poly 2015-19 trend",None,line
"China, Household survey, Rural and urban, Aggregate, Expenditure, Volume, SA, % of GDP, % of 2017-19 trend","China, Household survey, Rural and urban, Aggregate, Expenditure, Volume, SA, % of GDP, % of 2017-19 trend",None,line
"China, Household survey, Rural and urban, Aggregate, Expenditure, Volume, SA, % of GDP, % of Poly 2017-19 trend","China, Household survey, Rural and urban, Aggregate, Expenditure, Volume, SA, % of GDP, % of Poly 2017-19 trend",None,line
"China, Household survey, National, Aggregate, Expenditure, SA, % of GDP, % of 2013-19 trend","China, Household survey, National, Aggregate, Expenditure, SA, % of GDP, % of 2013-19 trend",None,line
"China, Household survey, National, Aggregate, Expenditure, SA, % of GDP, % of Poly 2013-19 trend","China, Household survey, National, Aggregate, Expenditure, SA, % of GDP, % of Poly 2013-19 trend",None,line
"China, Household survey, National, Aggregate, Expenditure, SA, % of GDP, % of 2015-19 trend","China, Household survey, National, Aggregate, Expenditure, SA, % of GDP, % of 2015-19 trend",None,line
"China, Household survey, National, Aggregate, Expenditure, SA, % of GDP, % of Poly 2015-19 trend","China, Household survey, National, Aggregate, Expenditure, SA, % of GDP, % of Poly 2015-19 trend",None,line
"China, Household survey, National, Aggregate, Expenditure, SA, % of GDP, % of 2017-19 trend","China, Household survey, National, Aggregate, Expenditure, SA, % of GDP, % of 2017-19 trend",None,line
"China, Household survey, National, Aggregate, Expenditure, SA, % of GDP, % of Poly 2017-19 trend","China, Household survey, National, Aggregate, Expenditure, SA, % of GDP, % of Poly 2017-19 trend",None,line
"China, Household survey, National, Aggregate, Income, Disposable, SA, % of GDP, % of 2013-19 trend","China, Household survey, National, Aggregate, Income, Disposable, SA, % of GDP, % of 2013-19 trend",None,line
"China, Household survey, National, Aggregate, Income, Disposable, SA, % of GDP, % of Poly 2013-19 trend","China, Household survey, National, Aggregate, Income, Disposable, SA, % of GDP, % of Poly 2013-19 trend",None,line
"China, Household survey, National, Aggregate, Income, Disposable, SA, % of GDP, % of 2015-19 trend","China, Household survey, National, Aggregate, Income, Disposable, SA, % of GDP, % of 2015-19 trend",None,line
"China, Household survey, National, Aggregate, Income, Disposable, SA, % of GDP, % of Poly 2015-19 trend","China, Household survey, National, Aggregate, Income, Disposable, SA, % of GDP, % of Poly 2015-19 trend",None,line
"China, Household survey, National, Aggregate, Income, Disposable, SA, % of GDP, % of 2017-19 trend","China, Household survey, National, Aggregate, Income, Disposable, SA, % of GDP, % of 2017-19 trend",None,line
"China, Household survey, National, Aggregate, Income, Disposable, SA, % of GDP, % of Poly 2017-19 trend","China, Household survey, National, Aggregate, Income, Disposable, SA, % of GDP, % of Poly 2017-19 trend",None,line
"China, Household survey, National, Aggregate, Expenditure, Volume, SA, % of GDP, % of 2013-19 trend","China, Household survey, National, Aggregate, Expenditure, Volume, SA, % of GDP, % of 2013-19 trend",None,line
"China, Household survey, National, Aggregate, Expenditure, Volume, SA, % of GDP, % of Poly 2013-19 trend","China, Household survey, National, Aggregate, Expenditure, Volume, SA, % of GDP, % of Poly 2013-19 trend",None,line
"China, Household survey, National, Aggregate, Expenditure, Volume, SA, % of GDP, % of 2015-19 trend","China, Household survey, National, Aggregate, Expenditure, Volume, SA, % of GDP, % of 2015-19 trend",None,line
"China, Household survey, National, Aggregate, Expenditure, Volume, SA, % of GDP, % of Poly 2015-19 trend","China, Household survey, National, Aggregate, Expenditure, Volume, SA, % of GDP, % of Poly 2015-19 trend",None,line
"China, Household survey, National, Aggregate, Expenditure, Volume, SA, % of GDP, % of 2017-19 trend","China, Household survey, National, Aggregate, Expenditure, Volume, SA, % of GDP, % of 2017-19 trend",None,line
"China, Household survey, National, Aggregate, Expenditure, Volume, SA, % of GDP, % of Poly 2017-19 trend","China, Household survey, National, Aggregate, Expenditure, Volume, SA, % of GDP, % of Poly 2017-19 trend",None,line
"China, Household survey, National, Aggregate, Income, Disposable, Volume, SA, % of GDP, % of 2013-19 trend","China, Household survey, National, Aggregate, Income, Disposable, Volume, SA, % of GDP, % of 2013-19 trend",None,line
"China, Household survey, National, Aggregate, Income, Disposable, Volume, SA, % of GDP, % of Poly 2013-19 trend","China, Household survey, National, Aggregate, Income, Disposable, Volume, SA, % of GDP, % of Poly 2013-19 trend",None,line
"China, Household survey, National, Aggregate, Income, Disposable, Volume, SA, % of GDP, % of 2015-19 trend","China, Household survey, National, Aggregate, Income, Disposable, Volume, SA, % of GDP, % of 2015-19 trend",None,line
"China, Household survey, National, Aggregate, Income, Disposable, Volume, SA, % of GDP, % of Poly 2015-19 trend","China, Household survey, National, Aggregate, Income, Disposable, Volume, SA, % of GDP, % of Poly 2015-19 trend",None,line
"China, Household survey, National, Aggregate, Income, Disposable, Volume, SA, % of GDP, % of 2017-19 trend","China, Household survey, National, Aggregate, Income, Disposable, Volume, SA, % of GDP, % of 2017-19 trend",None,line
"China, Household survey, National, Aggregate, Income, Disposable, Volume, SA, % of GDP, % of Poly 2017-19 trend","China, Household survey, National, Aggregate, Income, Disposable, Volume, SA, % of GDP, % of Poly 2017-19 trend",None,line
"China, Household survey, Rural and urban, Aggregate, Expenditure, Volume, SA, % of GDP, 2013-19 trend, % YoY","China, Household survey, Rural and urban, Aggregate, Expenditure, Volume, SA, % of GDP, 2013-19 trend, % YoY",None,line
"China, Household survey, National, Aggregate, Expenditure, SA, % of GDP, 2013-19 trend, % YoY","China, Household survey, National, Aggregate, Expenditure, SA, % of GDP, 2013-19 trend, % YoY",p,line
"China, Household survey, National, Aggregate, Income, Disposable, SA, % of GDP, 2013-19 trend, % YoY","China, Household survey, National, Aggregate, Income, Disposable, SA, % of GDP, 2013-19 trend, % YoY",p,line
"China, Household survey, National, Aggregate, Expenditure, Volume, SA, % of GDP, 2013-19 trend, % YoY","China, Household survey, National, Aggregate, Expenditure, Volume, SA, % of GDP, 2013-19 trend, % YoY",None,line
"China, Household survey, National, Aggregate, Income, Disposable, Volume, SA, % of GDP, 2013-19 trend, % YoY","China, Household survey, National, Aggregate, Income, Disposable, Volume, SA, % of GDP, 2013-19 trend, % YoY",None,line
"China, Household survey, Rural and urban, Aggregate, Expenditure, Volume, SA, % of GDP, Poly 2013-19 trend, % YoY","China, Household survey, Rural and urban, Aggregate, Expenditure, Volume, SA, % of GDP, Poly 2013-19 trend, % YoY",None,line
"China, Household survey, National, Aggregate, Expenditure, SA, % of GDP, Poly 2013-19 trend, % YoY","China, Household survey, National, Aggregate, Expenditure, SA, % of GDP, Poly 2013-19 trend, % YoY",p,line
"China, Household survey, National, Aggregate, Income, Disposable, SA, % of GDP, Poly 2013-19 trend, % YoY","China, Household survey, National, Aggregate, Income, Disposable, SA, % of GDP, Poly 2013-19 trend, % YoY",p,line
"China, Household survey, National, Aggregate, Expenditure, Volume, SA, % of GDP, Poly 2013-19 trend, % YoY","China, Household survey, National, Aggregate, Expenditure, Volume, SA, % of GDP, Poly 2013-19 trend, % YoY",None,line
"China, Household survey, National, Aggregate, Income, Disposable, Volume, SA, % of GDP, Poly 2013-19 trend, % YoY","China, Household survey, National, Aggregate, Income, Disposable, Volume, SA, % of GDP, Poly 2013-19 trend, % YoY",None,line
"China, Household survey, Rural and urban, Aggregate, Expenditure, Volume, SA, % of GDP, 2015-19 trend, % YoY","China, Household survey, Rural and urban, Aggregate, Expenditure, Volume, SA, % of GDP, 2015-19 trend, % YoY",None,line
"China, Household survey, National, Aggregate, Expenditure, SA, % of GDP, 2015-19 trend, % YoY","China, Household survey, National, Aggregate, Expenditure, SA, % of GDP, 2015-19 trend, % YoY",p,line
"China, Household survey, National, Aggregate, Income, Disposable, SA, % of GDP, 2015-19 trend, % YoY","China, Household survey, National, Aggregate, Income, Disposable, SA, % of GDP, 2015-19 trend, % YoY",p,line
"China, Household survey, National, Aggregate, Expenditure, Volume, SA, % of GDP, 2015-19 trend, % YoY","China, Household survey, National, Aggregate, Expenditure, Volume, SA, % of GDP, 2015-19 trend, % YoY",None,line
"China, Household survey, National, Aggregate, Income, Disposable, Volume, SA, % of GDP, 2015-19 trend, % YoY","China, Household survey, National, Aggregate, Income, Disposable, Volume, SA, % of GDP, 2015-19 trend, % YoY",None,line
"China, Household survey, Rural and urban, Aggregate, Expenditure, Volume, SA, % of GDP, Poly 2015-19 trend, % YoY","China, Household survey, Rural and urban, Aggregate, Expenditure, Volume, SA, % of GDP, Poly 2015-19 trend, % YoY",None,line
"China, Household survey, National, Aggregate, Expenditure, SA, % of GDP, Poly 2015-19 trend, % YoY","China, Household survey, National, Aggregate, Expenditure, SA, % of GDP, Poly 2015-19 trend, % YoY",p,line
"China, Household survey, National, Aggregate, Income, Disposable, SA, % of GDP, Poly 2015-19 trend, % YoY","China, Household survey, National, Aggregate, Income, Disposable, SA, % of GDP, Poly 2015-19 trend, % YoY",p,line
"China, Household survey, National, Aggregate, Expenditure, Volume, SA, % of GDP, Poly 2015-19 trend, % YoY","China, Household survey, National, Aggregate, Expenditure, Volume, SA, % of GDP, Poly 2015-19 trend, % YoY",None,line
"China, Household survey, National, Aggregate, Income, Disposable, Volume, SA, % of GDP, Poly 2015-19 trend, % YoY","China, Household survey, National, Aggregate, Income, Disposable, Volume, SA, % of GDP, Poly 2015-19 trend, % YoY",None,line
"China, Household survey, Rural and urban, Aggregate, Expenditure, Volume, SA, % of GDP, 2017-19 trend, % YoY","China, Household survey, Rural and urban, Aggregate, Expenditure, Volume, SA, % of GDP, 2017-19 trend, % YoY",None,line
"China, Household survey, National, Aggregate, Expenditure, SA, % of GDP, 2017-19 trend, % YoY","China, Household survey, National, Aggregate, Expenditure, SA, % of GDP, 2017-19 trend, % YoY",p,line
"China, Household survey, National, Aggregate, Income, Disposable, SA, % of GDP, 2017-19 trend, % YoY","China, Household survey, National, Aggregate, Income, Disposable, SA, % of GDP, 2017-19 trend, % YoY",p,line
"China, Household survey, National, Aggregate, Expenditure, Volume, SA, % of GDP, 2017-19 trend, % YoY","China, Household survey, National, Aggregate, Expenditure, Volume, SA, % of GDP, 2017-19 trend, % YoY",None,line
"China, Household survey, National, Aggregate, Income, Disposable, Volume, SA, % of GDP, 2017-19 trend, % YoY","China, Household survey, National, Aggregate, Income, Disposable, Volume, SA, % of GDP, 2017-19 trend, % YoY",None,line
"China, Household survey, Rural and urban, Aggregate, Expenditure, Volume, SA, % of GDP, Poly 2017-19 trend, % YoY","China, Household survey, Rural and urban, Aggregate, Expenditure, Volume, SA, % of GDP, Poly 2017-19 trend, % YoY",None,line
"China, Household survey, National, Aggregate, Expenditure, SA, % of GDP, Poly 2017-19 trend, % YoY","China, Household survey, National, Aggregate, Expenditure, SA, % of GDP, Poly 2017-19 trend, % YoY",p,line
"China, Household survey, National, Aggregate, Income, Disposable, SA, % of GDP, Poly 2017-19 trend, % YoY","China, Household survey, National, Aggregate, Income, Disposable, SA, % of GDP, Poly 2017-19 trend, % YoY",p,line
"China, Household survey, National, Aggregate, Expenditure, Volume, SA, % of GDP, Poly 2017-19 trend, % YoY","China, Household survey, National, Aggregate, Expenditure, Volume, SA, % of GDP, Poly 2017-19 trend, % YoY",None,line
"China, Household survey, National, Aggregate, Income, Disposable, Volume, SA, % of GDP, Poly 2017-19 trend, % YoY","China, Household survey, National, Aggregate, Income, Disposable, Volume, SA, % of GDP, Poly 2017-19 trend, % YoY",None,line
"China, Household survey, Rural and urban, Aggregate, Expenditure, Volume, SA, % of GDP, % of 2013-19 trend, % YoY","China, Household survey, Rural and urban, Aggregate, Expenditure, Volume, SA, % of GDP, % of 2013-19 trend, % YoY",None,line
"China, Household survey, Rural and urban, Aggregate, Expenditure, Volume, SA, % of GDP, % of Poly 2013-19 trend, % YoY","China, Household survey, Rural and urban, Aggregate, Expenditure, Volume, SA, % of GDP, % of Poly 2013-19 trend, % YoY",None,line
"China, Household survey, Rural and urban, Aggregate, Expenditure, Volume, SA, % of GDP, % of 2015-19 trend, % YoY","China, Household survey, Rural and urban, Aggregate, Expenditure, Volume, SA, % of GDP, % of 2015-19 trend, % YoY",None,line
"China, Household survey, Rural and urban, Aggregate, Expenditure, Volume, SA, % of GDP, % of Poly 2015-19 trend, % YoY","China, Household survey, Rural and urban, Aggregate, Expenditure, Volume, SA, % of GDP, % of Poly 2015-19 trend, % YoY",None,line
"China, Household survey, Rural and urban, Aggregate, Expenditure, Volume, SA, % of GDP, % of 2017-19 trend, % YoY","China, Household survey, Rural and urban, Aggregate, Expenditure, Volume, SA, % of GDP, % of 2017-19 trend, % YoY",None,line
"China, Household survey, Rural and urban, Aggregate, Expenditure, Volume, SA, % of GDP, % of Poly 2017-19 trend, % YoY","China, Household survey, Rural and urban, Aggregate, Expenditure, Volume, SA, % of GDP, % of Poly 2017-19 trend, % YoY",None,line
"China, Household survey, National, Aggregate, Expenditure, SA, % of GDP, % of 2013-19 trend, % YoY","China, Household survey, National, Aggregate, Expenditure, SA, % of GDP, % of 2013-19 trend, % YoY",p,line
"China, Household survey, National, Aggregate, Expenditure, SA, % of GDP, % of Poly 2013-19 trend, % YoY","China, Household survey, National, Aggregate, Expenditure, SA, % of GDP, % of Poly 2013-19 trend, % YoY",p,line
"China, Household survey, National, Aggregate, Expenditure, SA, % of GDP, % of 2015-19 trend, % YoY","China, Household survey, National, Aggregate, Expenditure, SA, % of GDP, % of 2015-19 trend, % YoY",p,line
"China, Household survey, National, Aggregate, Expenditure, SA, % of GDP, % of Poly 2015-19 trend, % YoY","China, Household survey, National, Aggregate, Expenditure, SA, % of GDP, % of Poly 2015-19 trend, % YoY",p,line
"China, Household survey, National, Aggregate, Expenditure, SA, % of GDP, % of 2017-19 trend, % YoY","China, Household survey, National, Aggregate, Expenditure, SA, % of GDP, % of 2017-19 trend, % YoY",p,line
"China, Household survey, National, Aggregate, Expenditure, SA, % of GDP, % of Poly 2017-19 trend, % YoY","China, Household survey, National, Aggregate, Expenditure, SA, % of GDP, % of Poly 2017-19 trend, % YoY",p,line
"China, Household survey, National, Aggregate, Income, Disposable, SA, % of GDP, % of 2013-19 trend, % YoY","China, Household survey, National, Aggregate, Income, Disposable, SA, % of GDP, % of 2013-19 trend, % YoY",p,line
"China, Household survey, National, Aggregate, Income, Disposable, SA, % of GDP, % of Poly 2013-19 trend, % YoY","China, Household survey, National, Aggregate, Income, Disposable, SA, % of GDP, % of Poly 2013-19 trend, % YoY",p,line
"China, Household survey, National, Aggregate, Income, Disposable, SA, % of GDP, % of 2015-19 trend, % YoY","China, Household survey, National, Aggregate, Income, Disposable, SA, % of GDP, % of 2015-19 trend, % YoY",p,line
"China, Household survey, National, Aggregate, Income, Disposable, SA, % of GDP, % of Poly 2015-19 trend, % YoY","China, Household survey, National, Aggregate, Income, Disposable, SA, % of GDP, % of Poly 2015-19 trend, % YoY",p,line
"China, Household survey, National, Aggregate, Income, Disposable, SA, % of GDP, % of 2017-19 trend, % YoY","China, Household survey, National, Aggregate, Income, Disposable, SA, % of GDP, % of 2017-19 trend, % YoY",p,line
"China, Household survey, National, Aggregate, Income, Disposable, SA, % of GDP, % of Poly 2017-19 trend, % YoY","China, Household survey, National, Aggregate, Income, Disposable, SA, % of GDP, % of Poly 2017-19 trend, % YoY",p,line
"China, Household survey, National, Aggregate, Expenditure, Volume, SA, % of GDP, % of 2013-19 trend, % YoY","China, Household survey, National, Aggregate, Expenditure, Volume, SA, % of GDP, % of 2013-19 trend, % YoY",None,line
"China, Household survey, National, Aggregate, Expenditure, Volume, SA, % of GDP, % of Poly 2013-19 trend, % YoY","China, Household survey, National, Aggregate, Expenditure, Volume, SA, % of GDP, % of Poly 2013-19 trend, % YoY",None,line
"China, Household survey, National, Aggregate, Expenditure, Volume, SA, % of GDP, % of 2015-19 trend, % YoY","China, Household survey, National, Aggregate, Expenditure, Volume, SA, % of GDP, % of 2015-19 trend, % YoY",None,line
"China, Household survey, National, Aggregate, Expenditure, Volume, SA, % of GDP, % of Poly 2015-19 trend, % YoY","China, Household survey, National, Aggregate, Expenditure, Volume, SA, % of GDP, % of Poly 2015-19 trend, % YoY",None,line
"China, Household survey, National, Aggregate, Expenditure, Volume, SA, % of GDP, % of 2017-19 trend, % YoY","China, Household survey, National, Aggregate, Expenditure, Volume, SA, % of GDP, % of 2017-19 trend, % YoY",None,line
"China, Household survey, National, Aggregate, Expenditure, Volume, SA, % of GDP, % of Poly 2017-19 trend, % YoY","China, Household survey, National, Aggregate, Expenditure, Volume, SA, % of GDP, % of Poly 2017-19 trend, % YoY",None,line
"China, Household survey, National, Aggregate, Income, Disposable, Volume, SA, % of GDP, % of 2013-19 trend, % YoY","China, Household survey, National, Aggregate, Income, Disposable, Volume, SA, % of GDP, % of 2013-19 trend, % YoY",None,line
"China, Household survey, National, Aggregate, Income, Disposable, Volume, SA, % of GDP, % of Poly 2013-19 trend, % YoY","China, Household survey, National, Aggregate, Income, Disposable, Volume, SA, % of GDP, % of Poly 2013-19 trend, % YoY",None,line
"China, Household survey, National, Aggregate, Income, Disposable, Volume, SA, % of GDP, % of 2015-19 trend, % YoY","China, Household survey, National, Aggregate, Income, Disposable, Volume, SA, % of GDP, % of 2015-19 trend, % YoY",None,line
"China, Household survey, National, Aggregate, Income, Disposable, Volume, SA, % of GDP, % of Poly 2015-19 trend, % YoY","China, Household survey, National, Aggregate, Income, Disposable, Volume, SA, % of GDP, % of Poly 2015-19 trend, % YoY",None,line
"China, Household survey, National, Aggregate, Income, Disposable, Volume, SA, % of GDP, % of 2017-19 trend, % YoY","China, Household survey, National, Aggregate, Income, Disposable, Volume, SA, % of GDP, % of 2017-19 trend, % YoY",None,line
"China, Household survey, National, Aggregate, Income, Disposable, Volume, SA, % of GDP, % of Poly 2017-19 trend, % YoY","China, Household survey, National, Aggregate, Income, Disposable, Volume, SA, % of GDP, % of Poly 2017-19 trend, % YoY",None,line
"China, National, Per capita, Expenditure, Clothing and footwear, YTD, CNY","China, National, Per capita, Expenditure, Clothing and footwear, YTD, CNY",None,line
"China, National, Per capita, Expenditure, Education, culture and recreation, YTD, CNY","China, National, Per capita, Expenditure, Education, culture and recreation, YTD, CNY",None,line
"China, National, Per capita, Expenditure, Food and tobacco, YTD, CNY","China, National, Per capita, Expenditure, Food and tobacco, YTD, CNY",None,line
"China, National, Per capita, Expenditure, Household equipment, furnishings and services, YTD, CNY","China, National, Per capita, Expenditure, Household equipment, furnishings and services, YTD, CNY",None,line
"China, National, Per capita, Expenditure, Housing, YTD, CNY","China, National, Per capita, Expenditure, Housing, YTD, CNY",None,line
"China, National, Per capita, Expenditure, Medical, YTD, CNY","China, National, Per capita, Expenditure, Medical, YTD, CNY",None,line
"China, National, Per capita, Expenditure, Miscellaneous, YTD, CNY","China, National, Per capita, Expenditure, Miscellaneous, YTD, CNY",None,line
"China, National, Per capita, Expenditure, Transport and communication, YTD, CNY","China, National, Per capita, Expenditure, Transport and communication, YTD, CNY",None,line
"China, National, Per capita, Expenditure, YTD, CNY","China, National, Per capita, Expenditure, YTD, CNY",None,line
"China, National, Per capita, Income, Business, YTD, CNY","China, National, Per capita, Income, Business, YTD, CNY",None,line
"China, National, Per capita, Income, Disposable, Median, YTD, CNY","China, National, Per capita, Income, Disposable, Median, YTD, CNY",None,line
"China, National, Per capita, Income, Disposable, YTD, CNY","China, National, Per capita, Income, Disposable, YTD, CNY",None,line
"China, National, Per capita, Income, Property, YTD, CNY","China, National, Per capita, Income, Property, YTD, CNY",None,line
"China, National, Per capita, Income, Transfer, YTD, CNY","China, National, Per capita, Income, Transfer, YTD, CNY",None,line
"China, National, Per capita, Income, Wages, YTD, CNY","China, National, Per capita, Income, Wages, YTD, CNY",None,line
"China, Rural, Per capita, Expenditure, Clothing and footwear, YTD, CNY","China, Rural, Per capita, Expenditure, Clothing and footwear, YTD, CNY",None,line
"China, Rural, Per capita, Expenditure, Education, culture and recreation, YTD, CNY","China, Rural, Per capita, Expenditure, Education, culture and recreation, YTD, CNY",None,line
"China, Rural, Per capita, Expenditure, Food and tobacco, YTD, CNY","China, Rural, Per capita, Expenditure, Food and tobacco, YTD, CNY",None,line
"China, Rural, Per capita, Expenditure, Household equipment, furnishings and services, YTD, CNY","China, Rural, Per capita, Expenditure, Household equipment, furnishings and services, YTD, CNY",None,line
"China, Rural, Per capita, Expenditure, Housing, YTD, CNY","China, Rural, Per capita, Expenditure, Housing, YTD, CNY",None,line
"China, Rural, Per capita, Expenditure, Medical, YTD, CNY","China, Rural, Per capita, Expenditure, Medical, YTD, CNY",None,line
"China, Rural, Per capita, Expenditure, Miscellaneous, YTD, CNY","China, Rural, Per capita, Expenditure, Miscellaneous, YTD, CNY",None,line
"China, Rural, Per capita, Expenditure, Transport and communication, YTD, CNY","China, Rural, Per capita, Expenditure, Transport and communication, YTD, CNY",None,line
"China, Rural, Per capita, Expenditure, YTD, CNY","China, Rural, Per capita, Expenditure, YTD, CNY",None,line
"China, Rural, Per capita, Income, Business, YTD, CNY","China, Rural, Per capita, Income, Business, YTD, CNY",None,line
"China, Rural, Per capita, Income, Disposable, Median, YTD, CNY","China, Rural, Per capita, Income, Disposable, Median, YTD, CNY",None,line
"China, Rural, Per capita, Income, Disposable, YTD, CNY","China, Rural, Per capita, Income, Disposable, YTD, CNY",None,line
"China, Rural, Per capita, Income, Property, YTD, CNY","China, Rural, Per capita, Income, Property, YTD, CNY",None,line
"China, Rural, Per capita, Income, Transfer, YTD, CNY","China, Rural, Per capita, Income, Transfer, YTD, CNY",None,line
"China, Rural, Per capita, Income, Wages, YTD, CNY","China, Rural, Per capita, Income, Wages, YTD, CNY",None,line
"China, Urban, Per capita, Expenditure, Clothing and footwear, YTD, CNY","China, Urban, Per capita, Expenditure, Clothing and footwear, YTD, CNY",None,line
"China, Urban, Per capita, Expenditure, Education, culture and recreation, YTD, CNY","China, Urban, Per capita, Expenditure, Education, culture and recreation, YTD, CNY",None,line
"China, Urban, Per capita, Expenditure, Food and tobacco, YTD, CNY","China, Urban, Per capita, Expenditure, Food and tobacco, YTD, CNY",None,line
"China, Urban, Per capita, Expenditure, Household equipment, furnishings and services, YTD, CNY","China, Urban, Per capita, Expenditure, Household equipment, furnishings and services, YTD, CNY",None,line
"China, Urban, Per capita, Expenditure, Housing, YTD, CNY","China, Urban, Per capita, Expenditure, Housing, YTD, CNY",None,line
"China, Urban, Per capita, Expenditure, Medical, YTD, CNY","China, Urban, Per capita, Expenditure, Medical, YTD, CNY",None,line
"China, Urban, Per capita, Expenditure, Miscellaneous, YTD, CNY","China, Urban, Per capita, Expenditure, Miscellaneous, YTD, CNY",None,line
"China, Urban, Per capita, Expenditure, Transport and communication, YTD, CNY","China, Urban, Per capita, Expenditure, Transport and communication, YTD, CNY",None,line
"China, Urban, Per capita, Expenditure, YTD, CNY","China, Urban, Per capita, Expenditure, YTD, CNY",None,line
"China, Urban, Per capita, Income, Business, YTD, CNY","China, Urban, Per capita, Income, Business, YTD, CNY",None,line
"China, Urban, Per capita, Income, Disposable, Median, YTD, CNY","China, Urban, Per capita, Income, Disposable, Median, YTD, CNY",None,line
"China, Urban, Per capita, Income, Disposable, YTD, CNY","China, Urban, Per capita, Income, Disposable, YTD, CNY",None,line
"China, Urban, Per capita, Income, Property, YTD, CNY","China, Urban, Per capita, Income, Property, YTD, CNY",None,line
"China, Urban, Per capita, Income, Transfer, YTD, CNY","China, Urban, Per capita, Income, Transfer, YTD, CNY",None,line
"China, Urban, Per capita, Income, Wages, YTD, CNY","China, Urban, Per capita, Income, Wages, YTD, CNY",None,line
"China, NGDP, Activity, USD bn","China, NGDP, Activity, USD bn",None,line
"China, NGDP, Activity, SA, USD bn","China, NGDP, Activity, SA, USD bn",None,line
"China, NGDP, Activity, CNY bn, 12M sum","China, NGDP, Activity, CNY bn, 12M sum",None,line
"China, NGDP, Activity, USD bn, 12M sum","China, NGDP, Activity, USD bn, 12M sum",None,line
"China, NGDP, Activity, SA, % QoQ","China, NGDP, Activity, SA, % QoQ",None,line
"China, NGDP, Activity, index","China, NGDP, Activity, index",,line
"China, RGDP, Activity, index","China, RGDP, Activity, index",,line
"China, GDP, Activity, Deflator","China, GDP, Activity, Deflator",,line
"China, GDP, Activity, Deflator, % YoY","China, GDP, Activity, Deflator, % YoY",None,line
"China, GDP, Activity, Deflator, % YoY, approx","China, GDP, Activity, Deflator, % YoY, approx",None,line
"China, GDP, Activity, Deflator, SA","China, GDP, Activity, Deflator, SA",,line
"China, GDP, Activity, Deflator, SA, % YoY","China, GDP, Activity, Deflator, SA, % YoY",None,line
"China, GDP, Activity, NGDP and RGDP % YoY gap, ppts","China, GDP, Activity, NGDP and RGDP % YoY gap, ppts",None,line
"China, RGDP, Activity, CNY bn, YoY chg","China, RGDP, Activity, CNY bn, YoY chg",None,line
"China, RGDP, Expenditure, Domestic Demand, Final Consumption Expenditure, CNY bn, YoY chg","China, RGDP, Expenditure, Domestic Demand, Final Consumption Expenditure, CNY bn, YoY chg",None,line
"China, RGDP, Expenditure, Domestic Demand, Gross Capital Formation, CNY bn, YoY chg","China, RGDP, Expenditure, Domestic Demand, Gross Capital Formation, CNY bn, YoY chg",None,line
"China, RGDP, Expenditure, Net Exports of Goods and Services, CNY bn, YoY chg","China, RGDP, Expenditure, Net Exports of Goods and Services, CNY bn, YoY chg",None,line
"China, NGDP, Activity, SA, % of GDP","China, NGDP, Activity, SA, % of GDP",None,line
"China, NGDP, Activity, Secondary, Construction, SA, % of GDP","China, NGDP, Activity, Secondary, Construction, SA, % of GDP",None,line
"China, NGDP, Activity, Tertiary, Accommodation and food services, SA, % of GDP","China, NGDP, Activity, Tertiary, Accommodation and food services, SA, % of GDP",None,line
"China, NGDP, Activity, Tertiary, Wholesale and retail trade, SA, % of GDP","China, NGDP, Activity, Tertiary, Wholesale and retail trade, SA, % of GDP",None,line
"China, NGDP, Activity, Secondary, Industry, Manufacturing, SA, % of GDP","China, NGDP, Activity, Secondary, Industry, Manufacturing, SA, % of GDP",None,line
"China, NGDP, Activity, Tertiary, Real estate, SA, % of GDP","China, NGDP, Activity, Tertiary, Real estate, SA, % of GDP",None,line
"China, NGDP, Activity, Tertiary, SA, % of GDP","China, NGDP, Activity, Tertiary, SA, % of GDP",None,line
"China, NGDP, Activity, Secondary, SA, % of GDP","China, NGDP, Activity, Secondary, SA, % of GDP",None,line
"China, RGDP, Activity, index, HP filter trend","China, RGDP, Activity, index, HP filter trend",,line
"China, RGDP, Activity, output gap, ppts","China, RGDP, Activity, output gap, ppts",,line
"China, NGDP, Activity, HP filter trend","China, NGDP, Activity, HP filter trend",,line
"China, RGDP, Revisions, % QoQ, Mar-2017","China, RGDP, Revisions, % QoQ, Mar-2017",None,line
"China, RGDP, Revisions, % QoQ, Jun-2017","China, RGDP, Revisions, % QoQ, Jun-2017",None,line
"China, RGDP, Revisions, % QoQ, Sep-2017","China, RGDP, Revisions, % QoQ, Sep-2017",None,line
"China, RGDP, Revisions, % QoQ, Dec-2017","China, RGDP, Revisions, % QoQ, Dec-2017",None,line
"China, RGDP, Revisions, % QoQ, Mar-2018","China, RGDP, Revisions, % QoQ, Mar-2018",None,line
"China, RGDP, Revisions, % QoQ, Jun-2018","China, RGDP, Revisions, % QoQ, Jun-2018",None,line
"China, RGDP, Revisions, % QoQ, Sep-2018","China, RGDP, Revisions, % QoQ, Sep-2018",None,line
"China, RGDP, Revisions, % QoQ, Dec-2018","China, RGDP, Revisions, % QoQ, Dec-2018",None,line
"China, RGDP, Revisions, % QoQ, Mar-2019","China, RGDP, Revisions, % QoQ, Mar-2019",None,line
"China, RGDP, Revisions, % QoQ, Jun-2019","China, RGDP, Revisions, % QoQ, Jun-2019",None,line
"China, RGDP, Revisions, % QoQ, Sep-2019","China, RGDP, Revisions, % QoQ, Sep-2019",None,line
"China, RGDP, Revisions, % QoQ, Dec-2019","China, RGDP, Revisions, % QoQ, Dec-2019",None,line
"China, RGDP, Revisions, % QoQ, Mar-2020","China, RGDP, Revisions, % QoQ, Mar-2020",None,line
"China, RGDP, Revisions, % QoQ, Jun-2020","China, RGDP, Revisions, % QoQ, Jun-2020",None,line
"China, RGDP, Revisions, % QoQ, Sep-2020","China, RGDP, Revisions, % QoQ, Sep-2020",None,line
"China, RGDP, Revisions, % QoQ, Dec-2020","China, RGDP, Revisions, % QoQ, Dec-2020",None,line
"China, RGDP, Revisions, % QoQ, Mar-2021","China, RGDP, Revisions, % QoQ, Mar-2021",None,line
"China, RGDP, Revisions, % QoQ, Jun-2021","China, RGDP, Revisions, % QoQ, Jun-2021",None,line
"China, RGDP, Revisions, % QoQ, Sep-2021","China, RGDP, Revisions, % QoQ, Sep-2021",None,line
"China, RGDP, Revisions, % QoQ, Dec-2021","China, RGDP, Revisions, % QoQ, Dec-2021",None,line
"China, RGDP, Revisions, % QoQ, Mar-2022","China, RGDP, Revisions, % QoQ, Mar-2022",None,line
"China, RGDP, Revisions, % QoQ, Jun-2022","China, RGDP, Revisions, % QoQ, Jun-2022",None,line
"China, RGDP, Revisions, % QoQ, Sep-2022","China, RGDP, Revisions, % QoQ, Sep-2022",None,line
"China, RGDP, Revisions, % QoQ, Dec-2022","China, RGDP, Revisions, % QoQ, Dec-2022",None,line
"China, RGDP, Revisions, % QoQ, Mar-2023","China, RGDP, Revisions, % QoQ, Mar-2023",None,line
"China, RGDP, Revisions, % QoQ, Jun-2023","China, RGDP, Revisions, % QoQ, Jun-2023",None,line
"China, RGDP, Revisions, % QoQ, Sep-2023","China, RGDP, Revisions, % QoQ, Sep-2023",None,line
"China, RGDP, Revisions, % QoQ, Dec-2023","China, RGDP, Revisions, % QoQ, Dec-2023",None,line
"China, RGDP, Revisions, % QoQ, Mar-2024","China, RGDP, Revisions, % QoQ, Mar-2024",None,line
"China, RGDP, Revisions, % QoQ, Jun-2024","China, RGDP, Revisions, % QoQ, Jun-2024",None,line
"China, RGDP, Revisions, % QoQ, Sep-2024","China, RGDP, Revisions, % QoQ, Sep-2024",None,line
"China, RGDP, Revisions, % QoQ, Dec-2024","China, RGDP, Revisions, % QoQ, Dec-2024",None,line
"China, RGDP, Revisions, % QoQ, Mar-2025","China, RGDP, Revisions, % QoQ, Mar-2025",None,line
"China, RGDP, Revisions, % QoQ, Jun-2025","China, RGDP, Revisions, % QoQ, Jun-2025",None,line
"China, RGDP, Revisions, % QoQ, Sep-2025","China, RGDP, Revisions, % QoQ, Sep-2025",None,line
"China, RGDP, Revisions, % QoQ, Dec-2025","China, RGDP, Revisions, % QoQ, Dec-2025",None,line
"China, RGDP, Revisions, % QoQ, Mar-2026","China, RGDP, Revisions, % QoQ, Mar-2026",None,line
"China, RGDP, Revisions, % QoQ, Jun-2026","China, RGDP, Revisions, % QoQ, Jun-2026",None,line
"China, RGDP, Revisions, Index, Mar-2017","China, RGDP, Revisions, Index, Mar-2017",None,line
"China, RGDP, Revisions, Index, Jun-2017","China, RGDP, Revisions, Index, Jun-2017",None,line
"China, RGDP, Revisions, Index, Sep-2017","China, RGDP, Revisions, Index, Sep-2017",None,line
"China, RGDP, Revisions, Index, Dec-2017","China, RGDP, Revisions, Index, Dec-2017",None,line
"China, RGDP, Revisions, Index, Mar-2018","China, RGDP, Revisions, Index, Mar-2018",None,line
"China, RGDP, Revisions, Index, Jun-2018","China, RGDP, Revisions, Index, Jun-2018",None,line
"China, RGDP, Revisions, Index, Sep-2018","China, RGDP, Revisions, Index, Sep-2018",None,line
"China, RGDP, Revisions, Index, Dec-2018","China, RGDP, Revisions, Index, Dec-2018",None,line
"China, RGDP, Revisions, Index, Mar-2019","China, RGDP, Revisions, Index, Mar-2019",None,line
"China, RGDP, Revisions, Index, Jun-2019","China, RGDP, Revisions, Index, Jun-2019",None,line
"China, RGDP, Revisions, Index, Sep-2019","China, RGDP, Revisions, Index, Sep-2019",None,line
"China, RGDP, Revisions, Index, Dec-2019","China, RGDP, Revisions, Index, Dec-2019",None,line
"China, RGDP, Revisions, Index, Mar-2020","China, RGDP, Revisions, Index, Mar-2020",None,line
"China, RGDP, Revisions, Index, Jun-2020","China, RGDP, Revisions, Index, Jun-2020",None,line
"China, RGDP, Revisions, Index, Sep-2020","China, RGDP, Revisions, Index, Sep-2020",None,line
"China, RGDP, Revisions, Index, Dec-2020","China, RGDP, Revisions, Index, Dec-2020",None,line
"China, RGDP, Revisions, Index, Mar-2021","China, RGDP, Revisions, Index, Mar-2021",None,line
"China, RGDP, Revisions, Index, Jun-2021","China, RGDP, Revisions, Index, Jun-2021",None,line
"China, RGDP, Revisions, Index, Sep-2021","China, RGDP, Revisions, Index, Sep-2021",None,line
"China, RGDP, Revisions, Index, Dec-2021","China, RGDP, Revisions, Index, Dec-2021",None,line
"China, RGDP, Revisions, Index, Mar-2022","China, RGDP, Revisions, Index, Mar-2022",None,line
"China, RGDP, Revisions, Index, Jun-2022","China, RGDP, Revisions, Index, Jun-2022",None,line
"China, RGDP, Revisions, Index, Sep-2022","China, RGDP, Revisions, Index, Sep-2022",None,line
"China, RGDP, Revisions, Index, Dec-2022","China, RGDP, Revisions, Index, Dec-2022",,line
"China, RGDP, Revisions, Index, Mar-2023","China, RGDP, Revisions, Index, Mar-2023",,line
"China, RGDP, Revisions, Index, Jun-2023","China, RGDP, Revisions, Index, Jun-2023",,line
"China, RGDP, Revisions, Index, Sep-2023","China, RGDP, Revisions, Index, Sep-2023",,line
"China, RGDP, Revisions, Index, Dec-2023","China, RGDP, Revisions, Index, Dec-2023",,line
"China, RGDP, Revisions, Index, Mar-2024","China, RGDP, Revisions, Index, Mar-2024",,line
"China, RGDP, Revisions, Index, Jun-2024","China, RGDP, Revisions, Index, Jun-2024",,line
"China, RGDP, Revisions, Index, Sep-2024","China, RGDP, Revisions, Index, Sep-2024",,line
"China, RGDP, Revisions, Index, Dec-2024","China, RGDP, Revisions, Index, Dec-2024",None,line
"China, RGDP, Revisions, Index, Mar-2025","China, RGDP, Revisions, Index, Mar-2025",None,line
"China, RGDP, Revisions, Index, Jun-2025","China, RGDP, Revisions, Index, Jun-2025",None,line
"China, RGDP, Revisions, Index, Sep-2025","China, RGDP, Revisions, Index, Sep-2025",None,line
"China, RGDP, Revisions, Index, Dec-2025","China, RGDP, Revisions, Index, Dec-2025",None,line
"China, RGDP, Revisions, Index, Mar-2026","China, RGDP, Revisions, Index, Mar-2026",None,line
"China, RGDP, Revisions, Index, Jun-2026","China, RGDP, Revisions, Index, Jun-2026",None,line
"China, NGDP, Activity, Primary, Agriculture, CNY tn","China, NGDP, Activity, Primary, Agriculture, CNY tn",None,line
"China, NGDP, Activity, Primary, Agriculture, CNY tn, YTD","China, NGDP, Activity, Primary, Agriculture, CNY tn, YTD",None,line
"China, NGDP, Activity, CNY tn","China, NGDP, Activity, CNY tn",None,line
"China, NGDP, Activity, CNY tn, YTD","China, NGDP, Activity, CNY tn, YTD",None,line
"China, NGDP, Activity, Secondary, Construction, CNY tn","China, NGDP, Activity, Secondary, Construction, CNY tn",None,line
"China, NGDP, Activity, Secondary, Construction, CNY tn, YTD","China, NGDP, Activity, Secondary, Construction, CNY tn, YTD",None,line
"China, NGDP, Activity, Secondary, Industry, CNY tn","China, NGDP, Activity, Secondary, Industry, CNY tn",None,line
"China, NGDP, Activity, Secondary, Industry, CNY tn, YTD","China, NGDP, Activity, Secondary, Industry, CNY tn, YTD",None,line
"China, NGDP, Activity, Secondary, Industry, Manufacturing, CNY tn","China, NGDP, Activity, Secondary, Industry, Manufacturing, CNY tn",None,line
"China, NGDP, Activity, Secondary, Industry, Manufacturing, CNY tn, YTD","China, NGDP, Activity, Secondary, Industry, Manufacturing, CNY tn, YTD",None,line
"China, NGDP, Activity, Other, CNY tn","China, NGDP, Activity, Other, CNY tn",None,line
"China, NGDP, Activity, Other, CNY tn, YTD","China, NGDP, Activity, Other, CNY tn, YTD",None,line
"China, NGDP, Activity, Primary, CNY tn","China, NGDP, Activity, Primary, CNY tn",None,line
"China, NGDP, Activity, Primary, CNY tn, YTD","China, NGDP, Activity, Primary, CNY tn, YTD",None,line
"China, NGDP, Activity, Primary, Primary, Agriculture, CNY tn","China, NGDP, Activity, Primary, Primary, Agriculture, CNY tn",None,line
"China, NGDP, Activity, Primary, Primary, Agriculture, CNY tn, YTD","China, NGDP, Activity, Primary, Primary, Agriculture, CNY tn, YTD",None,line
"China, NGDP, Activity, Secondary, CNY tn","China, NGDP, Activity, Secondary, CNY tn",None,line
"China, NGDP, Activity, Secondary, CNY tn, YTD","China, NGDP, Activity, Secondary, CNY tn, YTD",None,line
"China, NGDP, Activity, Storage and Post, CNY tn","China, NGDP, Activity, Storage and Post, CNY tn",None,line
"China, NGDP, Activity, Storage and Post, CNY tn, YTD","China, NGDP, Activity, Storage and Post, CNY tn, YTD",None,line
"China, NGDP, Activity, Tertiary, CNY tn","China, NGDP, Activity, Tertiary, CNY tn",None,line
"China, NGDP, Activity, Tertiary, CNY tn, YTD","China, NGDP, Activity, Tertiary, CNY tn, YTD",None,line
"China, RGDP, Activity, CNY tn","China, RGDP, Activity, CNY tn",None,line
"China, RGDP, Activity, CNY tn, YTD","China, RGDP, Activity, CNY tn, YTD",None,line
"China, RGDP, Activity, Primary, CNY tn","China, RGDP, Activity, Primary, CNY tn",None,line
"China, RGDP, Activity, Primary, CNY tn, YTD","China, RGDP, Activity, Primary, CNY tn, YTD",None,line
"China, RGDP, Activity, Secondary, CNY tn","China, RGDP, Activity, Secondary, CNY tn",None,line
"China, RGDP, Activity, Secondary, CNY tn, YTD","China, RGDP, Activity, Secondary, CNY tn, YTD",None,line
"China, RGDP, Activity, Tertiary, CNY tn","China, RGDP, Activity, Tertiary, CNY tn",None,line
"China, RGDP, Activity, Tertiary, CNY tn, YTD","China, RGDP, Activity, Tertiary, CNY tn, YTD",None,line
"China, NGDP, Activity, Tertiary, Finance and insurance, CNY tn","China, NGDP, Activity, Tertiary, Finance and insurance, CNY tn",None,line
"China, NGDP, Activity, Tertiary, Finance and insurance, CNY tn, YTD","China, NGDP, Activity, Tertiary, Finance and insurance, CNY tn, YTD",None,line
"China, NGDP, Activity, Tertiary, Accommodation and food services, CNY tn","China, NGDP, Activity, Tertiary, Accommodation and food services, CNY tn",None,line
"China, NGDP, Activity, Tertiary, Accommodation and food services, CNY tn, YTD","China, NGDP, Activity, Tertiary, Accommodation and food services, CNY tn, YTD",None,line
"China, NGDP, Activity, Tertiary, Information and communication, CNY tn","China, NGDP, Activity, Tertiary, Information and communication, CNY tn",None,line
"China, NGDP, Activity, Tertiary, Information and communication, CNY tn, YTD","China, NGDP, Activity, Tertiary, Information and communication, CNY tn, YTD",None,line
"China, NGDP, Activity, Tertiary, Leasing and Business Services, CNY tn","China, NGDP, Activity, Tertiary, Leasing and Business Services, CNY tn",None,line
"China, NGDP, Activity, Tertiary, Leasing and Business Services, CNY tn, YTD","China, NGDP, Activity, Tertiary, Leasing and Business Services, CNY tn, YTD",None,line
"China, NGDP, Activity, Tertiary, Others, CNY tn","China, NGDP, Activity, Tertiary, Others, CNY tn",None,line
"China, NGDP, Activity, Tertiary, Others, CNY tn, YTD","China, NGDP, Activity, Tertiary, Others, CNY tn, YTD",None,line
"China, NGDP, Activity, Tertiary, Real estate, CNY tn","China, NGDP, Activity, Tertiary, Real estate, CNY tn",None,line
"China, NGDP, Activity, Tertiary, Real estate, CNY tn, YTD","China, NGDP, Activity, Tertiary, Real estate, CNY tn, YTD",None,line
"China, NGDP, Activity, Tertiary, Transportation and storage, CNY tn","China, NGDP, Activity, Tertiary, Transportation and storage, CNY tn",None,line
"China, NGDP, Activity, Tertiary, Transportation and storage, CNY tn, YTD","China, NGDP, Activity, Tertiary, Transportation and storage, CNY tn, YTD",None,line
"China, NGDP, Activity, Tertiary, Wholesale and retail trade, CNY tn","China, NGDP, Activity, Tertiary, Wholesale and retail trade, CNY tn",None,line
"China, NGDP, Activity, Tertiary, Wholesale and retail trade, CNY tn, YTD","China, NGDP, Activity, Tertiary, Wholesale and retail trade, CNY tn, YTD",None,line
"China, NGDP, Activity, SA, CNY tn","China, NGDP, Activity, SA, CNY tn",None,line
"China, NGDP, Activity, Secondary, Construction, SA, CNY tn","China, NGDP, Activity, Secondary, Construction, SA, CNY tn",None,line
"China, NGDP, Activity, Tertiary, Accommodation and food services, SA, CNY tn","China, NGDP, Activity, Tertiary, Accommodation and food services, SA, CNY tn",None,line
"China, NGDP, Activity, Tertiary, Wholesale and retail trade, SA, CNY tn","China, NGDP, Activity, Tertiary, Wholesale and retail trade, SA, CNY tn",None,line
"China, NGDP, Activity, Secondary, Industry, Manufacturing, SA, CNY tn","China, NGDP, Activity, Secondary, Industry, Manufacturing, SA, CNY tn",None,line
"China, NGDP, Activity, Tertiary, Real estate, SA, CNY tn","China, NGDP, Activity, Tertiary, Real estate, SA, CNY tn",None,line
"China, NGDP, Activity, Tertiary, SA, CNY tn","China, NGDP, Activity, Tertiary, SA, CNY tn",None,line
"China, NGDP, Activity, Secondary, SA, CNY tn","China, NGDP, Activity, Secondary, SA, CNY tn",None,line
"China, RGDP, Activity, SA, CNY tn","China, RGDP, Activity, SA, CNY tn",None,line
"China, RGDP, Activity, Tertiary, SA, CNY tn","China, RGDP, Activity, Tertiary, SA, CNY tn",None,line
"China, RGDP, Activity, Primary, SA, CNY tn","China, RGDP, Activity, Primary, SA, CNY tn",None,line
"China, RGDP, Activity, Secondary, SA, CNY tn","China, RGDP, Activity, Secondary, SA, CNY tn",None,line
"China, Household survey, National, Aggregate, Income, Disposable, CNY tn","China, Household survey, National, Aggregate, Income, Disposable, CNY tn",None,line
"China, Household survey, National, Aggregate, Income, Disposable, SA, CNY tn","China, Household survey, National, Aggregate, Income, Disposable, SA, CNY tn",None,line
"China, Household survey, Rural and urban, Aggregate, Income, Disposable, CNY tn","China, Household survey, Rural and urban, Aggregate, Income, Disposable, CNY tn",None,line
"China, Household survey, Rural and urban, Aggregate, Income, Disposable, SA, CNY tn","China, Household survey, Rural and urban, Aggregate, Income, Disposable, SA, CNY tn",None,line
"China, Household survey, National, Aggregate, Expenditure, Medical, CNY tn","China, Household survey, National, Aggregate, Expenditure, Medical, CNY tn",None,line
"China, Household survey, National, Aggregate, Expenditure, Education, culture and recreation, CNY tn","China, Household survey, National, Aggregate, Expenditure, Education, culture and recreation, CNY tn",None,line
"China, Household survey, National, Aggregate, Expenditure, Transport and communication, CNY tn","China, Household survey, National, Aggregate, Expenditure, Transport and communication, CNY tn",None,line
"China, Household survey, National, Aggregate, Expenditure, Clothing and footwear, CNY tn","China, Household survey, National, Aggregate, Expenditure, Clothing and footwear, CNY tn",None,line
"China, Household survey, National, Aggregate, Expenditure, Food and tobacco, CNY tn","China, Household survey, National, Aggregate, Expenditure, Food and tobacco, CNY tn",None,line
"China, Household survey, National, Aggregate, Expenditure, Household equipment, furnishings and services, CNY tn","China, Household survey, National, Aggregate, Expenditure, Household equipment, furnishings and services, CNY tn",None,line
"China, Household survey, National, Aggregate, Expenditure, Miscellaneous, CNY tn","China, Household survey, National, Aggregate, Expenditure, Miscellaneous, CNY tn",None,line
"China, Household survey, National, Aggregate, Expenditure, Housing, CNY tn","China, Household survey, National, Aggregate, Expenditure, Housing, CNY tn",None,line
"China, Household survey, National, Aggregate, Expenditure, CNY tn","China, Household survey, National, Aggregate, Expenditure, CNY tn",None,line
"China, Household survey, National, Aggregate, Expenditure, SA, CNY tn","China, Household survey, National, Aggregate, Expenditure, SA, CNY tn",None,line
"China, Household survey, Rural and urban, Aggregate, Expenditure, CNY tn","China, Household survey, Rural and urban, Aggregate, Expenditure, CNY tn",None,line
"China, Household survey, Rural and urban, Aggregate, Expenditure, SA, CNY tn","China, Household survey, Rural and urban, Aggregate, Expenditure, SA, CNY tn",None,line
"China, Household survey, National, Aggregate, Income, Disposable, Volume, CNY tn","China, Household survey, National, Aggregate, Income, Disposable, Volume, CNY tn",None,line
"China, Household survey, Rural and urban, Aggregate, Income, Disposable, Volume, CNY tn","China, Household survey, Rural and urban, Aggregate, Income, Disposable, Volume, CNY tn",None,line
"China, Household survey, National, Aggregate, Expenditure, Medical, Volume, CNY tn","China, Household survey, National, Aggregate, Expenditure, Medical, Volume, CNY tn",None,line
"China, Household survey, National, Aggregate, Expenditure, Education, culture and recreation, Volume, CNY tn","China, Household survey, National, Aggregate, Expenditure, Education, culture and recreation, Volume, CNY tn",None,line
"China, Household survey, National, Aggregate, Expenditure, Transport and communication, Volume, CNY tn","China, Household survey, National, Aggregate, Expenditure, Transport and communication, Volume, CNY tn",None,line
"China, Household survey, National, Aggregate, Expenditure, Clothing and footwear, Volume, CNY tn","China, Household survey, National, Aggregate, Expenditure, Clothing and footwear, Volume, CNY tn",None,line
"China, Household survey, National, Aggregate, Expenditure, Food and tobacco, Volume, CNY tn","China, Household survey, National, Aggregate, Expenditure, Food and tobacco, Volume, CNY tn",None,line
"China, Household survey, National, Aggregate, Expenditure, Household equipment, furnishings and services, Volume, CNY tn","China, Household survey, National, Aggregate, Expenditure, Household equipment, furnishings and services, Volume, CNY tn",None,line
"China, Household survey, National, Aggregate, Expenditure, Miscellaneous, Volume, CNY tn","China, Household survey, National, Aggregate, Expenditure, Miscellaneous, Volume, CNY tn",None,line
"China, Household survey, National, Aggregate, Expenditure, Housing, Volume, CNY tn","China, Household survey, National, Aggregate, Expenditure, Housing, Volume, CNY tn",None,line
"China, Household survey, National, Aggregate, Expenditure, Volume, CNY tn","China, Household survey, National, Aggregate, Expenditure, Volume, CNY tn",None,line
"China, Household survey, Rural and urban, Aggregate, Expenditure, Volume, CNY tn","China, Household survey, Rural and urban, Aggregate, Expenditure, Volume, CNY tn",None,line
"China, Household survey, National, Aggregate, Income, Disposable, Volume, SA, CNY tn","China, Household survey, National, Aggregate, Income, Disposable, Volume, SA, CNY tn",None,line
"China, Household survey, National, Aggregate, Expenditure, Volume, SA, CNY tn","China, Household survey, National, Aggregate, Expenditure, Volume, SA, CNY tn",None,line
"China, Household survey, Rural and urban, Aggregate, Expenditure, Volume, SA, CNY tn","China, Household survey, Rural and urban, Aggregate, Expenditure, Volume, SA, CNY tn",None,line
"China, Household survey, Rural and urban, Aggregate, Expenditure, Volume, SA, CNY tn, 2013-19 trend","China, Household survey, Rural and urban, Aggregate, Expenditure, Volume, SA, CNY tn, 2013-19 trend",None,line
"China, Household survey, National, Aggregate, Expenditure, SA, CNY tn, 2013-19 trend","China, Household survey, National, Aggregate, Expenditure, SA, CNY tn, 2013-19 trend",None,line
"China, Household survey, National, Aggregate, Income, Disposable, SA, CNY tn, 2013-19 trend","China, Household survey, National, Aggregate, Income, Disposable, SA, CNY tn, 2013-19 trend",None,line
"China, Household survey, National, Aggregate, Expenditure, Volume, SA, CNY tn, 2013-19 trend","China, Household survey, National, Aggregate, Expenditure, Volume, SA, CNY tn, 2013-19 trend",None,line
"China, Household survey, National, Aggregate, Income, Disposable, Volume, SA, CNY tn, 2013-19 trend","China, Household survey, National, Aggregate, Income, Disposable, Volume, SA, CNY tn, 2013-19 trend",None,line
"China, Household survey, Rural and urban, Aggregate, Expenditure, Volume, SA, CNY tn, Poly 2013-19 trend","China, Household survey, Rural and urban, Aggregate, Expenditure, Volume, SA, CNY tn, Poly 2013-19 trend",None,line
"China, Household survey, National, Aggregate, Expenditure, SA, CNY tn, Poly 2013-19 trend","China, Household survey, National, Aggregate, Expenditure, SA, CNY tn, Poly 2013-19 trend",None,line
"China, Household survey, National, Aggregate, Income, Disposable, SA, CNY tn, Poly 2013-19 trend","China, Household survey, National, Aggregate, Income, Disposable, SA, CNY tn, Poly 2013-19 trend",None,line
"China, Household survey, National, Aggregate, Expenditure, Volume, SA, CNY tn, Poly 2013-19 trend","China, Household survey, National, Aggregate, Expenditure, Volume, SA, CNY tn, Poly 2013-19 trend",None,line
"China, Household survey, National, Aggregate, Income, Disposable, Volume, SA, CNY tn, Poly 2013-19 trend","China, Household survey, National, Aggregate, Income, Disposable, Volume, SA, CNY tn, Poly 2013-19 trend",None,line
"China, Household survey, Rural and urban, Aggregate, Expenditure, Volume, SA, CNY tn, 2015-19 trend","China, Household survey, Rural and urban, Aggregate, Expenditure, Volume, SA, CNY tn, 2015-19 trend",None,line
"China, Household survey, National, Aggregate, Expenditure, SA, CNY tn, 2015-19 trend","China, Household survey, National, Aggregate, Expenditure, SA, CNY tn, 2015-19 trend",None,line
"China, Household survey, National, Aggregate, Income, Disposable, SA, CNY tn, 2015-19 trend","China, Household survey, National, Aggregate, Income, Disposable, SA, CNY tn, 2015-19 trend",None,line
"China, Household survey, National, Aggregate, Expenditure, Volume, SA, CNY tn, 2015-19 trend","China, Household survey, National, Aggregate, Expenditure, Volume, SA, CNY tn, 2015-19 trend",None,line
"China, Household survey, National, Aggregate, Income, Disposable, Volume, SA, CNY tn, 2015-19 trend","China, Household survey, National, Aggregate, Income, Disposable, Volume, SA, CNY tn, 2015-19 trend",None,line
"China, Household survey, Rural and urban, Aggregate, Expenditure, Volume, SA, CNY tn, Poly 2015-19 trend","China, Household survey, Rural and urban, Aggregate, Expenditure, Volume, SA, CNY tn, Poly 2015-19 trend",None,line
"China, Household survey, National, Aggregate, Expenditure, SA, CNY tn, Poly 2015-19 trend","China, Household survey, National, Aggregate, Expenditure, SA, CNY tn, Poly 2015-19 trend",None,line
"China, Household survey, National, Aggregate, Income, Disposable, SA, CNY tn, Poly 2015-19 trend","China, Household survey, National, Aggregate, Income, Disposable, SA, CNY tn, Poly 2015-19 trend",None,line
"China, Household survey, National, Aggregate, Expenditure, Volume, SA, CNY tn, Poly 2015-19 trend","China, Household survey, National, Aggregate, Expenditure, Volume, SA, CNY tn, Poly 2015-19 trend",None,line
"China, Household survey, National, Aggregate, Income, Disposable, Volume, SA, CNY tn, Poly 2015-19 trend","China, Household survey, National, Aggregate, Income, Disposable, Volume, SA, CNY tn, Poly 2015-19 trend",None,line
"China, Household survey, Rural and urban, Aggregate, Expenditure, Volume, SA, CNY tn, 2017-19 trend","China, Household survey, Rural and urban, Aggregate, Expenditure, Volume, SA, CNY tn, 2017-19 trend",None,line
"China, Household survey, National, Aggregate, Expenditure, SA, CNY tn, 2017-19 trend","China, Household survey, National, Aggregate, Expenditure, SA, CNY tn, 2017-19 trend",None,line
"China, Household survey, National, Aggregate, Income, Disposable, SA, CNY tn, 2017-19 trend","China, Household survey, National, Aggregate, Income, Disposable, SA, CNY tn, 2017-19 trend",None,line
"China, Household survey, National, Aggregate, Expenditure, Volume, SA, CNY tn, 2017-19 trend","China, Household survey, National, Aggregate, Expenditure, Volume, SA, CNY tn, 2017-19 trend",None,line
"China, Household survey, National, Aggregate, Income, Disposable, Volume, SA, CNY tn, 2017-19 trend","China, Household survey, National, Aggregate, Income, Disposable, Volume, SA, CNY tn, 2017-19 trend",None,line
"China, Household survey, Rural and urban, Aggregate, Expenditure, Volume, SA, CNY tn, Poly 2017-19 trend","China, Household survey, Rural and urban, Aggregate, Expenditure, Volume, SA, CNY tn, Poly 2017-19 trend",None,line
"China, Household survey, National, Aggregate, Expenditure, SA, CNY tn, Poly 2017-19 trend","China, Household survey, National, Aggregate, Expenditure, SA, CNY tn, Poly 2017-19 trend",None,line
"China, Household survey, National, Aggregate, Income, Disposable, SA, CNY tn, Poly 2017-19 trend","China, Household survey, National, Aggregate, Income, Disposable, SA, CNY tn, Poly 2017-19 trend",None,line
"China, Household survey, National, Aggregate, Expenditure, Volume, SA, CNY tn, Poly 2017-19 trend","China, Household survey, National, Aggregate, Expenditure, Volume, SA, CNY tn, Poly 2017-19 trend",None,line
"China, Household survey, National, Aggregate, Income, Disposable, Volume, SA, CNY tn, Poly 2017-19 trend","China, Household survey, National, Aggregate, Income, Disposable, Volume, SA, CNY tn, Poly 2017-19 trend",None,line
"China, NGDP, Activity, CNY tn, 12M sum","China, NGDP, Activity, CNY tn, 12M sum",None,line
"China, RGDP, Activity, CNY tn, YoY chg","China, RGDP, Activity, CNY tn, YoY chg",None,line
"China, RGDP, Expenditure, Domestic Demand, Final Consumption Expenditure, CNY tn, YoY chg","China, RGDP, Expenditure, Domestic Demand, Final Consumption Expenditure, CNY tn, YoY chg",None,line
"China, RGDP, Expenditure, Domestic Demand, Gross Capital Formation, CNY tn, YoY chg","China, RGDP, Expenditure, Domestic Demand, Gross Capital Formation, CNY tn, YoY chg",None,line
"China, RGDP, Expenditure, Net Exports of Goods and Services, CNY tn, YoY chg","China, RGDP, Expenditure, Net Exports of Goods and Services, CNY tn, YoY chg",None,line
"China, NGDP, Activity, % YoY, 12M average","China, NGDP, Activity, % YoY, 12M average",None,line
"China, NGDP, Activity, Primary, Agriculture, % YoY, 12M average","China, NGDP, Activity, Primary, Agriculture, % YoY, 12M average",None,line
"China, NGDP, Activity, Primary, Agriculture, CNY bn, 12M average","China, NGDP, Activity, Primary, Agriculture, CNY bn, 12M average",None,line
"China, NGDP, Activity, Primary, Agriculture, CNY bn, YTD, 12M average","China, NGDP, Activity, Primary, Agriculture, CNY bn, YTD, 12M average",None,line
"China, NGDP, Activity, CNY bn, 12M average","China, NGDP, Activity, CNY bn, 12M average",None,line
"China, NGDP, Activity, CNY bn, YTD, 12M average","China, NGDP, Activity, CNY bn, YTD, 12M average",None,line
"China, NGDP, Activity, Secondary, Construction, % YoY, 12M average","China, NGDP, Activity, Secondary, Construction, % YoY, 12M average",None,line
"China, NGDP, Activity, Secondary, Construction, CNY bn, 12M average","China, NGDP, Activity, Secondary, Construction, CNY bn, 12M average",None,line
"China, NGDP, Activity, Secondary, Construction, CNY bn, YTD, 12M average","China, NGDP, Activity, Secondary, Construction, CNY bn, YTD, 12M average",None,line
"China, NGDP, Activity, Secondary, Industry, % YoY, 12M average","China, NGDP, Activity, Secondary, Industry, % YoY, 12M average",None,line
"China, NGDP, Activity, Secondary, Industry, CNY bn, 12M average","China, NGDP, Activity, Secondary, Industry, CNY bn, 12M average",None,line
"China, NGDP, Activity, Secondary, Industry, CNY bn, YTD, 12M average","China, NGDP, Activity, Secondary, Industry, CNY bn, YTD, 12M average",None,line
"China, NGDP, Activity, Secondary, Industry, Manufacturing, % YoY, 12M average","China, NGDP, Activity, Secondary, Industry, Manufacturing, % YoY, 12M average",None,line
"China, NGDP, Activity, Secondary, Industry, Manufacturing, CNY bn, 12M average","China, NGDP, Activity, Secondary, Industry, Manufacturing, CNY bn, 12M average",None,line
"China, NGDP, Activity, Secondary, Industry, Manufacturing, CNY bn, YTD, 12M average","China, NGDP, Activity, Secondary, Industry, Manufacturing, CNY bn, YTD, 12M average",None,line
"China, NGDP, Activity, Other, CNY bn, 12M average","China, NGDP, Activity, Other, CNY bn, 12M average",None,line
"China, NGDP, Activity, Other, CNY bn, YTD, 12M average","China, NGDP, Activity, Other, CNY bn, YTD, 12M average",None,line
"China, NGDP, Activity, Primary, % YoY, 12M average","China, NGDP, Activity, Primary, % YoY, 12M average",None,line
"China, NGDP, Activity, Primary, CNY bn, 12M average","China, NGDP, Activity, Primary, CNY bn, 12M average",None,line
"China, NGDP, Activity, Primary, CNY bn, YTD, 12M average","China, NGDP, Activity, Primary, CNY bn, YTD, 12M average",None,line
"China, NGDP, Activity, Primary, Primary, Agriculture, CNY bn, 12M average","China, NGDP, Activity, Primary, Primary, Agriculture, CNY bn, 12M average",None,line
"China, NGDP, Activity, Primary, Primary, Agriculture, CNY bn, YTD, 12M average","China, NGDP, Activity, Primary, Primary, Agriculture, CNY bn, YTD, 12M average",None,line
"China, NGDP, Activity, Secondary, % YoY, 12M average","China, NGDP, Activity, Secondary, % YoY, 12M average",None,line
"China, NGDP, Activity, Secondary, CNY bn, 12M average","China, NGDP, Activity, Secondary, CNY bn, 12M average",None,line
"China, NGDP, Activity, Secondary, CNY bn, YTD, 12M average","China, NGDP, Activity, Secondary, CNY bn, YTD, 12M average",None,line
"China, NGDP, Activity, Storage and Post, CNY bn, 12M average","China, NGDP, Activity, Storage and Post, CNY bn, 12M average",None,line
"China, NGDP, Activity, Storage and Post, CNY bn, YTD, 12M average","China, NGDP, Activity, Storage and Post, CNY bn, YTD, 12M average",None,line
"China, NGDP, Activity, Tertiary, % YoY, 12M average","China, NGDP, Activity, Tertiary, % YoY, 12M average",None,line
"China, NGDP, Activity, Tertiary, CNY bn, 12M average","China, NGDP, Activity, Tertiary, CNY bn, 12M average",None,line
"China, NGDP, Activity, Tertiary, CNY bn, YTD, 12M average","China, NGDP, Activity, Tertiary, CNY bn, YTD, 12M average",None,line
"China, RGDP, Activity, % QoQ, 12M average","China, RGDP, Activity, % QoQ, 12M average",None,line
"China, RGDP, Activity, % YoY, 12M average","China, RGDP, Activity, % YoY, 12M average",None,line
"China, RGDP, Activity, % YoY, YTD, 12M average","China, RGDP, Activity, % YoY, YTD, 12M average",None,line
"China, RGDP, Activity, Primary, Agriculture, % YoY, 12M average","China, RGDP, Activity, Primary, Agriculture, % YoY, 12M average",None,line
"China, RGDP, Activity, Primary, Agriculture, % YoY, YTD, 12M average","China, RGDP, Activity, Primary, Agriculture, % YoY, YTD, 12M average",None,line
"China, RGDP, Activity, CNY bn, 12M average","China, RGDP, Activity, CNY bn, 12M average",None,line
"China, RGDP, Activity, CNY bn, YTD, 12M average","China, RGDP, Activity, CNY bn, YTD, 12M average",None,line
"China, RGDP, Activity, Secondary, Construction, % YoY, 12M average","China, RGDP, Activity, Secondary, Construction, % YoY, 12M average",None,line
"China, RGDP, Activity, Secondary, Construction, % YoY, YTD, 12M average","China, RGDP, Activity, Secondary, Construction, % YoY, YTD, 12M average",None,line
"China, RGDP, Activity, Secondary, Industry, % YoY, 12M average","China, RGDP, Activity, Secondary, Industry, % YoY, 12M average",None,line
"China, RGDP, Activity, Secondary, Industry, % YoY, YTD, 12M average","China, RGDP, Activity, Secondary, Industry, % YoY, YTD, 12M average",None,line
"China, RGDP, Activity, Secondary, Industry, Manufacturing, % YoY, 12M average","China, RGDP, Activity, Secondary, Industry, Manufacturing, % YoY, 12M average",None,line
"China, RGDP, Activity, Secondary, Industry, Manufacturing, % YoY, YTD, 12M average","China, RGDP, Activity, Secondary, Industry, Manufacturing, % YoY, YTD, 12M average",None,line
"China, RGDP, Activity, Other, % YoY, 12M average","China, RGDP, Activity, Other, % YoY, 12M average",None,line
"China, RGDP, Activity, Other, % YoY, YTD, 12M average","China, RGDP, Activity, Other, % YoY, YTD, 12M average",None,line
"China, RGDP, Activity, Primary, % YoY, 12M average","China, RGDP, Activity, Primary, % YoY, 12M average",None,line
"China, RGDP, Activity, Primary, % YoY, YTD, 12M average","China, RGDP, Activity, Primary, % YoY, YTD, 12M average",None,line
"China, RGDP, Activity, Primary, CNY bn, 12M average","China, RGDP, Activity, Primary, CNY bn, 12M average",None,line
"China, RGDP, Activity, Primary, CNY bn, YTD, 12M average","China, RGDP, Activity, Primary, CNY bn, YTD, 12M average",None,line
"China, RGDP, Activity, Primary, Primary, Agriculture, % YoY, 12M average","China, RGDP, Activity, Primary, Primary, Agriculture, % YoY, 12M average",None,line
"China, RGDP, Activity, Primary, Primary, Agriculture, % YoY, YTD, 12M average","China, RGDP, Activity, Primary, Primary, Agriculture, % YoY, YTD, 12M average",None,line
"China, RGDP, Activity, Secondary, % YoY, 12M average","China, RGDP, Activity, Secondary, % YoY, 12M average",None,line
"China, RGDP, Activity, Secondary, % YoY, YTD, 12M average","China, RGDP, Activity, Secondary, % YoY, YTD, 12M average",None,line
"China, RGDP, Activity, Secondary, CNY bn, 12M average","China, RGDP, Activity, Secondary, CNY bn, 12M average",None,line
"China, RGDP, Activity, Secondary, CNY bn, YTD, 12M average","China, RGDP, Activity, Secondary, CNY bn, YTD, 12M average",None,line
"China, RGDP, Activity, Storage and Post, % YoY, 12M average","China, RGDP, Activity, Storage and Post, % YoY, 12M average",None,line
"China, RGDP, Activity, Storage and Post, % YoY, YTD, 12M average","China, RGDP, Activity, Storage and Post, % YoY, YTD, 12M average",None,line
"China, RGDP, Activity, Tertiary, % YoY, 12M average","China, RGDP, Activity, Tertiary, % YoY, 12M average",None,line
"China, RGDP, Activity, Tertiary, % YoY, YTD, 12M average","China, RGDP, Activity, Tertiary, % YoY, YTD, 12M average",None,line
"China, RGDP, Activity, Tertiary, CNY bn, 12M average","China, RGDP, Activity, Tertiary, CNY bn, 12M average",None,line
"China, RGDP, Activity, Tertiary, CNY bn, YTD, 12M average","China, RGDP, Activity, Tertiary, CNY bn, YTD, 12M average",None,line
"China, NGDP, Activity, Tertiary, Finance and insurance, % YoY, 12M average","China, NGDP, Activity, Tertiary, Finance and insurance, % YoY, 12M average",None,line
"China, NGDP, Activity, Tertiary, Finance and insurance, CNY bn, 12M average","China, NGDP, Activity, Tertiary, Finance and insurance, CNY bn, 12M average",None,line
"China, NGDP, Activity, Tertiary, Finance and insurance, CNY bn, YTD, 12M average","China, NGDP, Activity, Tertiary, Finance and insurance, CNY bn, YTD, 12M average",None,line
"China, NGDP, Activity, Tertiary, Accommodation and food services, % YoY, 12M average","China, NGDP, Activity, Tertiary, Accommodation and food services, % YoY, 12M average",None,line
"China, NGDP, Activity, Tertiary, Accommodation and food services, CNY bn, 12M average","China, NGDP, Activity, Tertiary, Accommodation and food services, CNY bn, 12M average",None,line
"China, NGDP, Activity, Tertiary, Accommodation and food services, CNY bn, YTD, 12M average","China, NGDP, Activity, Tertiary, Accommodation and food services, CNY bn, YTD, 12M average",None,line
"China, NGDP, Activity, Tertiary, Information and communication, % YoY, 12M average","China, NGDP, Activity, Tertiary, Information and communication, % YoY, 12M average",None,line
"China, NGDP, Activity, Tertiary, Information and communication, CNY bn, 12M average","China, NGDP, Activity, Tertiary, Information and communication, CNY bn, 12M average",None,line
"China, NGDP, Activity, Tertiary, Information and communication, CNY bn, YTD, 12M average","China, NGDP, Activity, Tertiary, Information and communication, CNY bn, YTD, 12M average",None,line
"China, NGDP, Activity, Tertiary, Leasing and Business Services, % YoY, 12M average","China, NGDP, Activity, Tertiary, Leasing and Business Services, % YoY, 12M average",None,line
"China, NGDP, Activity, Tertiary, Leasing and Business Services, CNY bn, 12M average","China, NGDP, Activity, Tertiary, Leasing and Business Services, CNY bn, 12M average",None,line
"China, NGDP, Activity, Tertiary, Leasing and Business Services, CNY bn, YTD, 12M average","China, NGDP, Activity, Tertiary, Leasing and Business Services, CNY bn, YTD, 12M average",None,line
"China, NGDP, Activity, Tertiary, Others, % YoY, 12M average","China, NGDP, Activity, Tertiary, Others, % YoY, 12M average",None,line
"China, NGDP, Activity, Tertiary, Others, CNY bn, 12M average","China, NGDP, Activity, Tertiary, Others, CNY bn, 12M average",None,line
"China, NGDP, Activity, Tertiary, Others, CNY bn, YTD, 12M average","China, NGDP, Activity, Tertiary, Others, CNY bn, YTD, 12M average",None,line
"China, NGDP, Activity, Tertiary, Real estate, % YoY, 12M average","China, NGDP, Activity, Tertiary, Real estate, % YoY, 12M average",None,line
"China, NGDP, Activity, Tertiary, Real estate, CNY bn, 12M average","China, NGDP, Activity, Tertiary, Real estate, CNY bn, 12M average",None,line
"China, NGDP, Activity, Tertiary, Real estate, CNY bn, YTD, 12M average","China, NGDP, Activity, Tertiary, Real estate, CNY bn, YTD, 12M average",None,line
"China, NGDP, Activity, Tertiary, Transportation and storage, % YoY, 12M average","China, NGDP, Activity, Tertiary, Transportation and storage, % YoY, 12M average",None,line
"China, NGDP, Activity, Tertiary, Transportation and storage, CNY bn, 12M average","China, NGDP, Activity, Tertiary, Transportation and storage, CNY bn, 12M average",None,line
"China, NGDP, Activity, Tertiary, Transportation and storage, CNY bn, YTD, 12M average","China, NGDP, Activity, Tertiary, Transportation and storage, CNY bn, YTD, 12M average",None,line
"China, NGDP, Activity, Tertiary, Wholesale and retail trade, % YoY, 12M average","China, NGDP, Activity, Tertiary, Wholesale and retail trade, % YoY, 12M average",None,line
"China, NGDP, Activity, Tertiary, Wholesale and retail trade, CNY bn, 12M average","China, NGDP, Activity, Tertiary, Wholesale and retail trade, CNY bn, 12M average",None,line
"China, NGDP, Activity, Tertiary, Wholesale and retail trade, CNY bn, YTD, 12M average","China, NGDP, Activity, Tertiary, Wholesale and retail trade, CNY bn, YTD, 12M average",None,line
"China, RGDP, Activity, Tertiary, Finance and insurance, % YoY, 12M average","China, RGDP, Activity, Tertiary, Finance and insurance, % YoY, 12M average",None,line
"China, RGDP, Activity, Tertiary, Finance and insurance, % YoY, YTD, 12M average","China, RGDP, Activity, Tertiary, Finance and insurance, % YoY, YTD, 12M average",None,line
"China, RGDP, Activity, Tertiary, Accommodation and food services, % YoY, 12M average","China, RGDP, Activity, Tertiary, Accommodation and food services, % YoY, 12M average",None,line
"China, RGDP, Activity, Tertiary, Accommodation and food services, % YoY, YTD, 12M average","China, RGDP, Activity, Tertiary, Accommodation and food services, % YoY, YTD, 12M average",None,line
"China, RGDP, Activity, Tertiary, Information and communication, % YoY, 12M average","China, RGDP, Activity, Tertiary, Information and communication, % YoY, 12M average",None,line
"China, RGDP, Activity, Tertiary, Information and communication, % YoY, YTD, 12M average","China, RGDP, Activity, Tertiary, Information and communication, % YoY, YTD, 12M average",None,line
"China, RGDP, Activity, Tertiary, Leasing and Business Services, % YoY, 12M average","China, RGDP, Activity, Tertiary, Leasing and Business Services, % YoY, 12M average",None,line
"China, RGDP, Activity, Tertiary, Leasing and Business Services, % YoY, YTD, 12M average","China, RGDP, Activity, Tertiary, Leasing and Business Services, % YoY, YTD, 12M average",None,line
"China, RGDP, Activity, Tertiary, Others, % YoY, 12M average","China, RGDP, Activity, Tertiary, Others, % YoY, 12M average",None,line
"China, RGDP, Activity, Tertiary, Others, % YoY, YTD, 12M average","China, RGDP, Activity, Tertiary, Others, % YoY, YTD, 12M average",None,line
"China, RGDP, Activity, Tertiary, Real estate, % YoY, 12M average","China, RGDP, Activity, Tertiary, Real estate, % YoY, 12M average",None,line
"China, RGDP, Activity, Tertiary, Real estate, % YoY, YTD, 12M average","China, RGDP, Activity, Tertiary, Real estate, % YoY, YTD, 12M average",None,line
"China, RGDP, Activity, Tertiary, Transportation and storage, % YoY, 12M average","China, RGDP, Activity, Tertiary, Transportation and storage, % YoY, 12M average",None,line
"China, RGDP, Activity, Tertiary, Transportation and storage, % YoY, YTD, 12M average","China, RGDP, Activity, Tertiary, Transportation and storage, % YoY, YTD, 12M average",None,line
"China, RGDP, Activity, Tertiary, Wholesale and retail trade, % YoY, 12M average","China, RGDP, Activity, Tertiary, Wholesale and retail trade, % YoY, 12M average",None,line
"China, RGDP, Activity, Tertiary, Wholesale and retail trade, % YoY, YTD, 12M average","China, RGDP, Activity, Tertiary, Wholesale and retail trade, % YoY, YTD, 12M average",None,line
"China, RGDP, Expenditure, Domestic Demand, Final Consumption Expenditure Contribution, %, 12M average","China, RGDP, Expenditure, Domestic Demand, Final Consumption Expenditure Contribution, %, 12M average",,line
"China, RGDP, Expenditure, Domestic Demand, Final Consumption Expenditure Contribution, YTD, %, 12M average","China, RGDP, Expenditure, Domestic Demand, Final Consumption Expenditure Contribution, YTD, %, 12M average",,line
"China, RGDP, Expenditure, Domestic Demand, Final Consumption Expenditure Contribution, YTD, ppts, 12M average","China, RGDP, Expenditure, Domestic Demand, Final Consumption Expenditure Contribution, YTD, ppts, 12M average",,line
"China, RGDP, Expenditure, Domestic Demand, Final Consumption Expenditure, Contribution to % YoY chg, ppts, 12M average","China, RGDP, Expenditure, Domestic Demand, Final Consumption Expenditure, Contribution to % YoY chg, ppts, 12M average",None,bar
"China, RGDP, Expenditure, Domestic Demand, Gross Capital Formation Contribution, %, 12M average","China, RGDP, Expenditure, Domestic Demand, Gross Capital Formation Contribution, %, 12M average",,line
"China, RGDP, Expenditure, Domestic Demand, Gross Capital Formation Contribution, YTD, %, 12M average","China, RGDP, Expenditure, Domestic Demand, Gross Capital Formation Contribution, YTD, %, 12M average",,line
"China, RGDP, Expenditure, Domestic Demand, Gross Capital Formation Contribution, YTD, ppts, 12M average","China, RGDP, Expenditure, Domestic Demand, Gross Capital Formation Contribution, YTD, ppts, 12M average",,line
"China, RGDP, Expenditure, Domestic Demand, Gross Capital Formation, Contribution to % YoY chg, ppts, 12M average","China, RGDP, Expenditure, Domestic Demand, Gross Capital Formation, Contribution to % YoY chg, ppts, 12M average",None,bar
"China, RGDP, Expenditure, Net Exports of Goods and Services Contribution, %, 12M average","China, RGDP, Expenditure, Net Exports of Goods and Services Contribution, %, 12M average",,line
"China, RGDP, Expenditure, Net Exports of Goods and Services Contribution, YTD, %, 12M average","China, RGDP, Expenditure, Net Exports of Goods and Services Contribution, YTD, %, 12M average",,line
"China, RGDP, Expenditure, Net Exports of Goods and Services Contribution, YTD, ppts, 12M average","China, RGDP, Expenditure, Net Exports of Goods and Services Contribution, YTD, ppts, 12M average",,line
"China, RGDP, Expenditure, Net Exports of Goods and Services, Contribution to % YoY chg, ppts, 12M average","China, RGDP, Expenditure, Net Exports of Goods and Services, Contribution to % YoY chg, ppts, 12M average",None,bar
"China, NGDP, Activity, SA, CNY bn, 12M average","China, NGDP, Activity, SA, CNY bn, 12M average",None,line
"China, NGDP, Activity, Secondary, Construction, SA, CNY bn, 12M average","China, NGDP, Activity, Secondary, Construction, SA, CNY bn, 12M average",None,line
"China, NGDP, Activity, Tertiary, Accommodation and food services, SA, CNY bn, 12M average","China, NGDP, Activity, Tertiary, Accommodation and food services, SA, CNY bn, 12M average",None,line
"China, NGDP, Activity, Tertiary, Wholesale and retail trade, SA, CNY bn, 12M average","China, NGDP, Activity, Tertiary, Wholesale and retail trade, SA, CNY bn, 12M average",None,line
"China, NGDP, Activity, Secondary, Industry, Manufacturing, SA, CNY bn, 12M average","China, NGDP, Activity, Secondary, Industry, Manufacturing, SA, CNY bn, 12M average",None,line
"China, NGDP, Activity, Tertiary, Real estate, SA, CNY bn, 12M average","China, NGDP, Activity, Tertiary, Real estate, SA, CNY bn, 12M average",None,line
"China, NGDP, Activity, Tertiary, SA, CNY bn, 12M average","China, NGDP, Activity, Tertiary, SA, CNY bn, 12M average",None,line
"China, NGDP, Activity, Secondary, SA, CNY bn, 12M average","China, NGDP, Activity, Secondary, SA, CNY bn, 12M average",None,line
"China, RGDP, Activity, SA, CNY bn, 12M average","China, RGDP, Activity, SA, CNY bn, 12M average",None,line
"China, RGDP, Activity, Tertiary, SA, CNY bn, 12M average","China, RGDP, Activity, Tertiary, SA, CNY bn, 12M average",None,line
"China, RGDP, Activity, Primary, SA, CNY bn, 12M average","China, RGDP, Activity, Primary, SA, CNY bn, 12M average",None,line
"China, RGDP, Activity, Secondary, SA, CNY bn, 12M average","China, RGDP, Activity, Secondary, SA, CNY bn, 12M average",None,line
"China, Household survey, Average Monthly Income of Rural Migrant Workers, 12M average","China, Household survey, Average Monthly Income of Rural Migrant Workers, 12M average",None,line
"China, Household survey, Average Monthly Income of Rural Migrant Workers, % YoY, 12M average","China, Household survey, Average Monthly Income of Rural Migrant Workers, % YoY, 12M average",None,line
"China, Household survey, Migrant workers, Income, CNY, 12M average","China, Household survey, Migrant workers, Income, CNY, 12M average",None,line
"China, Household survey, Migrant workers, Out of province, m, 12M average","China, Household survey, Migrant workers, Out of province, m, 12M average",None,line
"China, Household survey, Migrant workers, Out of province, m, % YoY, 12M average","China, Household survey, Migrant workers, Out of province, m, % YoY, 12M average",None,line
"China, Household survey, Migrant workers, Within province, m, 12M average","China, Household survey, Migrant workers, Within province, m, 12M average",None,line
"China, Household survey, Migrant workers, Within province, m, % YoY, 12M average","China, Household survey, Migrant workers, Within province, m, % YoY, 12M average",None,line
"China, Household survey, Migrant workers, m, 12M average","China, Household survey, Migrant workers, m, 12M average",,line
"China, Household survey, Migrant workers, m, % YoY, 12M average","China, Household survey, Migrant workers, m, % YoY, 12M average",None,line
"China, Household survey, National, Per capita, Expenditure, Clothing and footwear, YTD, % YoY, 12M average","China, Household survey, National, Per capita, Expenditure, Clothing and footwear, YTD, % YoY, 12M average",None,line
"China, Household survey, National, Per capita, Expenditure, Clothing and footwear, YTD, CNY, 12M average","China, Household survey, National, Per capita, Expenditure, Clothing and footwear, YTD, CNY, 12M average",None,line
"China, Household survey, National, Per capita, Expenditure, Education, culture and recreation, YTD, % YoY, 12M average","China, Household survey, National, Per capita, Expenditure, Education, culture and recreation, YTD, % YoY, 12M average",None,line
"China, Household survey, National, Per capita, Expenditure, Education, culture and recreation, YTD, CNY, 12M average","China, Household survey, National, Per capita, Expenditure, Education, culture and recreation, YTD, CNY, 12M average",None,line
"China, Household survey, National, Per capita, Expenditure, Food and tobacco, YTD, % YoY, 12M average","China, Household survey, National, Per capita, Expenditure, Food and tobacco, YTD, % YoY, 12M average",None,line
"China, Household survey, National, Per capita, Expenditure, Food and tobacco, YTD, CNY, 12M average","China, Household survey, National, Per capita, Expenditure, Food and tobacco, YTD, CNY, 12M average",None,line
"China, Household survey, National, Per capita, Expenditure, Household equipment, furnishings and services, YTD, % YoY, 12M average","China, Household survey, National, Per capita, Expenditure, Household equipment, furnishings and services, YTD, % YoY, 12M average",None,line
"China, Household survey, National, Per capita, Expenditure, Household equipment, furnishings and services, YTD, CNY, 12M average","China, Household survey, National, Per capita, Expenditure, Household equipment, furnishings and services, YTD, CNY, 12M average",None,line
"China, Household survey, National, Per capita, Expenditure, Housing, YTD, % YoY, 12M average","China, Household survey, National, Per capita, Expenditure, Housing, YTD, % YoY, 12M average",None,line
"China, Household survey, National, Per capita, Expenditure, Housing, YTD, CNY, 12M average","China, Household survey, National, Per capita, Expenditure, Housing, YTD, CNY, 12M average",None,line
"China, Household survey, National, Per capita, Expenditure, Medical, YTD, % YoY, 12M average","China, Household survey, National, Per capita, Expenditure, Medical, YTD, % YoY, 12M average",None,line
"China, Household survey, National, Per capita, Expenditure, Medical, YTD, CNY, 12M average","China, Household survey, National, Per capita, Expenditure, Medical, YTD, CNY, 12M average",None,line
"China, Household survey, National, Per capita, Expenditure, Miscellaneous, YTD, % YoY, 12M average","China, Household survey, National, Per capita, Expenditure, Miscellaneous, YTD, % YoY, 12M average",None,line
"China, Household survey, National, Per capita, Expenditure, Miscellaneous, YTD, CNY, 12M average","China, Household survey, National, Per capita, Expenditure, Miscellaneous, YTD, CNY, 12M average",None,line
"China, Household survey, National, Per capita, Expenditure, Transport and communication, YTD, % YoY, 12M average","China, Household survey, National, Per capita, Expenditure, Transport and communication, YTD, % YoY, 12M average",None,line
"China, Household survey, National, Per capita, Expenditure, Transport and communication, YTD, CNY, 12M average","China, Household survey, National, Per capita, Expenditure, Transport and communication, YTD, CNY, 12M average",None,line
"China, Household survey, National, Per capita, Expenditure, YTD, % YoY, 12M average","China, Household survey, National, Per capita, Expenditure, YTD, % YoY, 12M average",None,line
"China, Household survey, National, Per capita, Expenditure, YTD, CNY, 12M average","China, Household survey, National, Per capita, Expenditure, YTD, CNY, 12M average",None,line
"China, Household survey, National, Per capita, Income, Business, YTD, % YoY, 12M average","China, Household survey, National, Per capita, Income, Business, YTD, % YoY, 12M average",None,line
"China, Household survey, National, Per capita, Income, Business, YTD, CNY, 12M average","China, Household survey, National, Per capita, Income, Business, YTD, CNY, 12M average",None,line
"China, Household survey, National, Per capita, Income, Disposable, Median, YTD, % YoY, 12M average","China, Household survey, National, Per capita, Income, Disposable, Median, YTD, % YoY, 12M average",None,line
"China, Household survey, National, Per capita, Income, Disposable, Median, YTD, CNY, 12M average","China, Household survey, National, Per capita, Income, Disposable, Median, YTD, CNY, 12M average",None,line
"China, Household survey, National, Per capita, Income, Disposable, YTD, % YoY, 12M average","China, Household survey, National, Per capita, Income, Disposable, YTD, % YoY, 12M average",None,line
"China, Household survey, National, Per capita, Income, Disposable, YTD, CNY, 12M average","China, Household survey, National, Per capita, Income, Disposable, YTD, CNY, 12M average",None,line
"China, Household survey, National, Per capita, Income, Property, YTD, % YoY, 12M average","China, Household survey, National, Per capita, Income, Property, YTD, % YoY, 12M average",None,line
"China, Household survey, National, Per capita, Income, Property, YTD, CNY, 12M average","China, Household survey, National, Per capita, Income, Property, YTD, CNY, 12M average",None,line
"China, Household survey, National, Per capita, Income, Transfer, YTD, % YoY, 12M average","China, Household survey, National, Per capita, Income, Transfer, YTD, % YoY, 12M average",None,line
"China, Household survey, National, Per capita, Income, Transfer, YTD, CNY, 12M average","China, Household survey, National, Per capita, Income, Transfer, YTD, CNY, 12M average",None,line
"China, Household survey, National, Per capita, Income, Wages, YTD, % YoY, 12M average","China, Household survey, National, Per capita, Income, Wages, YTD, % YoY, 12M average",None,line
"China, Household survey, National, Per capita, Income, Wages, YTD, CNY, 12M average","China, Household survey, National, Per capita, Income, Wages, YTD, CNY, 12M average",None,line
"China, Household survey, Regional, Rural, Provincial, Per capita, Expenditure, Anhui, CNY, YTD, 12M average","China, Household survey, Regional, Rural, Provincial, Per capita, Expenditure, Anhui, CNY, YTD, 12M average",None,line
"China, Household survey, Regional, Rural, Provincial, Per capita, Expenditure, Beijing, CNY, YTD, 12M average","China, Household survey, Regional, Rural, Provincial, Per capita, Expenditure, Beijing, CNY, YTD, 12M average",None,line
"China, Household survey, Regional, Rural, Provincial, Per capita, Expenditure, Chongqing, CNY, YTD, 12M average","China, Household survey, Regional, Rural, Provincial, Per capita, Expenditure, Chongqing, CNY, YTD, 12M average",None,line
"China, Household survey, Regional, Rural, Provincial, Per capita, Expenditure, Fujian, CNY, YTD, 12M average","China, Household survey, Regional, Rural, Provincial, Per capita, Expenditure, Fujian, CNY, YTD, 12M average",None,line
"China, Household survey, Regional, Rural, Provincial, Per capita, Expenditure, Gansu, CNY, YTD, 12M average","China, Household survey, Regional, Rural, Provincial, Per capita, Expenditure, Gansu, CNY, YTD, 12M average",None,line
"China, Household survey, Regional, Rural, Provincial, Per capita, Expenditure, Guangdong, CNY, YTD, 12M average","China, Household survey, Regional, Rural, Provincial, Per capita, Expenditure, Guangdong, CNY, YTD, 12M average",None,line
"China, Household survey, Regional, Rural, Provincial, Per capita, Expenditure, Guangxi, CNY, YTD, 12M average","China, Household survey, Regional, Rural, Provincial, Per capita, Expenditure, Guangxi, CNY, YTD, 12M average",None,line
"China, Household survey, Regional, Rural, Provincial, Per capita, Expenditure, Guizhou, CNY, YTD, 12M average","China, Household survey, Regional, Rural, Provincial, Per capita, Expenditure, Guizhou, CNY, YTD, 12M average",None,line
"China, Household survey, Regional, Rural, Provincial, Per capita, Expenditure, Hainan, CNY, YTD, 12M average","China, Household survey, Regional, Rural, Provincial, Per capita, Expenditure, Hainan, CNY, YTD, 12M average",None,line
"China, Household survey, Regional, Rural, Provincial, Per capita, Expenditure, Hebei, CNY, YTD, 12M average","China, Household survey, Regional, Rural, Provincial, Per capita, Expenditure, Hebei, CNY, YTD, 12M average",None,line
"China, Household survey, Regional, Rural, Provincial, Per capita, Expenditure, Heilongjiang, CNY, YTD, 12M average","China, Household survey, Regional, Rural, Provincial, Per capita, Expenditure, Heilongjiang, CNY, YTD, 12M average",None,line
"China, Household survey, Regional, Rural, Provincial, Per capita, Expenditure, Henan, CNY, YTD, 12M average","China, Household survey, Regional, Rural, Provincial, Per capita, Expenditure, Henan, CNY, YTD, 12M average",None,line
"China, Household survey, Regional, Rural, Provincial, Per capita, Expenditure, Hubei, CNY, YTD, 12M average","China, Household survey, Regional, Rural, Provincial, Per capita, Expenditure, Hubei, CNY, YTD, 12M average",None,line
"China, Household survey, Regional, Rural, Provincial, Per capita, Expenditure, Hunan, CNY, YTD, 12M average","China, Household survey, Regional, Rural, Provincial, Per capita, Expenditure, Hunan, CNY, YTD, 12M average",None,line
"China, Household survey, Regional, Rural, Provincial, Per capita, Expenditure, Inner Mongolia, CNY, YTD, 12M average","China, Household survey, Regional, Rural, Provincial, Per capita, Expenditure, Inner Mongolia, CNY, YTD, 12M average",None,line
"China, Household survey, Regional, Rural, Provincial, Per capita, Expenditure, Jiangsu, CNY, YTD, 12M average","China, Household survey, Regional, Rural, Provincial, Per capita, Expenditure, Jiangsu, CNY, YTD, 12M average",None,line
"China, Household survey, Regional, Rural, Provincial, Per capita, Expenditure, Jiangxi, CNY, YTD, 12M average","China, Household survey, Regional, Rural, Provincial, Per capita, Expenditure, Jiangxi, CNY, YTD, 12M average",None,line
"China, Household survey, Regional, Rural, Provincial, Per capita, Expenditure, Jilin, CNY, YTD, 12M average","China, Household survey, Regional, Rural, Provincial, Per capita, Expenditure, Jilin, CNY, YTD, 12M average",None,line
"China, Household survey, Regional, Rural, Provincial, Per capita, Expenditure, Liaoning, CNY, YTD, 12M average","China, Household survey, Regional, Rural, Provincial, Per capita, Expenditure, Liaoning, CNY, YTD, 12M average",None,line
"China, Household survey, Regional, Rural, Provincial, Per capita, Expenditure, Ningxia, CNY, YTD, 12M average","China, Household survey, Regional, Rural, Provincial, Per capita, Expenditure, Ningxia, CNY, YTD, 12M average",None,line
"China, Household survey, Regional, Rural, Provincial, Per capita, Expenditure, Qinghai, CNY, YTD, 12M average","China, Household survey, Regional, Rural, Provincial, Per capita, Expenditure, Qinghai, CNY, YTD, 12M average",None,line
"China, Household survey, Regional, Rural, Provincial, Per capita, Expenditure, Shaanxi, CNY, YTD, 12M average","China, Household survey, Regional, Rural, Provincial, Per capita, Expenditure, Shaanxi, CNY, YTD, 12M average",None,line
"China, Household survey, Regional, Rural, Provincial, Per capita, Expenditure, Shandong, CNY, YTD, 12M average","China, Household survey, Regional, Rural, Provincial, Per capita, Expenditure, Shandong, CNY, YTD, 12M average",None,line
"China, Household survey, Regional, Rural, Provincial, Per capita, Expenditure, Shanghai, CNY, YTD, 12M average","China, Household survey, Regional, Rural, Provincial, Per capita, Expenditure, Shanghai, CNY, YTD, 12M average",None,line
"China, Household survey, Regional, Rural, Provincial, Per capita, Expenditure, Shanxi, CNY, YTD, 12M average","China, Household survey, Regional, Rural, Provincial, Per capita, Expenditure, Shanxi, CNY, YTD, 12M average",None,line
"China, Household survey, Regional, Rural, Provincial, Per capita, Expenditure, Sichuan, CNY, YTD, 12M average","China, Household survey, Regional, Rural, Provincial, Per capita, Expenditure, Sichuan, CNY, YTD, 12M average",None,line
"China, Household survey, Regional, Rural, Provincial, Per capita, Expenditure, Tianjin, CNY, YTD, 12M average","China, Household survey, Regional, Rural, Provincial, Per capita, Expenditure, Tianjin, CNY, YTD, 12M average",None,line
"China, Household survey, Regional, Rural, Provincial, Per capita, Expenditure, Tibet, CNY, YTD, 12M average","China, Household survey, Regional, Rural, Provincial, Per capita, Expenditure, Tibet, CNY, YTD, 12M average",None,line
"China, Household survey, Regional, Rural, Provincial, Per capita, Expenditure, Xinjiang, CNY, YTD, 12M average","China, Household survey, Regional, Rural, Provincial, Per capita, Expenditure, Xinjiang, CNY, YTD, 12M average",None,line
"China, Household survey, Regional, Rural, Provincial, Per capita, Expenditure, Yunnan, CNY, YTD, 12M average","China, Household survey, Regional, Rural, Provincial, Per capita, Expenditure, Yunnan, CNY, YTD, 12M average",None,line
"China, Household survey, Regional, Rural, Provincial, Per capita, Expenditure, Zhejiang, CNY, YTD, 12M average","China, Household survey, Regional, Rural, Provincial, Per capita, Expenditure, Zhejiang, CNY, YTD, 12M average",None,line
"China, Household survey, Regional, Rural, Provincial, Per capita, Income, Disposable, Anhui, CNY, YTD, 12M average","China, Household survey, Regional, Rural, Provincial, Per capita, Income, Disposable, Anhui, CNY, YTD, 12M average",None,line
"China, Household survey, Regional, Rural, Provincial, Per capita, Income, Disposable, Beijing, CNY, YTD, 12M average","China, Household survey, Regional, Rural, Provincial, Per capita, Income, Disposable, Beijing, CNY, YTD, 12M average",None,line
"China, Household survey, Regional, Rural, Provincial, Per capita, Income, Disposable, Chongqing, CNY, YTD, 12M average","China, Household survey, Regional, Rural, Provincial, Per capita, Income, Disposable, Chongqing, CNY, YTD, 12M average",None,line
"China, Household survey, Regional, Rural, Provincial, Per capita, Income, Disposable, Fujian, CNY, YTD, 12M average","China, Household survey, Regional, Rural, Provincial, Per capita, Income, Disposable, Fujian, CNY, YTD, 12M average",None,line
"China, Household survey, Regional, Rural, Provincial, Per capita, Income, Disposable, Gansu, CNY, YTD, 12M average","China, Household survey, Regional, Rural, Provincial, Per capita, Income, Disposable, Gansu, CNY, YTD, 12M average",None,line
"China, Household survey, Regional, Rural, Provincial, Per capita, Income, Disposable, Guangdong, CNY, YTD, 12M average","China, Household survey, Regional, Rural, Provincial, Per capita, Income, Disposable, Guangdong, CNY, YTD, 12M average",None,line
"China, Household survey, Regional, Rural, Provincial, Per capita, Income, Disposable, Guangxi, CNY, YTD, 12M average","China, Household survey, Regional, Rural, Provincial, Per capita, Income, Disposable, Guangxi, CNY, YTD, 12M average",None,line
"China, Household survey, Regional, Rural, Provincial, Per capita, Income, Disposable, Guizhou, CNY, YTD, 12M average","China, Household survey, Regional, Rural, Provincial, Per capita, Income, Disposable, Guizhou, CNY, YTD, 12M average",None,line
"China, Household survey, Regional, Rural, Provincial, Per capita, Income, Disposable, Hainan, CNY, YTD, 12M average","China, Household survey, Regional, Rural, Provincial, Per capita, Income, Disposable, Hainan, CNY, YTD, 12M average",None,line
"China, Household survey, Regional, Rural, Provincial, Per capita, Income, Disposable, Hebei, CNY, YTD, 12M average","China, Household survey, Regional, Rural, Provincial, Per capita, Income, Disposable, Hebei, CNY, YTD, 12M average",None,line
"China, Household survey, Regional, Rural, Provincial, Per capita, Income, Disposable, Heilongjiang, CNY, YTD, 12M average","China, Household survey, Regional, Rural, Provincial, Per capita, Income, Disposable, Heilongjiang, CNY, YTD, 12M average",None,line
"China, Household survey, Regional, Rural, Provincial, Per capita, Income, Disposable, Henan, CNY, YTD, 12M average","China, Household survey, Regional, Rural, Provincial, Per capita, Income, Disposable, Henan, CNY, YTD, 12M average",None,line
"China, Household survey, Regional, Rural, Provincial, Per capita, Income, Disposable, Hubei, CNY, YTD, 12M average","China, Household survey, Regional, Rural, Provincial, Per capita, Income, Disposable, Hubei, CNY, YTD, 12M average",None,line
"China, Household survey, Regional, Rural, Provincial, Per capita, Income, Disposable, Hunan, CNY, YTD, 12M average","China, Household survey, Regional, Rural, Provincial, Per capita, Income, Disposable, Hunan, CNY, YTD, 12M average",None,line
"China, Household survey, Regional, Rural, Provincial, Per capita, Income, Disposable, Inner Mongolia, CNY, YTD, 12M average","China, Household survey, Regional, Rural, Provincial, Per capita, Income, Disposable, Inner Mongolia, CNY, YTD, 12M average",None,line
"China, Household survey, Regional, Rural, Provincial, Per capita, Income, Disposable, Jiangsu, CNY, YTD, 12M average","China, Household survey, Regional, Rural, Provincial, Per capita, Income, Disposable, Jiangsu, CNY, YTD, 12M average",None,line
"China, Household survey, Regional, Rural, Provincial, Per capita, Income, Disposable, Jiangxi, CNY, YTD, 12M average","China, Household survey, Regional, Rural, Provincial, Per capita, Income, Disposable, Jiangxi, CNY, YTD, 12M average",None,line
"China, Household survey, Regional, Rural, Provincial, Per capita, Income, Disposable, Jilin, CNY, YTD, 12M average","China, Household survey, Regional, Rural, Provincial, Per capita, Income, Disposable, Jilin, CNY, YTD, 12M average",None,line
"China, Household survey, Regional, Rural, Provincial, Per capita, Income, Disposable, Liaoning, CNY, YTD, 12M average","China, Household survey, Regional, Rural, Provincial, Per capita, Income, Disposable, Liaoning, CNY, YTD, 12M average",None,line
"China, Household survey, Regional, Rural, Provincial, Per capita, Income, Disposable, Ningxia, CNY, YTD, 12M average","China, Household survey, Regional, Rural, Provincial, Per capita, Income, Disposable, Ningxia, CNY, YTD, 12M average",None,line
"China, Household survey, Regional, Rural, Provincial, Per capita, Income, Disposable, Qinghai, CNY, YTD, 12M average","China, Household survey, Regional, Rural, Provincial, Per capita, Income, Disposable, Qinghai, CNY, YTD, 12M average",None,line
"China, Household survey, Regional, Rural, Provincial, Per capita, Income, Disposable, Shaanxi, CNY, YTD, 12M average","China, Household survey, Regional, Rural, Provincial, Per capita, Income, Disposable, Shaanxi, CNY, YTD, 12M average",None,line
"China, Household survey, Regional, Rural, Provincial, Per capita, Income, Disposable, Shandong, CNY, YTD, 12M average","China, Household survey, Regional, Rural, Provincial, Per capita, Income, Disposable, Shandong, CNY, YTD, 12M average",None,line
"China, Household survey, Regional, Rural, Provincial, Per capita, Income, Disposable, Shanghai, CNY, YTD, 12M average","China, Household survey, Regional, Rural, Provincial, Per capita, Income, Disposable, Shanghai, CNY, YTD, 12M average",None,line
"China, Household survey, Regional, Rural, Provincial, Per capita, Income, Disposable, Shanxi, CNY, YTD, 12M average","China, Household survey, Regional, Rural, Provincial, Per capita, Income, Disposable, Shanxi, CNY, YTD, 12M average",None,line
"China, Household survey, Regional, Rural, Provincial, Per capita, Income, Disposable, Sichuan, CNY, YTD, 12M average","China, Household survey, Regional, Rural, Provincial, Per capita, Income, Disposable, Sichuan, CNY, YTD, 12M average",None,line
"China, Household survey, Regional, Rural, Provincial, Per capita, Income, Disposable, Tianjin, CNY, YTD, 12M average","China, Household survey, Regional, Rural, Provincial, Per capita, Income, Disposable, Tianjin, CNY, YTD, 12M average",None,line
"China, Household survey, Regional, Rural, Provincial, Per capita, Income, Disposable, Tibet, CNY, YTD, 12M average","China, Household survey, Regional, Rural, Provincial, Per capita, Income, Disposable, Tibet, CNY, YTD, 12M average",None,line
"China, Household survey, Regional, Rural, Provincial, Per capita, Income, Disposable, Xinjiang, CNY, YTD, 12M average","China, Household survey, Regional, Rural, Provincial, Per capita, Income, Disposable, Xinjiang, CNY, YTD, 12M average",None,line
"China, Household survey, Regional, Rural, Provincial, Per capita, Income, Disposable, Yunnan, CNY, YTD, 12M average","China, Household survey, Regional, Rural, Provincial, Per capita, Income, Disposable, Yunnan, CNY, YTD, 12M average",None,line
"China, Household survey, Regional, Rural, Provincial, Per capita, Income, Disposable, Zhejiang, CNY, YTD, 12M average","China, Household survey, Regional, Rural, Provincial, Per capita, Income, Disposable, Zhejiang, CNY, YTD, 12M average",None,line
"China, Household survey, Regional, Urban, Provincial, Per capita, Expenditure, Anhui, CNY, YTD, 12M average","China, Household survey, Regional, Urban, Provincial, Per capita, Expenditure, Anhui, CNY, YTD, 12M average",None,line
"China, Household survey, Regional, Urban, Provincial, Per capita, Expenditure, Beijing, CNY, YTD, 12M average","China, Household survey, Regional, Urban, Provincial, Per capita, Expenditure, Beijing, CNY, YTD, 12M average",None,line
"China, Household survey, Regional, Urban, Provincial, Per capita, Expenditure, Chongqing, CNY, YTD, 12M average","China, Household survey, Regional, Urban, Provincial, Per capita, Expenditure, Chongqing, CNY, YTD, 12M average",None,line
"China, Household survey, Regional, Urban, Provincial, Per capita, Expenditure, Fujian, CNY, YTD, 12M average","China, Household survey, Regional, Urban, Provincial, Per capita, Expenditure, Fujian, CNY, YTD, 12M average",None,line
"China, Household survey, Regional, Urban, Provincial, Per capita, Expenditure, Gansu, CNY, YTD, 12M average","China, Household survey, Regional, Urban, Provincial, Per capita, Expenditure, Gansu, CNY, YTD, 12M average",None,line
"China, Household survey, Regional, Urban, Provincial, Per capita, Expenditure, Guangdong, CNY, YTD, 12M average","China, Household survey, Regional, Urban, Provincial, Per capita, Expenditure, Guangdong, CNY, YTD, 12M average",None,line
"China, Household survey, Regional, Urban, Provincial, Per capita, Expenditure, Guangxi, CNY, YTD, 12M average","China, Household survey, Regional, Urban, Provincial, Per capita, Expenditure, Guangxi, CNY, YTD, 12M average",None,line
"China, Household survey, Regional, Urban, Provincial, Per capita, Expenditure, Guizhou, CNY, YTD, 12M average","China, Household survey, Regional, Urban, Provincial, Per capita, Expenditure, Guizhou, CNY, YTD, 12M average",None,line
"China, Household survey, Regional, Urban, Provincial, Per capita, Expenditure, Hainan, CNY, YTD, 12M average","China, Household survey, Regional, Urban, Provincial, Per capita, Expenditure, Hainan, CNY, YTD, 12M average",None,line
"China, Household survey, Regional, Urban, Provincial, Per capita, Expenditure, Hebei, CNY, YTD, 12M average","China, Household survey, Regional, Urban, Provincial, Per capita, Expenditure, Hebei, CNY, YTD, 12M average",None,line
"China, Household survey, Regional, Urban, Provincial, Per capita, Expenditure, Heilongjiang, CNY, YTD, 12M average","China, Household survey, Regional, Urban, Provincial, Per capita, Expenditure, Heilongjiang, CNY, YTD, 12M average",None,line
"China, Household survey, Regional, Urban, Provincial, Per capita, Expenditure, Henan, CNY, YTD, 12M average","China, Household survey, Regional, Urban, Provincial, Per capita, Expenditure, Henan, CNY, YTD, 12M average",None,line
"China, Household survey, Regional, Urban, Provincial, Per capita, Expenditure, Hubei, CNY, YTD, 12M average","China, Household survey, Regional, Urban, Provincial, Per capita, Expenditure, Hubei, CNY, YTD, 12M average",None,line
"China, Household survey, Regional, Urban, Provincial, Per capita, Expenditure, Hunan, CNY, YTD, 12M average","China, Household survey, Regional, Urban, Provincial, Per capita, Expenditure, Hunan, CNY, YTD, 12M average",None,line
"China, Household survey, Regional, Urban, Provincial, Per capita, Expenditure, Inner Mongolia, CNY, YTD, 12M average","China, Household survey, Regional, Urban, Provincial, Per capita, Expenditure, Inner Mongolia, CNY, YTD, 12M average",None,line
"China, Household survey, Regional, Urban, Provincial, Per capita, Expenditure, Jiangsu, CNY, YTD, 12M average","China, Household survey, Regional, Urban, Provincial, Per capita, Expenditure, Jiangsu, CNY, YTD, 12M average",None,line
"China, Household survey, Regional, Urban, Provincial, Per capita, Expenditure, Jiangxi, CNY, YTD, 12M average","China, Household survey, Regional, Urban, Provincial, Per capita, Expenditure, Jiangxi, CNY, YTD, 12M average",None,line
"China, Household survey, Regional, Urban, Provincial, Per capita, Expenditure, Jilin, CNY, YTD, 12M average","China, Household survey, Regional, Urban, Provincial, Per capita, Expenditure, Jilin, CNY, YTD, 12M average",None,line
"China, Household survey, Regional, Urban, Provincial, Per capita, Expenditure, Liaoning, CNY, YTD, 12M average","China, Household survey, Regional, Urban, Provincial, Per capita, Expenditure, Liaoning, CNY, YTD, 12M average",None,line
"China, Household survey, Regional, Urban, Provincial, Per capita, Expenditure, Ningxia, CNY, YTD, 12M average","China, Household survey, Regional, Urban, Provincial, Per capita, Expenditure, Ningxia, CNY, YTD, 12M average",None,line
"China, Household survey, Regional, Urban, Provincial, Per capita, Expenditure, Qinghai, CNY, YTD, 12M average","China, Household survey, Regional, Urban, Provincial, Per capita, Expenditure, Qinghai, CNY, YTD, 12M average",None,line
"China, Household survey, Regional, Urban, Provincial, Per capita, Expenditure, Shaanxi, CNY, YTD, 12M average","China, Household survey, Regional, Urban, Provincial, Per capita, Expenditure, Shaanxi, CNY, YTD, 12M average",None,line
"China, Household survey, Regional, Urban, Provincial, Per capita, Expenditure, Shandong, CNY, YTD, 12M average","China, Household survey, Regional, Urban, Provincial, Per capita, Expenditure, Shandong, CNY, YTD, 12M average",None,line
"China, Household survey, Regional, Urban, Provincial, Per capita, Expenditure, Shanghai, CNY, YTD, 12M average","China, Household survey, Regional, Urban, Provincial, Per capita, Expenditure, Shanghai, CNY, YTD, 12M average",None,line
"China, Household survey, Regional, Urban, Provincial, Per capita, Expenditure, Shanxi, CNY, YTD, 12M average","China, Household survey, Regional, Urban, Provincial, Per capita, Expenditure, Shanxi, CNY, YTD, 12M average",None,line
"China, Household survey, Regional, Urban, Provincial, Per capita, Expenditure, Sichuan, CNY, YTD, 12M average","China, Household survey, Regional, Urban, Provincial, Per capita, Expenditure, Sichuan, CNY, YTD, 12M average",None,line
"China, Household survey, Regional, Urban, Provincial, Per capita, Expenditure, Tianjin, CNY, YTD, 12M average","China, Household survey, Regional, Urban, Provincial, Per capita, Expenditure, Tianjin, CNY, YTD, 12M average",None,line
"China, Household survey, Regional, Urban, Provincial, Per capita, Expenditure, Tibet, CNY, YTD, 12M average","China, Household survey, Regional, Urban, Provincial, Per capita, Expenditure, Tibet, CNY, YTD, 12M average",None,line
"China, Household survey, Regional, Urban, Provincial, Per capita, Expenditure, Xinjiang, CNY, YTD, 12M average","China, Household survey, Regional, Urban, Provincial, Per capita, Expenditure, Xinjiang, CNY, YTD, 12M average",None,line
"China, Household survey, Regional, Urban, Provincial, Per capita, Expenditure, Yunnan, CNY, YTD, 12M average","China, Household survey, Regional, Urban, Provincial, Per capita, Expenditure, Yunnan, CNY, YTD, 12M average",None,line
"China, Household survey, Regional, Urban, Provincial, Per capita, Expenditure, Zhejiang, CNY, YTD, 12M average","China, Household survey, Regional, Urban, Provincial, Per capita, Expenditure, Zhejiang, CNY, YTD, 12M average",None,line
"China, Household survey, Regional, Urban, Provincial, Per capita, Income, Disposable, Anhui, CNY, YTD, 12M average","China, Household survey, Regional, Urban, Provincial, Per capita, Income, Disposable, Anhui, CNY, YTD, 12M average",None,line
"China, Household survey, Regional, Urban, Provincial, Per capita, Income, Disposable, Beijing, CNY, YTD, 12M average","China, Household survey, Regional, Urban, Provincial, Per capita, Income, Disposable, Beijing, CNY, YTD, 12M average",None,line
"China, Household survey, Regional, Urban, Provincial, Per capita, Income, Disposable, Chongqing, CNY, YTD, 12M average","China, Household survey, Regional, Urban, Provincial, Per capita, Income, Disposable, Chongqing, CNY, YTD, 12M average",None,line
"China, Household survey, Regional, Urban, Provincial, Per capita, Income, Disposable, Fujian, CNY, YTD, 12M average","China, Household survey, Regional, Urban, Provincial, Per capita, Income, Disposable, Fujian, CNY, YTD, 12M average",None,line
"China, Household survey, Regional, Urban, Provincial, Per capita, Income, Disposable, Gansu, CNY, YTD, 12M average","China, Household survey, Regional, Urban, Provincial, Per capita, Income, Disposable, Gansu, CNY, YTD, 12M average",None,line
"China, Household survey, Regional, Urban, Provincial, Per capita, Income, Disposable, Guangdong, CNY, YTD, 12M average","China, Household survey, Regional, Urban, Provincial, Per capita, Income, Disposable, Guangdong, CNY, YTD, 12M average",None,line
"China, Household survey, Regional, Urban, Provincial, Per capita, Income, Disposable, Guangxi, CNY, YTD, 12M average","China, Household survey, Regional, Urban, Provincial, Per capita, Income, Disposable, Guangxi, CNY, YTD, 12M average",None,line
"China, Household survey, Regional, Urban, Provincial, Per capita, Income, Disposable, Guizhou, CNY, YTD, 12M average","China, Household survey, Regional, Urban, Provincial, Per capita, Income, Disposable, Guizhou, CNY, YTD, 12M average",None,line
"China, Household survey, Regional, Urban, Provincial, Per capita, Income, Disposable, Hainan, CNY, YTD, 12M average","China, Household survey, Regional, Urban, Provincial, Per capita, Income, Disposable, Hainan, CNY, YTD, 12M average",None,line
"China, Household survey, Regional, Urban, Provincial, Per capita, Income, Disposable, Hebei, CNY, YTD, 12M average","China, Household survey, Regional, Urban, Provincial, Per capita, Income, Disposable, Hebei, CNY, YTD, 12M average",None,line
"China, Household survey, Regional, Urban, Provincial, Per capita, Income, Disposable, Heilongjiang, CNY, YTD, 12M average","China, Household survey, Regional, Urban, Provincial, Per capita, Income, Disposable, Heilongjiang, CNY, YTD, 12M average",None,line
"China, Household survey, Regional, Urban, Provincial, Per capita, Income, Disposable, Henan, CNY, YTD, 12M average","China, Household survey, Regional, Urban, Provincial, Per capita, Income, Disposable, Henan, CNY, YTD, 12M average",None,line
"China, Household survey, Regional, Urban, Provincial, Per capita, Income, Disposable, Hubei, CNY, YTD, 12M average","China, Household survey, Regional, Urban, Provincial, Per capita, Income, Disposable, Hubei, CNY, YTD, 12M average",None,line
"China, Household survey, Regional, Urban, Provincial, Per capita, Income, Disposable, Hunan, CNY, YTD, 12M average","China, Household survey, Regional, Urban, Provincial, Per capita, Income, Disposable, Hunan, CNY, YTD, 12M average",None,line
"China, Household survey, Regional, Urban, Provincial, Per capita, Income, Disposable, Inner Mongolia, CNY, YTD, 12M average","China, Household survey, Regional, Urban, Provincial, Per capita, Income, Disposable, Inner Mongolia, CNY, YTD, 12M average",None,line
"China, Household survey, Regional, Urban, Provincial, Per capita, Income, Disposable, Jiangsu, CNY, YTD, 12M average","China, Household survey, Regional, Urban, Provincial, Per capita, Income, Disposable, Jiangsu, CNY, YTD, 12M average",None,line
"China, Household survey, Regional, Urban, Provincial, Per capita, Income, Disposable, Jiangxi, CNY, YTD, 12M average","China, Household survey, Regional, Urban, Provincial, Per capita, Income, Disposable, Jiangxi, CNY, YTD, 12M average",None,line
"China, Household survey, Regional, Urban, Provincial, Per capita, Income, Disposable, Jilin, CNY, YTD, 12M average","China, Household survey, Regional, Urban, Provincial, Per capita, Income, Disposable, Jilin, CNY, YTD, 12M average",None,line
"China, Household survey, Regional, Urban, Provincial, Per capita, Income, Disposable, Liaoning, CNY, YTD, 12M average","China, Household survey, Regional, Urban, Provincial, Per capita, Income, Disposable, Liaoning, CNY, YTD, 12M average",None,line
"China, Household survey, Regional, Urban, Provincial, Per capita, Income, Disposable, Ningxia, CNY, YTD, 12M average","China, Household survey, Regional, Urban, Provincial, Per capita, Income, Disposable, Ningxia, CNY, YTD, 12M average",None,line
"China, Household survey, Regional, Urban, Provincial, Per capita, Income, Disposable, Qinghai, CNY, YTD, 12M average","China, Household survey, Regional, Urban, Provincial, Per capita, Income, Disposable, Qinghai, CNY, YTD, 12M average",None,line
"China, Household survey, Regional, Urban, Provincial, Per capita, Income, Disposable, Shaanxi, CNY, YTD, 12M average","China, Household survey, Regional, Urban, Provincial, Per capita, Income, Disposable, Shaanxi, CNY, YTD, 12M average",None,line
"China, Household survey, Regional, Urban, Provincial, Per capita, Income, Disposable, Shandong, CNY, YTD, 12M average","China, Household survey, Regional, Urban, Provincial, Per capita, Income, Disposable, Shandong, CNY, YTD, 12M average",None,line
"China, Household survey, Regional, Urban, Provincial, Per capita, Income, Disposable, Shanghai, CNY, YTD, 12M average","China, Household survey, Regional, Urban, Provincial, Per capita, Income, Disposable, Shanghai, CNY, YTD, 12M average",None,line
"China, Household survey, Regional, Urban, Provincial, Per capita, Income, Disposable, Shanxi, CNY, YTD, 12M average","China, Household survey, Regional, Urban, Provincial, Per capita, Income, Disposable, Shanxi, CNY, YTD, 12M average",None,line
"China, Household survey, Regional, Urban, Provincial, Per capita, Income, Disposable, Sichuan, CNY, YTD, 12M average","China, Household survey, Regional, Urban, Provincial, Per capita, Income, Disposable, Sichuan, CNY, YTD, 12M average",None,line
"China, Household survey, Regional, Urban, Provincial, Per capita, Income, Disposable, Tianjin, CNY, YTD, 12M average","China, Household survey, Regional, Urban, Provincial, Per capita, Income, Disposable, Tianjin, CNY, YTD, 12M average",None,line
"China, Household survey, Regional, Urban, Provincial, Per capita, Income, Disposable, Tibet, CNY, YTD, 12M average","China, Household survey, Regional, Urban, Provincial, Per capita, Income, Disposable, Tibet, CNY, YTD, 12M average",None,line
"China, Household survey, Regional, Urban, Provincial, Per capita, Income, Disposable, Xinjiang, CNY, YTD, 12M average","China, Household survey, Regional, Urban, Provincial, Per capita, Income, Disposable, Xinjiang, CNY, YTD, 12M average",None,line
"China, Household survey, Regional, Urban, Provincial, Per capita, Income, Disposable, Yunnan, CNY, YTD, 12M average","China, Household survey, Regional, Urban, Provincial, Per capita, Income, Disposable, Yunnan, CNY, YTD, 12M average",None,line
"China, Household survey, Regional, Urban, Provincial, Per capita, Income, Disposable, Zhejiang, CNY, YTD, 12M average","China, Household survey, Regional, Urban, Provincial, Per capita, Income, Disposable, Zhejiang, CNY, YTD, 12M average",None,line
"China, Household survey, Rural, Per capita, Expenditure, Clothing and footwear, YTD, % YoY, 12M average","China, Household survey, Rural, Per capita, Expenditure, Clothing and footwear, YTD, % YoY, 12M average",None,line
"China, Household survey, Rural, Per capita, Expenditure, Clothing and footwear, YTD, CNY, 12M average","China, Household survey, Rural, Per capita, Expenditure, Clothing and footwear, YTD, CNY, 12M average",None,line
"China, Household survey, Rural, Per capita, Expenditure, Education, culture and recreation, YTD, % YoY, 12M average","China, Household survey, Rural, Per capita, Expenditure, Education, culture and recreation, YTD, % YoY, 12M average",None,line
"China, Household survey, Rural, Per capita, Expenditure, Education, culture and recreation, YTD, CNY, 12M average","China, Household survey, Rural, Per capita, Expenditure, Education, culture and recreation, YTD, CNY, 12M average",None,line
"China, Household survey, Rural, Per capita, Expenditure, Food and tobacco, YTD, % YoY, 12M average","China, Household survey, Rural, Per capita, Expenditure, Food and tobacco, YTD, % YoY, 12M average",None,line
"China, Household survey, Rural, Per capita, Expenditure, Food and tobacco, YTD, CNY, 12M average","China, Household survey, Rural, Per capita, Expenditure, Food and tobacco, YTD, CNY, 12M average",None,line
"China, Household survey, Rural, Per capita, Expenditure, Household equipment, furnishings and services, YTD, % YoY, 12M average","China, Household survey, Rural, Per capita, Expenditure, Household equipment, furnishings and services, YTD, % YoY, 12M average",None,line
"China, Household survey, Rural, Per capita, Expenditure, Household equipment, furnishings and services, YTD, CNY, 12M average","China, Household survey, Rural, Per capita, Expenditure, Household equipment, furnishings and services, YTD, CNY, 12M average",None,line
"China, Household survey, Rural, Per capita, Expenditure, Housing, YTD, % YoY, 12M average","China, Household survey, Rural, Per capita, Expenditure, Housing, YTD, % YoY, 12M average",None,line
"China, Household survey, Rural, Per capita, Expenditure, Housing, YTD, CNY, 12M average","China, Household survey, Rural, Per capita, Expenditure, Housing, YTD, CNY, 12M average",None,line
"China, Household survey, Rural, Per capita, Expenditure, Medical, YTD, % YoY, 12M average","China, Household survey, Rural, Per capita, Expenditure, Medical, YTD, % YoY, 12M average",None,line
"China, Household survey, Rural, Per capita, Expenditure, Medical, YTD, CNY, 12M average","China, Household survey, Rural, Per capita, Expenditure, Medical, YTD, CNY, 12M average",None,line
"China, Household survey, Rural, Per capita, Expenditure, Miscellaneous, YTD, % YoY, 12M average","China, Household survey, Rural, Per capita, Expenditure, Miscellaneous, YTD, % YoY, 12M average",None,line
"China, Household survey, Rural, Per capita, Expenditure, Miscellaneous, YTD, CNY, 12M average","China, Household survey, Rural, Per capita, Expenditure, Miscellaneous, YTD, CNY, 12M average",None,line
"China, Household survey, Rural, Per capita, Expenditure, Transport and communication, YTD, % YoY, 12M average","China, Household survey, Rural, Per capita, Expenditure, Transport and communication, YTD, % YoY, 12M average",None,line
"China, Household survey, Rural, Per capita, Expenditure, Transport and communication, YTD, CNY, 12M average","China, Household survey, Rural, Per capita, Expenditure, Transport and communication, YTD, CNY, 12M average",None,line
"China, Household survey, Rural, Per capita, Expenditure, YTD, % YoY, 12M average","China, Household survey, Rural, Per capita, Expenditure, YTD, % YoY, 12M average",None,line
"China, Household survey, Rural, Per capita, Expenditure, YTD, CNY, 12M average","China, Household survey, Rural, Per capita, Expenditure, YTD, CNY, 12M average",None,line
"China, Household survey, Rural, Per capita, Income, Business, YTD, % YoY, 12M average","China, Household survey, Rural, Per capita, Income, Business, YTD, % YoY, 12M average",None,line
"China, Household survey, Rural, Per capita, Income, Business, YTD, CNY, 12M average","China, Household survey, Rural, Per capita, Income, Business, YTD, CNY, 12M average",None,line
"China, Household survey, Rural, Per capita, Income, Disposable, Median, YTD, % YoY, 12M average","China, Household survey, Rural, Per capita, Income, Disposable, Median, YTD, % YoY, 12M average",None,line
"China, Household survey, Rural, Per capita, Income, Disposable, Median, YTD, CNY, 12M average","China, Household survey, Rural, Per capita, Income, Disposable, Median, YTD, CNY, 12M average",None,line
"China, Household survey, Rural, Per capita, Income, Disposable, YTD, % YoY, 12M average","China, Household survey, Rural, Per capita, Income, Disposable, YTD, % YoY, 12M average",None,line
"China, Household survey, Rural, Per capita, Income, Disposable, YTD, CNY, 12M average","China, Household survey, Rural, Per capita, Income, Disposable, YTD, CNY, 12M average",None,line
"China, Household survey, Rural, Per capita, Income, Property, YTD, % YoY, 12M average","China, Household survey, Rural, Per capita, Income, Property, YTD, % YoY, 12M average",None,line
"China, Household survey, Rural, Per capita, Income, Property, YTD, CNY, 12M average","China, Household survey, Rural, Per capita, Income, Property, YTD, CNY, 12M average",None,line
"China, Household survey, Rural, Per capita, Income, Transfer, YTD, % YoY, 12M average","China, Household survey, Rural, Per capita, Income, Transfer, YTD, % YoY, 12M average",None,line
"China, Household survey, Rural, Per capita, Income, Transfer, YTD, CNY, 12M average","China, Household survey, Rural, Per capita, Income, Transfer, YTD, CNY, 12M average",None,line
"China, Household survey, Rural, Per capita, Income, Wages, YTD, % YoY, 12M average","China, Household survey, Rural, Per capita, Income, Wages, YTD, % YoY, 12M average",None,line
"China, Household survey, Rural, Per capita, Income, Wages, YTD, CNY, 12M average","China, Household survey, Rural, Per capita, Income, Wages, YTD, CNY, 12M average",None,line
"China, Household survey, Urban, Per capita, Expenditure, Clothing and footwear, YTD, % YoY, 12M average","China, Household survey, Urban, Per capita, Expenditure, Clothing and footwear, YTD, % YoY, 12M average",None,line
"China, Household survey, Urban, Per capita, Expenditure, Clothing and footwear, YTD, CNY, 12M average","China, Household survey, Urban, Per capita, Expenditure, Clothing and footwear, YTD, CNY, 12M average",None,line
"China, Household survey, Urban, Per capita, Expenditure, Education, culture and recreation, YTD, % YoY, 12M average","China, Household survey, Urban, Per capita, Expenditure, Education, culture and recreation, YTD, % YoY, 12M average",None,line
"China, Household survey, Urban, Per capita, Expenditure, Education, culture and recreation, YTD, CNY, 12M average","China, Household survey, Urban, Per capita, Expenditure, Education, culture and recreation, YTD, CNY, 12M average",None,line
"China, Household survey, Urban, Per capita, Expenditure, Food and tobacco, YTD, % YoY, 12M average","China, Household survey, Urban, Per capita, Expenditure, Food and tobacco, YTD, % YoY, 12M average",None,line
"China, Household survey, Urban, Per capita, Expenditure, Food and tobacco, YTD, CNY, 12M average","China, Household survey, Urban, Per capita, Expenditure, Food and tobacco, YTD, CNY, 12M average",None,line
"China, Household survey, Urban, Per capita, Expenditure, Household equipment, furnishings and services, YTD, % YoY, 12M average","China, Household survey, Urban, Per capita, Expenditure, Household equipment, furnishings and services, YTD, % YoY, 12M average",None,line
"China, Household survey, Urban, Per capita, Expenditure, Household equipment, furnishings and services, YTD, CNY, 12M average","China, Household survey, Urban, Per capita, Expenditure, Household equipment, furnishings and services, YTD, CNY, 12M average",None,line
"China, Household survey, Urban, Per capita, Expenditure, Housing, YTD, % YoY, 12M average","China, Household survey, Urban, Per capita, Expenditure, Housing, YTD, % YoY, 12M average",None,line
"China, Household survey, Urban, Per capita, Expenditure, Housing, YTD, CNY, 12M average","China, Household survey, Urban, Per capita, Expenditure, Housing, YTD, CNY, 12M average",None,line
"China, Household survey, Urban, Per capita, Expenditure, Medical, YTD, % YoY, 12M average","China, Household survey, Urban, Per capita, Expenditure, Medical, YTD, % YoY, 12M average",None,line
"China, Household survey, Urban, Per capita, Expenditure, Medical, YTD, CNY, 12M average","China, Household survey, Urban, Per capita, Expenditure, Medical, YTD, CNY, 12M average",None,line
"China, Household survey, Urban, Per capita, Expenditure, Miscellaneous, YTD, % YoY, 12M average","China, Household survey, Urban, Per capita, Expenditure, Miscellaneous, YTD, % YoY, 12M average",None,line
"China, Household survey, Urban, Per capita, Expenditure, Miscellaneous, YTD, CNY, 12M average","China, Household survey, Urban, Per capita, Expenditure, Miscellaneous, YTD, CNY, 12M average",None,line
"China, Household survey, Urban, Per capita, Expenditure, Transport and communication, YTD, % YoY, 12M average","China, Household survey, Urban, Per capita, Expenditure, Transport and communication, YTD, % YoY, 12M average",None,line
"China, Household survey, Urban, Per capita, Expenditure, Transport and communication, YTD, CNY, 12M average","China, Household survey, Urban, Per capita, Expenditure, Transport and communication, YTD, CNY, 12M average",None,line
"China, Household survey, Urban, Per capita, Expenditure, YTD, % YoY, 12M average","China, Household survey, Urban, Per capita, Expenditure, YTD, % YoY, 12M average",None,line
"China, Household survey, Urban, Per capita, Expenditure, YTD, CNY, 12M average","China, Household survey, Urban, Per capita, Expenditure, YTD, CNY, 12M average",None,line
"China, Household survey, Urban, Per capita, Income, Business, YTD, % YoY, 12M average","China, Household survey, Urban, Per capita, Income, Business, YTD, % YoY, 12M average",None,line
"China, Household survey, Urban, Per capita, Income, Business, YTD, CNY, 12M average","China, Household survey, Urban, Per capita, Income, Business, YTD, CNY, 12M average",None,line
"China, Household survey, Urban, Per capita, Income, Disposable, Median, YTD, % YoY, 12M average","China, Household survey, Urban, Per capita, Income, Disposable, Median, YTD, % YoY, 12M average",None,line
"China, Household survey, Urban, Per capita, Income, Disposable, Median, YTD, CNY, 12M average","China, Household survey, Urban, Per capita, Income, Disposable, Median, YTD, CNY, 12M average",None,line
"China, Household survey, Urban, Per capita, Income, Disposable, YTD, % YoY, 12M average","China, Household survey, Urban, Per capita, Income, Disposable, YTD, % YoY, 12M average",None,line
"China, Household survey, Urban, Per capita, Income, Disposable, YTD, CNY, 12M average","China, Household survey, Urban, Per capita, Income, Disposable, YTD, CNY, 12M average",None,line
"China, Household survey, Urban, Per capita, Income, Property, YTD, % YoY, 12M average","China, Household survey, Urban, Per capita, Income, Property, YTD, % YoY, 12M average",None,line
"China, Household survey, Urban, Per capita, Income, Property, YTD, CNY, 12M average","China, Household survey, Urban, Per capita, Income, Property, YTD, CNY, 12M average",None,line
"China, Household survey, Urban, Per capita, Income, Transfer, YTD, % YoY, 12M average","China, Household survey, Urban, Per capita, Income, Transfer, YTD, % YoY, 12M average",None,line
"China, Household survey, Urban, Per capita, Income, Transfer, YTD, CNY, 12M average","China, Household survey, Urban, Per capita, Income, Transfer, YTD, CNY, 12M average",None,line
"China, Household survey, Urban, Per capita, Income, Wages, YTD, % YoY, 12M average","China, Household survey, Urban, Per capita, Income, Wages, YTD, % YoY, 12M average",None,line
"China, Household survey, Urban, Per capita, Income, Wages, YTD, CNY, 12M average","China, Household survey, Urban, Per capita, Income, Wages, YTD, CNY, 12M average",None,line
"China, Household survey, 全国居民人均可支配收入元, 12M average","China, Household survey, 全国居民人均可支配收入元, 12M average",None,line
"China, Household survey, 全国居民人均可支配收入元, % YoY, 12M average","China, Household survey, 全国居民人均可支配收入元, % YoY, 12M average",None,line
"China, Household survey, National, Per capita, Expenditure, Clothing and footwear, CNY, 12M average","China, Household survey, National, Per capita, Expenditure, Clothing and footwear, CNY, 12M average",None,line
"China, Household survey, National, Per capita, Expenditure, Education, culture and recreation, CNY, 12M average","China, Household survey, National, Per capita, Expenditure, Education, culture and recreation, CNY, 12M average",None,line
"China, Household survey, National, Per capita, Expenditure, Food and tobacco, CNY, 12M average","China, Household survey, National, Per capita, Expenditure, Food and tobacco, CNY, 12M average",None,line
"China, Household survey, National, Per capita, Expenditure, Household equipment, furnishings and services, CNY, 12M average","China, Household survey, National, Per capita, Expenditure, Household equipment, furnishings and services, CNY, 12M average",None,line
"China, Household survey, National, Per capita, Expenditure, Housing, CNY, 12M average","China, Household survey, National, Per capita, Expenditure, Housing, CNY, 12M average",None,line
"China, Household survey, National, Per capita, Expenditure, Medical, CNY, 12M average","China, Household survey, National, Per capita, Expenditure, Medical, CNY, 12M average",None,line
"China, Household survey, National, Per capita, Expenditure, Miscellaneous, CNY, 12M average","China, Household survey, National, Per capita, Expenditure, Miscellaneous, CNY, 12M average",None,line
"China, Household survey, National, Per capita, Expenditure, Transport and communication, CNY, 12M average","China, Household survey, National, Per capita, Expenditure, Transport and communication, CNY, 12M average",None,line
"China, Household survey, National, Per capita, Expenditure, CNY, 12M average","China, Household survey, National, Per capita, Expenditure, CNY, 12M average",None,line
"China, Household survey, National, Per capita, Income, Business, CNY, 12M average","China, Household survey, National, Per capita, Income, Business, CNY, 12M average",None,line
"China, Household survey, National, Per capita, Income, Disposable, Median, CNY, 12M average","China, Household survey, National, Per capita, Income, Disposable, Median, CNY, 12M average",None,line
"China, Household survey, National, Per capita, Income, Disposable, CNY, 12M average","China, Household survey, National, Per capita, Income, Disposable, CNY, 12M average",None,line
"China, Household survey, National, Per capita, Income, Property, CNY, 12M average","China, Household survey, National, Per capita, Income, Property, CNY, 12M average",None,line
"China, Household survey, National, Per capita, Income, Transfer, CNY, 12M average","China, Household survey, National, Per capita, Income, Transfer, CNY, 12M average",None,line
"China, Household survey, National, Per capita, Income, Wages, CNY, 12M average","China, Household survey, National, Per capita, Income, Wages, CNY, 12M average",None,line
"China, Household survey, Rural, Per capita, Expenditure, Clothing and footwear, CNY, 12M average","China, Household survey, Rural, Per capita, Expenditure, Clothing and footwear, CNY, 12M average",None,line
"China, Household survey, Rural, Per capita, Expenditure, Education, culture and recreation, CNY, 12M average","China, Household survey, Rural, Per capita, Expenditure, Education, culture and recreation, CNY, 12M average",None,line
"China, Household survey, Rural, Per capita, Expenditure, Food and tobacco, CNY, 12M average","China, Household survey, Rural, Per capita, Expenditure, Food and tobacco, CNY, 12M average",None,line
"China, Household survey, Rural, Per capita, Expenditure, Household equipment, furnishings and services, CNY, 12M average","China, Household survey, Rural, Per capita, Expenditure, Household equipment, furnishings and services, CNY, 12M average",None,line
"China, Household survey, Rural, Per capita, Expenditure, Housing, CNY, 12M average","China, Household survey, Rural, Per capita, Expenditure, Housing, CNY, 12M average",None,line
"China, Household survey, Rural, Per capita, Expenditure, Medical, CNY, 12M average","China, Household survey, Rural, Per capita, Expenditure, Medical, CNY, 12M average",None,line
"China, Household survey, Rural, Per capita, Expenditure, Miscellaneous, CNY, 12M average","China, Household survey, Rural, Per capita, Expenditure, Miscellaneous, CNY, 12M average",None,line
"China, Household survey, Rural, Per capita, Expenditure, Transport and communication, CNY, 12M average","China, Household survey, Rural, Per capita, Expenditure, Transport and communication, CNY, 12M average",None,line
"China, Household survey, Rural, Per capita, Expenditure, CNY, 12M average","China, Household survey, Rural, Per capita, Expenditure, CNY, 12M average",None,line
"China, Household survey, Rural, Per capita, Income, Business, CNY, 12M average","China, Household survey, Rural, Per capita, Income, Business, CNY, 12M average",None,line
"China, Household survey, Rural, Per capita, Income, Disposable, Median, CNY, 12M average","China, Household survey, Rural, Per capita, Income, Disposable, Median, CNY, 12M average",None,line
"China, Household survey, Rural, Per capita, Income, Disposable, CNY, 12M average","China, Household survey, Rural, Per capita, Income, Disposable, CNY, 12M average",None,line
"China, Household survey, Rural, Per capita, Income, Property, CNY, 12M average","China, Household survey, Rural, Per capita, Income, Property, CNY, 12M average",None,line
"China, Household survey, Rural, Per capita, Income, Transfer, CNY, 12M average","China, Household survey, Rural, Per capita, Income, Transfer, CNY, 12M average",None,line
"China, Household survey, Rural, Per capita, Income, Wages, CNY, 12M average","China, Household survey, Rural, Per capita, Income, Wages, CNY, 12M average",None,line
"China, Household survey, Urban, Per capita, Expenditure, Clothing and footwear, CNY, 12M average","China, Household survey, Urban, Per capita, Expenditure, Clothing and footwear, CNY, 12M average",None,line
"China, Household survey, Urban, Per capita, Expenditure, Education, culture and recreation, CNY, 12M average","China, Household survey, Urban, Per capita, Expenditure, Education, culture and recreation, CNY, 12M average",None,line
"China, Household survey, Urban, Per capita, Expenditure, Food and tobacco, CNY, 12M average","China, Household survey, Urban, Per capita, Expenditure, Food and tobacco, CNY, 12M average",None,line
"China, Household survey, Urban, Per capita, Expenditure, Household equipment, furnishings and services, CNY, 12M average","China, Household survey, Urban, Per capita, Expenditure, Household equipment, furnishings and services, CNY, 12M average",None,line
"China, Household survey, Urban, Per capita, Expenditure, Housing, CNY, 12M average","China, Household survey, Urban, Per capita, Expenditure, Housing, CNY, 12M average",None,line
"China, Household survey, Urban, Per capita, Expenditure, Medical, CNY, 12M average","China, Household survey, Urban, Per capita, Expenditure, Medical, CNY, 12M average",None,line
"China, Household survey, Urban, Per capita, Expenditure, Miscellaneous, CNY, 12M average","China, Household survey, Urban, Per capita, Expenditure, Miscellaneous, CNY, 12M average",None,line
"China, Household survey, Urban, Per capita, Expenditure, Transport and communication, CNY, 12M average","China, Household survey, Urban, Per capita, Expenditure, Transport and communication, CNY, 12M average",None,line
"China, Household survey, Urban, Per capita, Expenditure, CNY, 12M average","China, Household survey, Urban, Per capita, Expenditure, CNY, 12M average",None,line
"China, Household survey, Urban, Per capita, Income, Business, CNY, 12M average","China, Household survey, Urban, Per capita, Income, Business, CNY, 12M average",None,line
"China, Household survey, Urban, Per capita, Income, Disposable, Median, CNY, 12M average","China, Household survey, Urban, Per capita, Income, Disposable, Median, CNY, 12M average",None,line
"China, Household survey, Urban, Per capita, Income, Disposable, CNY, 12M average","China, Household survey, Urban, Per capita, Income, Disposable, CNY, 12M average",None,line
"China, Household survey, Urban, Per capita, Income, Property, CNY, 12M average","China, Household survey, Urban, Per capita, Income, Property, CNY, 12M average",None,line
"China, Household survey, Urban, Per capita, Income, Transfer, CNY, 12M average","China, Household survey, Urban, Per capita, Income, Transfer, CNY, 12M average",None,line
"China, Household survey, Urban, Per capita, Income, Wages, CNY, 12M average","China, Household survey, Urban, Per capita, Income, Wages, CNY, 12M average",None,line
"China, Household survey, National, Per capita, Expenditure, Clothing and footwear, % YoY, 12M average","China, Household survey, National, Per capita, Expenditure, Clothing and footwear, % YoY, 12M average",None,line
"China, Household survey, National, Per capita, Expenditure, Education, culture and recreation, % YoY, 12M average","China, Household survey, National, Per capita, Expenditure, Education, culture and recreation, % YoY, 12M average",None,line
"China, Household survey, National, Per capita, Expenditure, Food and tobacco, % YoY, 12M average","China, Household survey, National, Per capita, Expenditure, Food and tobacco, % YoY, 12M average",None,line
"China, Household survey, National, Per capita, Expenditure, Household equipment, furnishings and services, % YoY, 12M average","China, Household survey, National, Per capita, Expenditure, Household equipment, furnishings and services, % YoY, 12M average",None,line
"China, Household survey, National, Per capita, Expenditure, Housing, % YoY, 12M average","China, Household survey, National, Per capita, Expenditure, Housing, % YoY, 12M average",None,line
"China, Household survey, National, Per capita, Expenditure, Medical, % YoY, 12M average","China, Household survey, National, Per capita, Expenditure, Medical, % YoY, 12M average",None,line
"China, Household survey, National, Per capita, Expenditure, Miscellaneous, % YoY, 12M average","China, Household survey, National, Per capita, Expenditure, Miscellaneous, % YoY, 12M average",None,line
"China, Household survey, National, Per capita, Expenditure, Transport and communication, % YoY, 12M average","China, Household survey, National, Per capita, Expenditure, Transport and communication, % YoY, 12M average",None,line
"China, Household survey, National, Per capita, Expenditure, % YoY, 12M average","China, Household survey, National, Per capita, Expenditure, % YoY, 12M average",None,line
"China, Household survey, National, Per capita, Income, Business, % YoY, 12M average","China, Household survey, National, Per capita, Income, Business, % YoY, 12M average",None,line
"China, Household survey, National, Per capita, Income, Disposable, Median, % YoY, 12M average","China, Household survey, National, Per capita, Income, Disposable, Median, % YoY, 12M average",None,line
"China, Household survey, National, Per capita, Income, Disposable, % YoY, 12M average","China, Household survey, National, Per capita, Income, Disposable, % YoY, 12M average",None,line
"China, Household survey, National, Per capita, Income, Property, % YoY, 12M average","China, Household survey, National, Per capita, Income, Property, % YoY, 12M average",None,line
"China, Household survey, National, Per capita, Income, Transfer, % YoY, 12M average","China, Household survey, National, Per capita, Income, Transfer, % YoY, 12M average",None,line
"China, Household survey, National, Per capita, Income, Wages, % YoY, 12M average","China, Household survey, National, Per capita, Income, Wages, % YoY, 12M average",None,line
"China, Household survey, Rural, Per capita, Expenditure, Clothing and footwear, % YoY, 12M average","China, Household survey, Rural, Per capita, Expenditure, Clothing and footwear, % YoY, 12M average",None,line
"China, Household survey, Rural, Per capita, Expenditure, Education, culture and recreation, % YoY, 12M average","China, Household survey, Rural, Per capita, Expenditure, Education, culture and recreation, % YoY, 12M average",None,line
"China, Household survey, Rural, Per capita, Expenditure, Food and tobacco, % YoY, 12M average","China, Household survey, Rural, Per capita, Expenditure, Food and tobacco, % YoY, 12M average",None,line
"China, Household survey, Rural, Per capita, Expenditure, Household equipment, furnishings and services, % YoY, 12M average","China, Household survey, Rural, Per capita, Expenditure, Household equipment, furnishings and services, % YoY, 12M average",None,line
"China, Household survey, Rural, Per capita, Expenditure, Housing, % YoY, 12M average","China, Household survey, Rural, Per capita, Expenditure, Housing, % YoY, 12M average",None,line
"China, Household survey, Rural, Per capita, Expenditure, Medical, % YoY, 12M average","China, Household survey, Rural, Per capita, Expenditure, Medical, % YoY, 12M average",None,line
"China, Household survey, Rural, Per capita, Expenditure, Miscellaneous, % YoY, 12M average","China, Household survey, Rural, Per capita, Expenditure, Miscellaneous, % YoY, 12M average",None,line
"China, Household survey, Rural, Per capita, Expenditure, Transport and communication, % YoY, 12M average","China, Household survey, Rural, Per capita, Expenditure, Transport and communication, % YoY, 12M average",None,line
"China, Household survey, Rural, Per capita, Expenditure, % YoY, 12M average","China, Household survey, Rural, Per capita, Expenditure, % YoY, 12M average",None,line
"China, Household survey, Rural, Per capita, Income, Business, % YoY, 12M average","China, Household survey, Rural, Per capita, Income, Business, % YoY, 12M average",None,line
"China, Household survey, Rural, Per capita, Income, Disposable, Median, % YoY, 12M average","China, Household survey, Rural, Per capita, Income, Disposable, Median, % YoY, 12M average",None,line
"China, Household survey, Rural, Per capita, Income, Disposable, % YoY, 12M average","China, Household survey, Rural, Per capita, Income, Disposable, % YoY, 12M average",None,line
"China, Household survey, Rural, Per capita, Income, Property, % YoY, 12M average","China, Household survey, Rural, Per capita, Income, Property, % YoY, 12M average",None,line
"China, Household survey, Rural, Per capita, Income, Transfer, % YoY, 12M average","China, Household survey, Rural, Per capita, Income, Transfer, % YoY, 12M average",None,line
"China, Household survey, Rural, Per capita, Income, Wages, % YoY, 12M average","China, Household survey, Rural, Per capita, Income, Wages, % YoY, 12M average",None,line
"China, Household survey, Urban, Per capita, Expenditure, Clothing and footwear, % YoY, 12M average","China, Household survey, Urban, Per capita, Expenditure, Clothing and footwear, % YoY, 12M average",None,line
"China, Household survey, Urban, Per capita, Expenditure, Education, culture and recreation, % YoY, 12M average","China, Household survey, Urban, Per capita, Expenditure, Education, culture and recreation, % YoY, 12M average",None,line
"China, Household survey, Urban, Per capita, Expenditure, Food and tobacco, % YoY, 12M average","China, Household survey, Urban, Per capita, Expenditure, Food and tobacco, % YoY, 12M average",None,line
"China, Household survey, Urban, Per capita, Expenditure, Household equipment, furnishings and services, % YoY, 12M average","China, Household survey, Urban, Per capita, Expenditure, Household equipment, furnishings and services, % YoY, 12M average",None,line
"China, Household survey, Urban, Per capita, Expenditure, Housing, % YoY, 12M average","China, Household survey, Urban, Per capita, Expenditure, Housing, % YoY, 12M average",None,line
"China, Household survey, Urban, Per capita, Expenditure, Medical, % YoY, 12M average","China, Household survey, Urban, Per capita, Expenditure, Medical, % YoY, 12M average",None,line
"China, Household survey, Urban, Per capita, Expenditure, Miscellaneous, % YoY, 12M average","China, Household survey, Urban, Per capita, Expenditure, Miscellaneous, % YoY, 12M average",None,line
"China, Household survey, Urban, Per capita, Expenditure, Transport and communication, % YoY, 12M average","China, Household survey, Urban, Per capita, Expenditure, Transport and communication, % YoY, 12M average",None,line
"China, Household survey, Urban, Per capita, Expenditure, % YoY, 12M average","China, Household survey, Urban, Per capita, Expenditure, % YoY, 12M average",None,line
"China, Household survey, Urban, Per capita, Income, Business, % YoY, 12M average","China, Household survey, Urban, Per capita, Income, Business, % YoY, 12M average",None,line
"China, Household survey, Urban, Per capita, Income, Disposable, Median, % YoY, 12M average","China, Household survey, Urban, Per capita, Income, Disposable, Median, % YoY, 12M average",None,line
"China, Household survey, Urban, Per capita, Income, Disposable, % YoY, 12M average","China, Household survey, Urban, Per capita, Income, Disposable, % YoY, 12M average",None,line
"China, Household survey, Urban, Per capita, Income, Property, % YoY, 12M average","China, Household survey, Urban, Per capita, Income, Property, % YoY, 12M average",None,line
"China, Household survey, Urban, Per capita, Income, Transfer, % YoY, 12M average","China, Household survey, Urban, Per capita, Income, Transfer, % YoY, 12M average",None,line
"China, Household survey, Urban, Per capita, Income, Wages, % YoY, 12M average","China, Household survey, Urban, Per capita, Income, Wages, % YoY, 12M average",None,line
"China, Household survey, Migrant workers, Income, % YoY, 12M average","China, Household survey, Migrant workers, Income, % YoY, 12M average",None,line
"China, Household survey, Urban, Per capita, Expenditure, SA, CNY, 12M average","China, Household survey, Urban, Per capita, Expenditure, SA, CNY, 12M average",None,line
"China, Household survey, Urban, Per capita, Income, Disposable, SA, CNY, 12M average","China, Household survey, Urban, Per capita, Income, Disposable, SA, CNY, 12M average",None,line
"China, Household survey, Rural, Per capita, Income, Disposable, SA, CNY, 12M average","China, Household survey, Rural, Per capita, Income, Disposable, SA, CNY, 12M average",None,line
"China, Household survey, Rural, Per capita, Expenditure, SA, CNY, 12M average","China, Household survey, Rural, Per capita, Expenditure, SA, CNY, 12M average",None,line
"China, Household survey, National, Per capita, Income, Disposable, SA, CNY, 12M average","China, Household survey, National, Per capita, Income, Disposable, SA, CNY, 12M average",None,line
"China, Household survey, National, Per capita, Expenditure, SA, CNY, 12M average","China, Household survey, National, Per capita, Expenditure, SA, CNY, 12M average",None,line
"China, Household survey, National, Per capita, Income, Wages, SA, CNY, 12M average","China, Household survey, National, Per capita, Income, Wages, SA, CNY, 12M average",None,line
"China, Household survey, National, Per capita, Income, Business, SA, CNY, 12M average","China, Household survey, National, Per capita, Income, Business, SA, CNY, 12M average",None,line
"China, Household survey, National, Per capita, Income, Property, SA, CNY, 12M average","China, Household survey, National, Per capita, Income, Property, SA, CNY, 12M average",None,line
"China, Household survey, National, Per capita, Income, Transfer, SA, CNY, 12M average","China, Household survey, National, Per capita, Income, Transfer, SA, CNY, 12M average",None,line
"China, Household survey, National, Aggregate, Income, Disposable, CNY bn, 12M average","China, Household survey, National, Aggregate, Income, Disposable, CNY bn, 12M average",None,line
"China, Household survey, National, Aggregate, Income, Disposable, SA, CNY bn, 12M average","China, Household survey, National, Aggregate, Income, Disposable, SA, CNY bn, 12M average",None,line
"China, Household survey, Rural and urban, Aggregate, Income, Disposable, CNY bn, 12M average","China, Household survey, Rural and urban, Aggregate, Income, Disposable, CNY bn, 12M average",None,line
"China, Household survey, Rural and urban, Aggregate, Income, Disposable, SA, CNY bn, 12M average","China, Household survey, Rural and urban, Aggregate, Income, Disposable, SA, CNY bn, 12M average",None,line
"China, Household survey, National, Aggregate, Expenditure, Medical, CNY bn, 12M average","China, Household survey, National, Aggregate, Expenditure, Medical, CNY bn, 12M average",None,line
"China, Household survey, National, Aggregate, Expenditure, Education, culture and recreation, CNY bn, 12M average","China, Household survey, National, Aggregate, Expenditure, Education, culture and recreation, CNY bn, 12M average",None,line
"China, Household survey, National, Aggregate, Expenditure, Transport and communication, CNY bn, 12M average","China, Household survey, National, Aggregate, Expenditure, Transport and communication, CNY bn, 12M average",None,line
"China, Household survey, National, Aggregate, Expenditure, Clothing and footwear, CNY bn, 12M average","China, Household survey, National, Aggregate, Expenditure, Clothing and footwear, CNY bn, 12M average",None,line
"China, Household survey, National, Aggregate, Expenditure, Food and tobacco, CNY bn, 12M average","China, Household survey, National, Aggregate, Expenditure, Food and tobacco, CNY bn, 12M average",None,line
"China, Household survey, National, Aggregate, Expenditure, Household equipment, furnishings and services, CNY bn, 12M average","China, Household survey, National, Aggregate, Expenditure, Household equipment, furnishings and services, CNY bn, 12M average",None,line
"China, Household survey, National, Aggregate, Expenditure, Miscellaneous, CNY bn, 12M average","China, Household survey, National, Aggregate, Expenditure, Miscellaneous, CNY bn, 12M average",None,line
"China, Household survey, National, Aggregate, Expenditure, Housing, CNY bn, 12M average","China, Household survey, National, Aggregate, Expenditure, Housing, CNY bn, 12M average",None,line
"China, Household survey, National, Aggregate, Expenditure, CNY bn, 12M average","China, Household survey, National, Aggregate, Expenditure, CNY bn, 12M average",None,line
"China, Household survey, National, Aggregate, Expenditure, SA, CNY bn, 12M average","China, Household survey, National, Aggregate, Expenditure, SA, CNY bn, 12M average",None,line
"China, Household survey, Rural and urban, Aggregate, Expenditure, CNY bn, 12M average","China, Household survey, Rural and urban, Aggregate, Expenditure, CNY bn, 12M average",None,line
"China, Household survey, Rural and urban, Aggregate, Expenditure, SA, CNY bn, 12M average","China, Household survey, Rural and urban, Aggregate, Expenditure, SA, CNY bn, 12M average",None,line
"China, Household survey, National, Aggregate, Income, Disposable, % YoY, 12M average","China, Household survey, National, Aggregate, Income, Disposable, % YoY, 12M average",None,line
"China, Household survey, National, Aggregate, Income, Disposable, SA, % YoY, 12M average","China, Household survey, National, Aggregate, Income, Disposable, SA, % YoY, 12M average",None,line
"China, Household survey, Rural and urban, Aggregate, Income, Disposable, % YoY, 12M average","China, Household survey, Rural and urban, Aggregate, Income, Disposable, % YoY, 12M average",None,line
"China, Household survey, Rural and urban, Aggregate, Income, Disposable, SA, % YoY, 12M average","China, Household survey, Rural and urban, Aggregate, Income, Disposable, SA, % YoY, 12M average",None,line
"China, Household survey, National, Aggregate, Expenditure, Medical, % YoY, 12M average","China, Household survey, National, Aggregate, Expenditure, Medical, % YoY, 12M average",None,line
"China, Household survey, National, Aggregate, Expenditure, Education, culture and recreation, % YoY, 12M average","China, Household survey, National, Aggregate, Expenditure, Education, culture and recreation, % YoY, 12M average",None,line
"China, Household survey, National, Aggregate, Expenditure, Transport and communication, % YoY, 12M average","China, Household survey, National, Aggregate, Expenditure, Transport and communication, % YoY, 12M average",None,line
"China, Household survey, National, Aggregate, Expenditure, Clothing and footwear, % YoY, 12M average","China, Household survey, National, Aggregate, Expenditure, Clothing and footwear, % YoY, 12M average",None,line
"China, Household survey, National, Aggregate, Expenditure, Food and tobacco, % YoY, 12M average","China, Household survey, National, Aggregate, Expenditure, Food and tobacco, % YoY, 12M average",None,line
"China, Household survey, National, Aggregate, Expenditure, Household equipment, furnishings and services, % YoY, 12M average","China, Household survey, National, Aggregate, Expenditure, Household equipment, furnishings and services, % YoY, 12M average",None,line
"China, Household survey, National, Aggregate, Expenditure, Miscellaneous, % YoY, 12M average","China, Household survey, National, Aggregate, Expenditure, Miscellaneous, % YoY, 12M average",None,line
"China, Household survey, National, Aggregate, Expenditure, Housing, % YoY, 12M average","China, Household survey, National, Aggregate, Expenditure, Housing, % YoY, 12M average",None,line
"China, Household survey, National, Aggregate, Expenditure, % YoY, 12M average","China, Household survey, National, Aggregate, Expenditure, % YoY, 12M average",None,line
"China, Household survey, National, Aggregate, Expenditure, SA, % YoY, 12M average","China, Household survey, National, Aggregate, Expenditure, SA, % YoY, 12M average",None,line
"China, Household survey, Rural and urban, Aggregate, Expenditure, % YoY, 12M average","China, Household survey, Rural and urban, Aggregate, Expenditure, % YoY, 12M average",None,line
"China, Household survey, Rural and urban, Aggregate, Expenditure, SA, % YoY, 12M average","China, Household survey, Rural and urban, Aggregate, Expenditure, SA, % YoY, 12M average",None,line
"China, Household survey, Migrant workers, Income, Volume, CNY, 12M average","China, Household survey, Migrant workers, Income, Volume, CNY, 12M average",None,line
"China, Household survey, National, Per capita, Expenditure, Clothing and footwear, YTD, Volume, CNY, 12M average","China, Household survey, National, Per capita, Expenditure, Clothing and footwear, YTD, Volume, CNY, 12M average",None,line
"China, Household survey, National, Per capita, Expenditure, Education, culture and recreation, YTD, Volume, CNY, 12M average","China, Household survey, National, Per capita, Expenditure, Education, culture and recreation, YTD, Volume, CNY, 12M average",None,line
"China, Household survey, National, Per capita, Expenditure, Food and tobacco, YTD, Volume, CNY, 12M average","China, Household survey, National, Per capita, Expenditure, Food and tobacco, YTD, Volume, CNY, 12M average",None,line
"China, Household survey, National, Per capita, Expenditure, Household equipment, furnishings and services, YTD, Volume, CNY, 12M average","China, Household survey, National, Per capita, Expenditure, Household equipment, furnishings and services, YTD, Volume, CNY, 12M average",None,line
"China, Household survey, National, Per capita, Expenditure, Housing, YTD, Volume, CNY, 12M average","China, Household survey, National, Per capita, Expenditure, Housing, YTD, Volume, CNY, 12M average",None,line
"China, Household survey, National, Per capita, Expenditure, Medical, YTD, Volume, CNY, 12M average","China, Household survey, National, Per capita, Expenditure, Medical, YTD, Volume, CNY, 12M average",None,line
"China, Household survey, National, Per capita, Expenditure, Miscellaneous, YTD, Volume, CNY, 12M average","China, Household survey, National, Per capita, Expenditure, Miscellaneous, YTD, Volume, CNY, 12M average",None,line
"China, Household survey, National, Per capita, Expenditure, Transport and communication, YTD, Volume, CNY, 12M average","China, Household survey, National, Per capita, Expenditure, Transport and communication, YTD, Volume, CNY, 12M average",None,line
"China, Household survey, National, Per capita, Expenditure, YTD, Volume, CNY, 12M average","China, Household survey, National, Per capita, Expenditure, YTD, Volume, CNY, 12M average",None,line
"China, Household survey, National, Per capita, Income, Business, YTD, Volume, CNY, 12M average","China, Household survey, National, Per capita, Income, Business, YTD, Volume, CNY, 12M average",None,line
"China, Household survey, National, Per capita, Income, Disposable, Median, YTD, Volume, CNY, 12M average","China, Household survey, National, Per capita, Income, Disposable, Median, YTD, Volume, CNY, 12M average",None,line
"China, Household survey, National, Per capita, Income, Disposable, YTD, Volume, CNY, 12M average","China, Household survey, National, Per capita, Income, Disposable, YTD, Volume, CNY, 12M average",None,line
"China, Household survey, National, Per capita, Income, Property, YTD, Volume, CNY, 12M average","China, Household survey, National, Per capita, Income, Property, YTD, Volume, CNY, 12M average",None,line
"China, Household survey, National, Per capita, Income, Transfer, YTD, Volume, CNY, 12M average","China, Household survey, National, Per capita, Income, Transfer, YTD, Volume, CNY, 12M average",None,line
"China, Household survey, National, Per capita, Income, Wages, YTD, Volume, CNY, 12M average","China, Household survey, National, Per capita, Income, Wages, YTD, Volume, CNY, 12M average",None,line
"China, Household survey, Regional, Rural, Provincial, Per capita, Expenditure, Anhui, Volume, CNY, YTD, 12M average","China, Household survey, Regional, Rural, Provincial, Per capita, Expenditure, Anhui, Volume, CNY, YTD, 12M average",None,line
"China, Household survey, Regional, Rural, Provincial, Per capita, Expenditure, Beijing, Volume, CNY, YTD, 12M average","China, Household survey, Regional, Rural, Provincial, Per capita, Expenditure, Beijing, Volume, CNY, YTD, 12M average",None,line
"China, Household survey, Regional, Rural, Provincial, Per capita, Expenditure, Chongqing, Volume, CNY, YTD, 12M average","China, Household survey, Regional, Rural, Provincial, Per capita, Expenditure, Chongqing, Volume, CNY, YTD, 12M average",None,line
"China, Household survey, Regional, Rural, Provincial, Per capita, Expenditure, Fujian, Volume, CNY, YTD, 12M average","China, Household survey, Regional, Rural, Provincial, Per capita, Expenditure, Fujian, Volume, CNY, YTD, 12M average",None,line
"China, Household survey, Regional, Rural, Provincial, Per capita, Expenditure, Gansu, Volume, CNY, YTD, 12M average","China, Household survey, Regional, Rural, Provincial, Per capita, Expenditure, Gansu, Volume, CNY, YTD, 12M average",None,line
"China, Household survey, Regional, Rural, Provincial, Per capita, Expenditure, Guangdong, Volume, CNY, YTD, 12M average","China, Household survey, Regional, Rural, Provincial, Per capita, Expenditure, Guangdong, Volume, CNY, YTD, 12M average",None,line
"China, Household survey, Regional, Rural, Provincial, Per capita, Expenditure, Guangxi, Volume, CNY, YTD, 12M average","China, Household survey, Regional, Rural, Provincial, Per capita, Expenditure, Guangxi, Volume, CNY, YTD, 12M average",None,line
"China, Household survey, Regional, Rural, Provincial, Per capita, Expenditure, Guizhou, Volume, CNY, YTD, 12M average","China, Household survey, Regional, Rural, Provincial, Per capita, Expenditure, Guizhou, Volume, CNY, YTD, 12M average",None,line
"China, Household survey, Regional, Rural, Provincial, Per capita, Expenditure, Hainan, Volume, CNY, YTD, 12M average","China, Household survey, Regional, Rural, Provincial, Per capita, Expenditure, Hainan, Volume, CNY, YTD, 12M average",None,line
"China, Household survey, Regional, Rural, Provincial, Per capita, Expenditure, Hebei, Volume, CNY, YTD, 12M average","China, Household survey, Regional, Rural, Provincial, Per capita, Expenditure, Hebei, Volume, CNY, YTD, 12M average",None,line
"China, Household survey, Regional, Rural, Provincial, Per capita, Expenditure, Heilongjiang, Volume, CNY, YTD, 12M average","China, Household survey, Regional, Rural, Provincial, Per capita, Expenditure, Heilongjiang, Volume, CNY, YTD, 12M average",None,line
"China, Household survey, Regional, Rural, Provincial, Per capita, Expenditure, Henan, Volume, CNY, YTD, 12M average","China, Household survey, Regional, Rural, Provincial, Per capita, Expenditure, Henan, Volume, CNY, YTD, 12M average",None,line
"China, Household survey, Regional, Rural, Provincial, Per capita, Expenditure, Hubei, Volume, CNY, YTD, 12M average","China, Household survey, Regional, Rural, Provincial, Per capita, Expenditure, Hubei, Volume, CNY, YTD, 12M average",None,line
"China, Household survey, Regional, Rural, Provincial, Per capita, Expenditure, Hunan, Volume, CNY, YTD, 12M average","China, Household survey, Regional, Rural, Provincial, Per capita, Expenditure, Hunan, Volume, CNY, YTD, 12M average",None,line
"China, Household survey, Regional, Rural, Provincial, Per capita, Expenditure, Inner Mongolia, Volume, CNY, YTD, 12M average","China, Household survey, Regional, Rural, Provincial, Per capita, Expenditure, Inner Mongolia, Volume, CNY, YTD, 12M average",None,line
"China, Household survey, Regional, Rural, Provincial, Per capita, Expenditure, Jiangsu, Volume, CNY, YTD, 12M average","China, Household survey, Regional, Rural, Provincial, Per capita, Expenditure, Jiangsu, Volume, CNY, YTD, 12M average",None,line
"China, Household survey, Regional, Rural, Provincial, Per capita, Expenditure, Jiangxi, Volume, CNY, YTD, 12M average","China, Household survey, Regional, Rural, Provincial, Per capita, Expenditure, Jiangxi, Volume, CNY, YTD, 12M average",None,line
"China, Household survey, Regional, Rural, Provincial, Per capita, Expenditure, Jilin, Volume, CNY, YTD, 12M average","China, Household survey, Regional, Rural, Provincial, Per capita, Expenditure, Jilin, Volume, CNY, YTD, 12M average",None,line
"China, Household survey, Regional, Rural, Provincial, Per capita, Expenditure, Liaoning, Volume, CNY, YTD, 12M average","China, Household survey, Regional, Rural, Provincial, Per capita, Expenditure, Liaoning, Volume, CNY, YTD, 12M average",None,line
"China, Household survey, Regional, Rural, Provincial, Per capita, Expenditure, Ningxia, Volume, CNY, YTD, 12M average","China, Household survey, Regional, Rural, Provincial, Per capita, Expenditure, Ningxia, Volume, CNY, YTD, 12M average",None,line
"China, Household survey, Regional, Rural, Provincial, Per capita, Expenditure, Qinghai, Volume, CNY, YTD, 12M average","China, Household survey, Regional, Rural, Provincial, Per capita, Expenditure, Qinghai, Volume, CNY, YTD, 12M average",None,line
"China, Household survey, Regional, Rural, Provincial, Per capita, Expenditure, Shaanxi, Volume, CNY, YTD, 12M average","China, Household survey, Regional, Rural, Provincial, Per capita, Expenditure, Shaanxi, Volume, CNY, YTD, 12M average",None,line
"China, Household survey, Regional, Rural, Provincial, Per capita, Expenditure, Shandong, Volume, CNY, YTD, 12M average","China, Household survey, Regional, Rural, Provincial, Per capita, Expenditure, Shandong, Volume, CNY, YTD, 12M average",None,line
"China, Household survey, Regional, Rural, Provincial, Per capita, Expenditure, Shanghai, Volume, CNY, YTD, 12M average","China, Household survey, Regional, Rural, Provincial, Per capita, Expenditure, Shanghai, Volume, CNY, YTD, 12M average",None,line
"China, Household survey, Regional, Rural, Provincial, Per capita, Expenditure, Shanxi, Volume, CNY, YTD, 12M average","China, Household survey, Regional, Rural, Provincial, Per capita, Expenditure, Shanxi, Volume, CNY, YTD, 12M average",None,line
"China, Household survey, Regional, Rural, Provincial, Per capita, Expenditure, Sichuan, Volume, CNY, YTD, 12M average","China, Household survey, Regional, Rural, Provincial, Per capita, Expenditure, Sichuan, Volume, CNY, YTD, 12M average",None,line
"China, Household survey, Regional, Rural, Provincial, Per capita, Expenditure, Tianjin, Volume, CNY, YTD, 12M average","China, Household survey, Regional, Rural, Provincial, Per capita, Expenditure, Tianjin, Volume, CNY, YTD, 12M average",None,line
"China, Household survey, Regional, Rural, Provincial, Per capita, Expenditure, Tibet, Volume, CNY, YTD, 12M average","China, Household survey, Regional, Rural, Provincial, Per capita, Expenditure, Tibet, Volume, CNY, YTD, 12M average",None,line
"China, Household survey, Regional, Rural, Provincial, Per capita, Expenditure, Xinjiang, Volume, CNY, YTD, 12M average","China, Household survey, Regional, Rural, Provincial, Per capita, Expenditure, Xinjiang, Volume, CNY, YTD, 12M average",None,line
"China, Household survey, Regional, Rural, Provincial, Per capita, Expenditure, Yunnan, Volume, CNY, YTD, 12M average","China, Household survey, Regional, Rural, Provincial, Per capita, Expenditure, Yunnan, Volume, CNY, YTD, 12M average",None,line
"China, Household survey, Regional, Rural, Provincial, Per capita, Expenditure, Zhejiang, Volume, CNY, YTD, 12M average","China, Household survey, Regional, Rural, Provincial, Per capita, Expenditure, Zhejiang, Volume, CNY, YTD, 12M average",None,line
"China, Household survey, Regional, Rural, Provincial, Per capita, Income, Disposable, Anhui, Volume, CNY, YTD, 12M average","China, Household survey, Regional, Rural, Provincial, Per capita, Income, Disposable, Anhui, Volume, CNY, YTD, 12M average",None,line
"China, Household survey, Regional, Rural, Provincial, Per capita, Income, Disposable, Beijing, Volume, CNY, YTD, 12M average","China, Household survey, Regional, Rural, Provincial, Per capita, Income, Disposable, Beijing, Volume, CNY, YTD, 12M average",None,line
"China, Household survey, Regional, Rural, Provincial, Per capita, Income, Disposable, Chongqing, Volume, CNY, YTD, 12M average","China, Household survey, Regional, Rural, Provincial, Per capita, Income, Disposable, Chongqing, Volume, CNY, YTD, 12M average",None,line
"China, Household survey, Regional, Rural, Provincial, Per capita, Income, Disposable, Fujian, Volume, CNY, YTD, 12M average","China, Household survey, Regional, Rural, Provincial, Per capita, Income, Disposable, Fujian, Volume, CNY, YTD, 12M average",None,line
"China, Household survey, Regional, Rural, Provincial, Per capita, Income, Disposable, Gansu, Volume, CNY, YTD, 12M average","China, Household survey, Regional, Rural, Provincial, Per capita, Income, Disposable, Gansu, Volume, CNY, YTD, 12M average",None,line
"China, Household survey, Regional, Rural, Provincial, Per capita, Income, Disposable, Guangdong, Volume, CNY, YTD, 12M average","China, Household survey, Regional, Rural, Provincial, Per capita, Income, Disposable, Guangdong, Volume, CNY, YTD, 12M average",None,line
"China, Household survey, Regional, Rural, Provincial, Per capita, Income, Disposable, Guangxi, Volume, CNY, YTD, 12M average","China, Household survey, Regional, Rural, Provincial, Per capita, Income, Disposable, Guangxi, Volume, CNY, YTD, 12M average",None,line
"China, Household survey, Regional, Rural, Provincial, Per capita, Income, Disposable, Guizhou, Volume, CNY, YTD, 12M average","China, Household survey, Regional, Rural, Provincial, Per capita, Income, Disposable, Guizhou, Volume, CNY, YTD, 12M average",None,line
"China, Household survey, Regional, Rural, Provincial, Per capita, Income, Disposable, Hainan, Volume, CNY, YTD, 12M average","China, Household survey, Regional, Rural, Provincial, Per capita, Income, Disposable, Hainan, Volume, CNY, YTD, 12M average",None,line
"China, Household survey, Regional, Rural, Provincial, Per capita, Income, Disposable, Hebei, Volume, CNY, YTD, 12M average","China, Household survey, Regional, Rural, Provincial, Per capita, Income, Disposable, Hebei, Volume, CNY, YTD, 12M average",None,line
"China, Household survey, Regional, Rural, Provincial, Per capita, Income, Disposable, Heilongjiang, Volume, CNY, YTD, 12M average","China, Household survey, Regional, Rural, Provincial, Per capita, Income, Disposable, Heilongjiang, Volume, CNY, YTD, 12M average",None,line
"China, Household survey, Regional, Rural, Provincial, Per capita, Income, Disposable, Henan, Volume, CNY, YTD, 12M average","China, Household survey, Regional, Rural, Provincial, Per capita, Income, Disposable, Henan, Volume, CNY, YTD, 12M average",None,line
"China, Household survey, Regional, Rural, Provincial, Per capita, Income, Disposable, Hubei, Volume, CNY, YTD, 12M average","China, Household survey, Regional, Rural, Provincial, Per capita, Income, Disposable, Hubei, Volume, CNY, YTD, 12M average",None,line
"China, Household survey, Regional, Rural, Provincial, Per capita, Income, Disposable, Hunan, Volume, CNY, YTD, 12M average","China, Household survey, Regional, Rural, Provincial, Per capita, Income, Disposable, Hunan, Volume, CNY, YTD, 12M average",None,line
"China, Household survey, Regional, Rural, Provincial, Per capita, Income, Disposable, Inner Mongolia, Volume, CNY, YTD, 12M average","China, Household survey, Regional, Rural, Provincial, Per capita, Income, Disposable, Inner Mongolia, Volume, CNY, YTD, 12M average",None,line
"China, Household survey, Regional, Rural, Provincial, Per capita, Income, Disposable, Jiangsu, Volume, CNY, YTD, 12M average","China, Household survey, Regional, Rural, Provincial, Per capita, Income, Disposable, Jiangsu, Volume, CNY, YTD, 12M average",None,line
"China, Household survey, Regional, Rural, Provincial, Per capita, Income, Disposable, Jiangxi, Volume, CNY, YTD, 12M average","China, Household survey, Regional, Rural, Provincial, Per capita, Income, Disposable, Jiangxi, Volume, CNY, YTD, 12M average",None,line
"China, Household survey, Regional, Rural, Provincial, Per capita, Income, Disposable, Jilin, Volume, CNY, YTD, 12M average","China, Household survey, Regional, Rural, Provincial, Per capita, Income, Disposable, Jilin, Volume, CNY, YTD, 12M average",None,line
"China, Household survey, Regional, Rural, Provincial, Per capita, Income, Disposable, Liaoning, Volume, CNY, YTD, 12M average","China, Household survey, Regional, Rural, Provincial, Per capita, Income, Disposable, Liaoning, Volume, CNY, YTD, 12M average",None,line
"China, Household survey, Regional, Rural, Provincial, Per capita, Income, Disposable, Ningxia, Volume, CNY, YTD, 12M average","China, Household survey, Regional, Rural, Provincial, Per capita, Income, Disposable, Ningxia, Volume, CNY, YTD, 12M average",None,line
"China, Household survey, Regional, Rural, Provincial, Per capita, Income, Disposable, Qinghai, Volume, CNY, YTD, 12M average","China, Household survey, Regional, Rural, Provincial, Per capita, Income, Disposable, Qinghai, Volume, CNY, YTD, 12M average",None,line
"China, Household survey, Regional, Rural, Provincial, Per capita, Income, Disposable, Shaanxi, Volume, CNY, YTD, 12M average","China, Household survey, Regional, Rural, Provincial, Per capita, Income, Disposable, Shaanxi, Volume, CNY, YTD, 12M average",None,line
"China, Household survey, Regional, Rural, Provincial, Per capita, Income, Disposable, Shandong, Volume, CNY, YTD, 12M average","China, Household survey, Regional, Rural, Provincial, Per capita, Income, Disposable, Shandong, Volume, CNY, YTD, 12M average",None,line
"China, Household survey, Regional, Rural, Provincial, Per capita, Income, Disposable, Shanghai, Volume, CNY, YTD, 12M average","China, Household survey, Regional, Rural, Provincial, Per capita, Income, Disposable, Shanghai, Volume, CNY, YTD, 12M average",None,line
"China, Household survey, Regional, Rural, Provincial, Per capita, Income, Disposable, Shanxi, Volume, CNY, YTD, 12M average","China, Household survey, Regional, Rural, Provincial, Per capita, Income, Disposable, Shanxi, Volume, CNY, YTD, 12M average",None,line
"China, Household survey, Regional, Rural, Provincial, Per capita, Income, Disposable, Sichuan, Volume, CNY, YTD, 12M average","China, Household survey, Regional, Rural, Provincial, Per capita, Income, Disposable, Sichuan, Volume, CNY, YTD, 12M average",None,line
"China, Household survey, Regional, Rural, Provincial, Per capita, Income, Disposable, Tianjin, Volume, CNY, YTD, 12M average","China, Household survey, Regional, Rural, Provincial, Per capita, Income, Disposable, Tianjin, Volume, CNY, YTD, 12M average",None,line
"China, Household survey, Regional, Rural, Provincial, Per capita, Income, Disposable, Tibet, Volume, CNY, YTD, 12M average","China, Household survey, Regional, Rural, Provincial, Per capita, Income, Disposable, Tibet, Volume, CNY, YTD, 12M average",None,line
"China, Household survey, Regional, Rural, Provincial, Per capita, Income, Disposable, Xinjiang, Volume, CNY, YTD, 12M average","China, Household survey, Regional, Rural, Provincial, Per capita, Income, Disposable, Xinjiang, Volume, CNY, YTD, 12M average",None,line
"China, Household survey, Regional, Rural, Provincial, Per capita, Income, Disposable, Yunnan, Volume, CNY, YTD, 12M average","China, Household survey, Regional, Rural, Provincial, Per capita, Income, Disposable, Yunnan, Volume, CNY, YTD, 12M average",None,line
"China, Household survey, Regional, Rural, Provincial, Per capita, Income, Disposable, Zhejiang, Volume, CNY, YTD, 12M average","China, Household survey, Regional, Rural, Provincial, Per capita, Income, Disposable, Zhejiang, Volume, CNY, YTD, 12M average",None,line
"China, Household survey, Regional, Urban, Provincial, Per capita, Expenditure, Anhui, Volume, CNY, YTD, 12M average","China, Household survey, Regional, Urban, Provincial, Per capita, Expenditure, Anhui, Volume, CNY, YTD, 12M average",None,line
"China, Household survey, Regional, Urban, Provincial, Per capita, Expenditure, Beijing, Volume, CNY, YTD, 12M average","China, Household survey, Regional, Urban, Provincial, Per capita, Expenditure, Beijing, Volume, CNY, YTD, 12M average",None,line
"China, Household survey, Regional, Urban, Provincial, Per capita, Expenditure, Chongqing, Volume, CNY, YTD, 12M average","China, Household survey, Regional, Urban, Provincial, Per capita, Expenditure, Chongqing, Volume, CNY, YTD, 12M average",None,line
"China, Household survey, Regional, Urban, Provincial, Per capita, Expenditure, Fujian, Volume, CNY, YTD, 12M average","China, Household survey, Regional, Urban, Provincial, Per capita, Expenditure, Fujian, Volume, CNY, YTD, 12M average",None,line
"China, Household survey, Regional, Urban, Provincial, Per capita, Expenditure, Gansu, Volume, CNY, YTD, 12M average","China, Household survey, Regional, Urban, Provincial, Per capita, Expenditure, Gansu, Volume, CNY, YTD, 12M average",None,line
"China, Household survey, Regional, Urban, Provincial, Per capita, Expenditure, Guangdong, Volume, CNY, YTD, 12M average","China, Household survey, Regional, Urban, Provincial, Per capita, Expenditure, Guangdong, Volume, CNY, YTD, 12M average",None,line
"China, Household survey, Regional, Urban, Provincial, Per capita, Expenditure, Guangxi, Volume, CNY, YTD, 12M average","China, Household survey, Regional, Urban, Provincial, Per capita, Expenditure, Guangxi, Volume, CNY, YTD, 12M average",None,line
"China, Household survey, Regional, Urban, Provincial, Per capita, Expenditure, Guizhou, Volume, CNY, YTD, 12M average","China, Household survey, Regional, Urban, Provincial, Per capita, Expenditure, Guizhou, Volume, CNY, YTD, 12M average",None,line
"China, Household survey, Regional, Urban, Provincial, Per capita, Expenditure, Hainan, Volume, CNY, YTD, 12M average","China, Household survey, Regional, Urban, Provincial, Per capita, Expenditure, Hainan, Volume, CNY, YTD, 12M average",None,line
"China, Household survey, Regional, Urban, Provincial, Per capita, Expenditure, Hebei, Volume, CNY, YTD, 12M average","China, Household survey, Regional, Urban, Provincial, Per capita, Expenditure, Hebei, Volume, CNY, YTD, 12M average",None,line
"China, Household survey, Regional, Urban, Provincial, Per capita, Expenditure, Heilongjiang, Volume, CNY, YTD, 12M average","China, Household survey, Regional, Urban, Provincial, Per capita, Expenditure, Heilongjiang, Volume, CNY, YTD, 12M average",None,line
"China, Household survey, Regional, Urban, Provincial, Per capita, Expenditure, Henan, Volume, CNY, YTD, 12M average","China, Household survey, Regional, Urban, Provincial, Per capita, Expenditure, Henan, Volume, CNY, YTD, 12M average",None,line
"China, Household survey, Regional, Urban, Provincial, Per capita, Expenditure, Hubei, Volume, CNY, YTD, 12M average","China, Household survey, Regional, Urban, Provincial, Per capita, Expenditure, Hubei, Volume, CNY, YTD, 12M average",None,line
"China, Household survey, Regional, Urban, Provincial, Per capita, Expenditure, Hunan, Volume, CNY, YTD, 12M average","China, Household survey, Regional, Urban, Provincial, Per capita, Expenditure, Hunan, Volume, CNY, YTD, 12M average",None,line
"China, Household survey, Regional, Urban, Provincial, Per capita, Expenditure, Inner Mongolia, Volume, CNY, YTD, 12M average","China, Household survey, Regional, Urban, Provincial, Per capita, Expenditure, Inner Mongolia, Volume, CNY, YTD, 12M average",None,line
"China, Household survey, Regional, Urban, Provincial, Per capita, Expenditure, Jiangsu, Volume, CNY, YTD, 12M average","China, Household survey, Regional, Urban, Provincial, Per capita, Expenditure, Jiangsu, Volume, CNY, YTD, 12M average",None,line
"China, Household survey, Regional, Urban, Provincial, Per capita, Expenditure, Jiangxi, Volume, CNY, YTD, 12M average","China, Household survey, Regional, Urban, Provincial, Per capita, Expenditure, Jiangxi, Volume, CNY, YTD, 12M average",None,line
"China, Household survey, Regional, Urban, Provincial, Per capita, Expenditure, Jilin, Volume, CNY, YTD, 12M average","China, Household survey, Regional, Urban, Provincial, Per capita, Expenditure, Jilin, Volume, CNY, YTD, 12M average",None,line
"China, Household survey, Regional, Urban, Provincial, Per capita, Expenditure, Liaoning, Volume, CNY, YTD, 12M average","China, Household survey, Regional, Urban, Provincial, Per capita, Expenditure, Liaoning, Volume, CNY, YTD, 12M average",None,line
"China, Household survey, Regional, Urban, Provincial, Per capita, Expenditure, Ningxia, Volume, CNY, YTD, 12M average","China, Household survey, Regional, Urban, Provincial, Per capita, Expenditure, Ningxia, Volume, CNY, YTD, 12M average",None,line
"China, Household survey, Regional, Urban, Provincial, Per capita, Expenditure, Qinghai, Volume, CNY, YTD, 12M average","China, Household survey, Regional, Urban, Provincial, Per capita, Expenditure, Qinghai, Volume, CNY, YTD, 12M average",None,line
"China, Household survey, Regional, Urban, Provincial, Per capita, Expenditure, Shaanxi, Volume, CNY, YTD, 12M average","China, Household survey, Regional, Urban, Provincial, Per capita, Expenditure, Shaanxi, Volume, CNY, YTD, 12M average",None,line
"China, Household survey, Regional, Urban, Provincial, Per capita, Expenditure, Shandong, Volume, CNY, YTD, 12M average","China, Household survey, Regional, Urban, Provincial, Per capita, Expenditure, Shandong, Volume, CNY, YTD, 12M average",None,line
"China, Household survey, Regional, Urban, Provincial, Per capita, Expenditure, Shanghai, Volume, CNY, YTD, 12M average","China, Household survey, Regional, Urban, Provincial, Per capita, Expenditure, Shanghai, Volume, CNY, YTD, 12M average",None,line
"China, Household survey, Regional, Urban, Provincial, Per capita, Expenditure, Shanxi, Volume, CNY, YTD, 12M average","China, Household survey, Regional, Urban, Provincial, Per capita, Expenditure, Shanxi, Volume, CNY, YTD, 12M average",None,line
"China, Household survey, Regional, Urban, Provincial, Per capita, Expenditure, Sichuan, Volume, CNY, YTD, 12M average","China, Household survey, Regional, Urban, Provincial, Per capita, Expenditure, Sichuan, Volume, CNY, YTD, 12M average",None,line
"China, Household survey, Regional, Urban, Provincial, Per capita, Expenditure, Tianjin, Volume, CNY, YTD, 12M average","China, Household survey, Regional, Urban, Provincial, Per capita, Expenditure, Tianjin, Volume, CNY, YTD, 12M average",None,line
"China, Household survey, Regional, Urban, Provincial, Per capita, Expenditure, Tibet, Volume, CNY, YTD, 12M average","China, Household survey, Regional, Urban, Provincial, Per capita, Expenditure, Tibet, Volume, CNY, YTD, 12M average",None,line
"China, Household survey, Regional, Urban, Provincial, Per capita, Expenditure, Xinjiang, Volume, CNY, YTD, 12M average","China, Household survey, Regional, Urban, Provincial, Per capita, Expenditure, Xinjiang, Volume, CNY, YTD, 12M average",None,line
"China, Household survey, Regional, Urban, Provincial, Per capita, Expenditure, Yunnan, Volume, CNY, YTD, 12M average","China, Household survey, Regional, Urban, Provincial, Per capita, Expenditure, Yunnan, Volume, CNY, YTD, 12M average",None,line
"China, Household survey, Regional, Urban, Provincial, Per capita, Expenditure, Zhejiang, Volume, CNY, YTD, 12M average","China, Household survey, Regional, Urban, Provincial, Per capita, Expenditure, Zhejiang, Volume, CNY, YTD, 12M average",None,line
"China, Household survey, Regional, Urban, Provincial, Per capita, Income, Disposable, Anhui, Volume, CNY, YTD, 12M average","China, Household survey, Regional, Urban, Provincial, Per capita, Income, Disposable, Anhui, Volume, CNY, YTD, 12M average",None,line
"China, Household survey, Regional, Urban, Provincial, Per capita, Income, Disposable, Beijing, Volume, CNY, YTD, 12M average","China, Household survey, Regional, Urban, Provincial, Per capita, Income, Disposable, Beijing, Volume, CNY, YTD, 12M average",None,line
"China, Household survey, Regional, Urban, Provincial, Per capita, Income, Disposable, Chongqing, Volume, CNY, YTD, 12M average","China, Household survey, Regional, Urban, Provincial, Per capita, Income, Disposable, Chongqing, Volume, CNY, YTD, 12M average",None,line
"China, Household survey, Regional, Urban, Provincial, Per capita, Income, Disposable, Fujian, Volume, CNY, YTD, 12M average","China, Household survey, Regional, Urban, Provincial, Per capita, Income, Disposable, Fujian, Volume, CNY, YTD, 12M average",None,line
"China, Household survey, Regional, Urban, Provincial, Per capita, Income, Disposable, Gansu, Volume, CNY, YTD, 12M average","China, Household survey, Regional, Urban, Provincial, Per capita, Income, Disposable, Gansu, Volume, CNY, YTD, 12M average",None,line
"China, Household survey, Regional, Urban, Provincial, Per capita, Income, Disposable, Guangdong, Volume, CNY, YTD, 12M average","China, Household survey, Regional, Urban, Provincial, Per capita, Income, Disposable, Guangdong, Volume, CNY, YTD, 12M average",None,line
"China, Household survey, Regional, Urban, Provincial, Per capita, Income, Disposable, Guangxi, Volume, CNY, YTD, 12M average","China, Household survey, Regional, Urban, Provincial, Per capita, Income, Disposable, Guangxi, Volume, CNY, YTD, 12M average",None,line
"China, Household survey, Regional, Urban, Provincial, Per capita, Income, Disposable, Guizhou, Volume, CNY, YTD, 12M average","China, Household survey, Regional, Urban, Provincial, Per capita, Income, Disposable, Guizhou, Volume, CNY, YTD, 12M average",None,line
"China, Household survey, Regional, Urban, Provincial, Per capita, Income, Disposable, Hainan, Volume, CNY, YTD, 12M average","China, Household survey, Regional, Urban, Provincial, Per capita, Income, Disposable, Hainan, Volume, CNY, YTD, 12M average",None,line
"China, Household survey, Regional, Urban, Provincial, Per capita, Income, Disposable, Hebei, Volume, CNY, YTD, 12M average","China, Household survey, Regional, Urban, Provincial, Per capita, Income, Disposable, Hebei, Volume, CNY, YTD, 12M average",None,line
"China, Household survey, Regional, Urban, Provincial, Per capita, Income, Disposable, Heilongjiang, Volume, CNY, YTD, 12M average","China, Household survey, Regional, Urban, Provincial, Per capita, Income, Disposable, Heilongjiang, Volume, CNY, YTD, 12M average",None,line
"China, Household survey, Regional, Urban, Provincial, Per capita, Income, Disposable, Henan, Volume, CNY, YTD, 12M average","China, Household survey, Regional, Urban, Provincial, Per capita, Income, Disposable, Henan, Volume, CNY, YTD, 12M average",None,line
"China, Household survey, Regional, Urban, Provincial, Per capita, Income, Disposable, Hubei, Volume, CNY, YTD, 12M average","China, Household survey, Regional, Urban, Provincial, Per capita, Income, Disposable, Hubei, Volume, CNY, YTD, 12M average",None,line
"China, Household survey, Regional, Urban, Provincial, Per capita, Income, Disposable, Hunan, Volume, CNY, YTD, 12M average","China, Household survey, Regional, Urban, Provincial, Per capita, Income, Disposable, Hunan, Volume, CNY, YTD, 12M average",None,line
"China, Household survey, Regional, Urban, Provincial, Per capita, Income, Disposable, Inner Mongolia, Volume, CNY, YTD, 12M average","China, Household survey, Regional, Urban, Provincial, Per capita, Income, Disposable, Inner Mongolia, Volume, CNY, YTD, 12M average",None,line
"China, Household survey, Regional, Urban, Provincial, Per capita, Income, Disposable, Jiangsu, Volume, CNY, YTD, 12M average","China, Household survey, Regional, Urban, Provincial, Per capita, Income, Disposable, Jiangsu, Volume, CNY, YTD, 12M average",None,line
"China, Household survey, Regional, Urban, Provincial, Per capita, Income, Disposable, Jiangxi, Volume, CNY, YTD, 12M average","China, Household survey, Regional, Urban, Provincial, Per capita, Income, Disposable, Jiangxi, Volume, CNY, YTD, 12M average",None,line
"China, Household survey, Regional, Urban, Provincial, Per capita, Income, Disposable, Jilin, Volume, CNY, YTD, 12M average","China, Household survey, Regional, Urban, Provincial, Per capita, Income, Disposable, Jilin, Volume, CNY, YTD, 12M average",None,line
"China, Household survey, Regional, Urban, Provincial, Per capita, Income, Disposable, Liaoning, Volume, CNY, YTD, 12M average","China, Household survey, Regional, Urban, Provincial, Per capita, Income, Disposable, Liaoning, Volume, CNY, YTD, 12M average",None,line
"China, Household survey, Regional, Urban, Provincial, Per capita, Income, Disposable, Ningxia, Volume, CNY, YTD, 12M average","China, Household survey, Regional, Urban, Provincial, Per capita, Income, Disposable, Ningxia, Volume, CNY, YTD, 12M average",None,line
"China, Household survey, Regional, Urban, Provincial, Per capita, Income, Disposable, Qinghai, Volume, CNY, YTD, 12M average","China, Household survey, Regional, Urban, Provincial, Per capita, Income, Disposable, Qinghai, Volume, CNY, YTD, 12M average",None,line
"China, Household survey, Regional, Urban, Provincial, Per capita, Income, Disposable, Shaanxi, Volume, CNY, YTD, 12M average","China, Household survey, Regional, Urban, Provincial, Per capita, Income, Disposable, Shaanxi, Volume, CNY, YTD, 12M average",None,line
"China, Household survey, Regional, Urban, Provincial, Per capita, Income, Disposable, Shandong, Volume, CNY, YTD, 12M average","China, Household survey, Regional, Urban, Provincial, Per capita, Income, Disposable, Shandong, Volume, CNY, YTD, 12M average",None,line
"China, Household survey, Regional, Urban, Provincial, Per capita, Income, Disposable, Shanghai, Volume, CNY, YTD, 12M average","China, Household survey, Regional, Urban, Provincial, Per capita, Income, Disposable, Shanghai, Volume, CNY, YTD, 12M average",None,line
"China, Household survey, Regional, Urban, Provincial, Per capita, Income, Disposable, Shanxi, Volume, CNY, YTD, 12M average","China, Household survey, Regional, Urban, Provincial, Per capita, Income, Disposable, Shanxi, Volume, CNY, YTD, 12M average",None,line
"China, Household survey, Regional, Urban, Provincial, Per capita, Income, Disposable, Sichuan, Volume, CNY, YTD, 12M average","China, Household survey, Regional, Urban, Provincial, Per capita, Income, Disposable, Sichuan, Volume, CNY, YTD, 12M average",None,line
"China, Household survey, Regional, Urban, Provincial, Per capita, Income, Disposable, Tianjin, Volume, CNY, YTD, 12M average","China, Household survey, Regional, Urban, Provincial, Per capita, Income, Disposable, Tianjin, Volume, CNY, YTD, 12M average",None,line
"China, Household survey, Regional, Urban, Provincial, Per capita, Income, Disposable, Tibet, Volume, CNY, YTD, 12M average","China, Household survey, Regional, Urban, Provincial, Per capita, Income, Disposable, Tibet, Volume, CNY, YTD, 12M average",None,line
"China, Household survey, Regional, Urban, Provincial, Per capita, Income, Disposable, Xinjiang, Volume, CNY, YTD, 12M average","China, Household survey, Regional, Urban, Provincial, Per capita, Income, Disposable, Xinjiang, Volume, CNY, YTD, 12M average",None,line
"China, Household survey, Regional, Urban, Provincial, Per capita, Income, Disposable, Yunnan, Volume, CNY, YTD, 12M average","China, Household survey, Regional, Urban, Provincial, Per capita, Income, Disposable, Yunnan, Volume, CNY, YTD, 12M average",None,line
"China, Household survey, Regional, Urban, Provincial, Per capita, Income, Disposable, Zhejiang, Volume, CNY, YTD, 12M average","China, Household survey, Regional, Urban, Provincial, Per capita, Income, Disposable, Zhejiang, Volume, CNY, YTD, 12M average",None,line
"China, Household survey, Rural, Per capita, Expenditure, Clothing and footwear, YTD, Volume, CNY, 12M average","China, Household survey, Rural, Per capita, Expenditure, Clothing and footwear, YTD, Volume, CNY, 12M average",None,line
"China, Household survey, Rural, Per capita, Expenditure, Education, culture and recreation, YTD, Volume, CNY, 12M average","China, Household survey, Rural, Per capita, Expenditure, Education, culture and recreation, YTD, Volume, CNY, 12M average",None,line
"China, Household survey, Rural, Per capita, Expenditure, Food and tobacco, YTD, Volume, CNY, 12M average","China, Household survey, Rural, Per capita, Expenditure, Food and tobacco, YTD, Volume, CNY, 12M average",None,line
"China, Household survey, Rural, Per capita, Expenditure, Household equipment, furnishings and services, YTD, Volume, CNY, 12M average","China, Household survey, Rural, Per capita, Expenditure, Household equipment, furnishings and services, YTD, Volume, CNY, 12M average",None,line
"China, Household survey, Rural, Per capita, Expenditure, Housing, YTD, Volume, CNY, 12M average","China, Household survey, Rural, Per capita, Expenditure, Housing, YTD, Volume, CNY, 12M average",None,line
"China, Household survey, Rural, Per capita, Expenditure, Medical, YTD, Volume, CNY, 12M average","China, Household survey, Rural, Per capita, Expenditure, Medical, YTD, Volume, CNY, 12M average",None,line
"China, Household survey, Rural, Per capita, Expenditure, Miscellaneous, YTD, Volume, CNY, 12M average","China, Household survey, Rural, Per capita, Expenditure, Miscellaneous, YTD, Volume, CNY, 12M average",None,line
"China, Household survey, Rural, Per capita, Expenditure, Transport and communication, YTD, Volume, CNY, 12M average","China, Household survey, Rural, Per capita, Expenditure, Transport and communication, YTD, Volume, CNY, 12M average",None,line
"China, Household survey, Rural, Per capita, Expenditure, YTD, Volume, CNY, 12M average","China, Household survey, Rural, Per capita, Expenditure, YTD, Volume, CNY, 12M average",None,line
"China, Household survey, Rural, Per capita, Income, Business, YTD, Volume, CNY, 12M average","China, Household survey, Rural, Per capita, Income, Business, YTD, Volume, CNY, 12M average",None,line
"China, Household survey, Rural, Per capita, Income, Disposable, Median, YTD, Volume, CNY, 12M average","China, Household survey, Rural, Per capita, Income, Disposable, Median, YTD, Volume, CNY, 12M average",None,line
"China, Household survey, Rural, Per capita, Income, Disposable, YTD, Volume, CNY, 12M average","China, Household survey, Rural, Per capita, Income, Disposable, YTD, Volume, CNY, 12M average",None,line
"China, Household survey, Rural, Per capita, Income, Property, YTD, Volume, CNY, 12M average","China, Household survey, Rural, Per capita, Income, Property, YTD, Volume, CNY, 12M average",None,line
"China, Household survey, Rural, Per capita, Income, Transfer, YTD, Volume, CNY, 12M average","China, Household survey, Rural, Per capita, Income, Transfer, YTD, Volume, CNY, 12M average",None,line
"China, Household survey, Rural, Per capita, Income, Wages, YTD, Volume, CNY, 12M average","China, Household survey, Rural, Per capita, Income, Wages, YTD, Volume, CNY, 12M average",None,line
"China, Household survey, Urban, Per capita, Expenditure, Clothing and footwear, YTD, Volume, CNY, 12M average","China, Household survey, Urban, Per capita, Expenditure, Clothing and footwear, YTD, Volume, CNY, 12M average",None,line
"China, Household survey, Urban, Per capita, Expenditure, Education, culture and recreation, YTD, Volume, CNY, 12M average","China, Household survey, Urban, Per capita, Expenditure, Education, culture and recreation, YTD, Volume, CNY, 12M average",None,line
"China, Household survey, Urban, Per capita, Expenditure, Food and tobacco, YTD, Volume, CNY, 12M average","China, Household survey, Urban, Per capita, Expenditure, Food and tobacco, YTD, Volume, CNY, 12M average",None,line
"China, Household survey, Urban, Per capita, Expenditure, Household equipment, furnishings and services, YTD, Volume, CNY, 12M average","China, Household survey, Urban, Per capita, Expenditure, Household equipment, furnishings and services, YTD, Volume, CNY, 12M average",None,line
"China, Household survey, Urban, Per capita, Expenditure, Housing, YTD, Volume, CNY, 12M average","China, Household survey, Urban, Per capita, Expenditure, Housing, YTD, Volume, CNY, 12M average",None,line
"China, Household survey, Urban, Per capita, Expenditure, Medical, YTD, Volume, CNY, 12M average","China, Household survey, Urban, Per capita, Expenditure, Medical, YTD, Volume, CNY, 12M average",None,line
"China, Household survey, Urban, Per capita, Expenditure, Miscellaneous, YTD, Volume, CNY, 12M average","China, Household survey, Urban, Per capita, Expenditure, Miscellaneous, YTD, Volume, CNY, 12M average",None,line
"China, Household survey, Urban, Per capita, Expenditure, Transport and communication, YTD, Volume, CNY, 12M average","China, Household survey, Urban, Per capita, Expenditure, Transport and communication, YTD, Volume, CNY, 12M average",None,line
"China, Household survey, Urban, Per capita, Expenditure, YTD, Volume, CNY, 12M average","China, Household survey, Urban, Per capita, Expenditure, YTD, Volume, CNY, 12M average",None,line
"China, Household survey, Urban, Per capita, Income, Business, YTD, Volume, CNY, 12M average","China, Household survey, Urban, Per capita, Income, Business, YTD, Volume, CNY, 12M average",None,line
"China, Household survey, Urban, Per capita, Income, Disposable, Median, YTD, Volume, CNY, 12M average","China, Household survey, Urban, Per capita, Income, Disposable, Median, YTD, Volume, CNY, 12M average",None,line
"China, Household survey, Urban, Per capita, Income, Disposable, YTD, Volume, CNY, 12M average","China, Household survey, Urban, Per capita, Income, Disposable, YTD, Volume, CNY, 12M average",None,line
"China, Household survey, Urban, Per capita, Income, Property, YTD, Volume, CNY, 12M average","China, Household survey, Urban, Per capita, Income, Property, YTD, Volume, CNY, 12M average",None,line
"China, Household survey, Urban, Per capita, Income, Transfer, YTD, Volume, CNY, 12M average","China, Household survey, Urban, Per capita, Income, Transfer, YTD, Volume, CNY, 12M average",None,line
"China, Household survey, Urban, Per capita, Income, Wages, YTD, Volume, CNY, 12M average","China, Household survey, Urban, Per capita, Income, Wages, YTD, Volume, CNY, 12M average",None,line
"China, Household survey, National, Per capita, Expenditure, Clothing and footwear, Volume, CNY, 12M average","China, Household survey, National, Per capita, Expenditure, Clothing and footwear, Volume, CNY, 12M average",None,line
"China, Household survey, National, Per capita, Expenditure, Education, culture and recreation, Volume, CNY, 12M average","China, Household survey, National, Per capita, Expenditure, Education, culture and recreation, Volume, CNY, 12M average",None,line
"China, Household survey, National, Per capita, Expenditure, Food and tobacco, Volume, CNY, 12M average","China, Household survey, National, Per capita, Expenditure, Food and tobacco, Volume, CNY, 12M average",None,line
"China, Household survey, National, Per capita, Expenditure, Household equipment, furnishings and services, Volume, CNY, 12M average","China, Household survey, National, Per capita, Expenditure, Household equipment, furnishings and services, Volume, CNY, 12M average",None,line
"China, Household survey, National, Per capita, Expenditure, Housing, Volume, CNY, 12M average","China, Household survey, National, Per capita, Expenditure, Housing, Volume, CNY, 12M average",None,line
"China, Household survey, National, Per capita, Expenditure, Medical, Volume, CNY, 12M average","China, Household survey, National, Per capita, Expenditure, Medical, Volume, CNY, 12M average",None,line
"China, Household survey, National, Per capita, Expenditure, Miscellaneous, Volume, CNY, 12M average","China, Household survey, National, Per capita, Expenditure, Miscellaneous, Volume, CNY, 12M average",None,line
"China, Household survey, National, Per capita, Expenditure, Transport and communication, Volume, CNY, 12M average","China, Household survey, National, Per capita, Expenditure, Transport and communication, Volume, CNY, 12M average",None,line
"China, Household survey, National, Per capita, Expenditure, Volume, CNY, 12M average","China, Household survey, National, Per capita, Expenditure, Volume, CNY, 12M average",None,line
"China, Household survey, National, Per capita, Income, Business, Volume, CNY, 12M average","China, Household survey, National, Per capita, Income, Business, Volume, CNY, 12M average",None,line
"China, Household survey, National, Per capita, Income, Disposable, Median, Volume, CNY, 12M average","China, Household survey, National, Per capita, Income, Disposable, Median, Volume, CNY, 12M average",None,line
"China, Household survey, National, Per capita, Income, Disposable, Volume, CNY, 12M average","China, Household survey, National, Per capita, Income, Disposable, Volume, CNY, 12M average",None,line
"China, Household survey, National, Per capita, Income, Property, Volume, CNY, 12M average","China, Household survey, National, Per capita, Income, Property, Volume, CNY, 12M average",None,line
"China, Household survey, National, Per capita, Income, Transfer, Volume, CNY, 12M average","China, Household survey, National, Per capita, Income, Transfer, Volume, CNY, 12M average",None,line
"China, Household survey, National, Per capita, Income, Wages, Volume, CNY, 12M average","China, Household survey, National, Per capita, Income, Wages, Volume, CNY, 12M average",None,line
"China, Household survey, Rural, Per capita, Expenditure, Clothing and footwear, Volume, CNY, 12M average","China, Household survey, Rural, Per capita, Expenditure, Clothing and footwear, Volume, CNY, 12M average",None,line
"China, Household survey, Rural, Per capita, Expenditure, Education, culture and recreation, Volume, CNY, 12M average","China, Household survey, Rural, Per capita, Expenditure, Education, culture and recreation, Volume, CNY, 12M average",None,line
"China, Household survey, Rural, Per capita, Expenditure, Food and tobacco, Volume, CNY, 12M average","China, Household survey, Rural, Per capita, Expenditure, Food and tobacco, Volume, CNY, 12M average",None,line
"China, Household survey, Rural, Per capita, Expenditure, Household equipment, furnishings and services, Volume, CNY, 12M average","China, Household survey, Rural, Per capita, Expenditure, Household equipment, furnishings and services, Volume, CNY, 12M average",None,line
"China, Household survey, Rural, Per capita, Expenditure, Housing, Volume, CNY, 12M average","China, Household survey, Rural, Per capita, Expenditure, Housing, Volume, CNY, 12M average",None,line
"China, Household survey, Rural, Per capita, Expenditure, Medical, Volume, CNY, 12M average","China, Household survey, Rural, Per capita, Expenditure, Medical, Volume, CNY, 12M average",None,line
"China, Household survey, Rural, Per capita, Expenditure, Miscellaneous, Volume, CNY, 12M average","China, Household survey, Rural, Per capita, Expenditure, Miscellaneous, Volume, CNY, 12M average",None,line
"China, Household survey, Rural, Per capita, Expenditure, Transport and communication, Volume, CNY, 12M average","China, Household survey, Rural, Per capita, Expenditure, Transport and communication, Volume, CNY, 12M average",None,line
"China, Household survey, Rural, Per capita, Expenditure, Volume, CNY, 12M average","China, Household survey, Rural, Per capita, Expenditure, Volume, CNY, 12M average",None,line
"China, Household survey, Rural, Per capita, Income, Business, Volume, CNY, 12M average","China, Household survey, Rural, Per capita, Income, Business, Volume, CNY, 12M average",None,line
"China, Household survey, Rural, Per capita, Income, Disposable, Median, Volume, CNY, 12M average","China, Household survey, Rural, Per capita, Income, Disposable, Median, Volume, CNY, 12M average",None,line
"China, Household survey, Rural, Per capita, Income, Disposable, Volume, CNY, 12M average","China, Household survey, Rural, Per capita, Income, Disposable, Volume, CNY, 12M average",None,line
"China, Household survey, Rural, Per capita, Income, Property, Volume, CNY, 12M average","China, Household survey, Rural, Per capita, Income, Property, Volume, CNY, 12M average",None,line
"China, Household survey, Rural, Per capita, Income, Transfer, Volume, CNY, 12M average","China, Household survey, Rural, Per capita, Income, Transfer, Volume, CNY, 12M average",None,line
"China, Household survey, Rural, Per capita, Income, Wages, Volume, CNY, 12M average","China, Household survey, Rural, Per capita, Income, Wages, Volume, CNY, 12M average",None,line
"China, Household survey, Urban, Per capita, Expenditure, Clothing and footwear, Volume, CNY, 12M average","China, Household survey, Urban, Per capita, Expenditure, Clothing and footwear, Volume, CNY, 12M average",None,line
"China, Household survey, Urban, Per capita, Expenditure, Education, culture and recreation, Volume, CNY, 12M average","China, Household survey, Urban, Per capita, Expenditure, Education, culture and recreation, Volume, CNY, 12M average",None,line
"China, Household survey, Urban, Per capita, Expenditure, Food and tobacco, Volume, CNY, 12M average","China, Household survey, Urban, Per capita, Expenditure, Food and tobacco, Volume, CNY, 12M average",None,line
"China, Household survey, Urban, Per capita, Expenditure, Household equipment, furnishings and services, Volume, CNY, 12M average","China, Household survey, Urban, Per capita, Expenditure, Household equipment, furnishings and services, Volume, CNY, 12M average",None,line
"China, Household survey, Urban, Per capita, Expenditure, Housing, Volume, CNY, 12M average","China, Household survey, Urban, Per capita, Expenditure, Housing, Volume, CNY, 12M average",None,line
"China, Household survey, Urban, Per capita, Expenditure, Medical, Volume, CNY, 12M average","China, Household survey, Urban, Per capita, Expenditure, Medical, Volume, CNY, 12M average",None,line
"China, Household survey, Urban, Per capita, Expenditure, Miscellaneous, Volume, CNY, 12M average","China, Household survey, Urban, Per capita, Expenditure, Miscellaneous, Volume, CNY, 12M average",None,line
"China, Household survey, Urban, Per capita, Expenditure, Transport and communication, Volume, CNY, 12M average","China, Household survey, Urban, Per capita, Expenditure, Transport and communication, Volume, CNY, 12M average",None,line
"China, Household survey, Urban, Per capita, Expenditure, Volume, CNY, 12M average","China, Household survey, Urban, Per capita, Expenditure, Volume, CNY, 12M average",None,line
"China, Household survey, Urban, Per capita, Income, Business, Volume, CNY, 12M average","China, Household survey, Urban, Per capita, Income, Business, Volume, CNY, 12M average",None,line
"China, Household survey, Urban, Per capita, Income, Disposable, Median, Volume, CNY, 12M average","China, Household survey, Urban, Per capita, Income, Disposable, Median, Volume, CNY, 12M average",None,line
"China, Household survey, Urban, Per capita, Income, Disposable, Volume, CNY, 12M average","China, Household survey, Urban, Per capita, Income, Disposable, Volume, CNY, 12M average",None,line
"China, Household survey, Urban, Per capita, Income, Property, Volume, CNY, 12M average","China, Household survey, Urban, Per capita, Income, Property, Volume, CNY, 12M average",None,line
"China, Household survey, Urban, Per capita, Income, Transfer, Volume, CNY, 12M average","China, Household survey, Urban, Per capita, Income, Transfer, Volume, CNY, 12M average",None,line
"China, Household survey, Urban, Per capita, Income, Wages, Volume, CNY, 12M average","China, Household survey, Urban, Per capita, Income, Wages, Volume, CNY, 12M average",None,line
"China, Household survey, National, Aggregate, Income, Disposable, Volume, CNY bn, 12M average","China, Household survey, National, Aggregate, Income, Disposable, Volume, CNY bn, 12M average",None,line
"China, Household survey, Rural and urban, Aggregate, Income, Disposable, Volume, CNY bn, 12M average","China, Household survey, Rural and urban, Aggregate, Income, Disposable, Volume, CNY bn, 12M average",None,line
"China, Household survey, National, Aggregate, Expenditure, Medical, Volume, CNY bn, 12M average","China, Household survey, National, Aggregate, Expenditure, Medical, Volume, CNY bn, 12M average",None,line
"China, Household survey, National, Aggregate, Expenditure, Education, culture and recreation, Volume, CNY bn, 12M average","China, Household survey, National, Aggregate, Expenditure, Education, culture and recreation, Volume, CNY bn, 12M average",None,line
"China, Household survey, National, Aggregate, Expenditure, Transport and communication, Volume, CNY bn, 12M average","China, Household survey, National, Aggregate, Expenditure, Transport and communication, Volume, CNY bn, 12M average",None,line
"China, Household survey, National, Aggregate, Expenditure, Clothing and footwear, Volume, CNY bn, 12M average","China, Household survey, National, Aggregate, Expenditure, Clothing and footwear, Volume, CNY bn, 12M average",None,line
"China, Household survey, National, Aggregate, Expenditure, Food and tobacco, Volume, CNY bn, 12M average","China, Household survey, National, Aggregate, Expenditure, Food and tobacco, Volume, CNY bn, 12M average",None,line
"China, Household survey, National, Aggregate, Expenditure, Household equipment, furnishings and services, Volume, CNY bn, 12M average","China, Household survey, National, Aggregate, Expenditure, Household equipment, furnishings and services, Volume, CNY bn, 12M average",None,line
"China, Household survey, National, Aggregate, Expenditure, Miscellaneous, Volume, CNY bn, 12M average","China, Household survey, National, Aggregate, Expenditure, Miscellaneous, Volume, CNY bn, 12M average",None,line
"China, Household survey, National, Aggregate, Expenditure, Housing, Volume, CNY bn, 12M average","China, Household survey, National, Aggregate, Expenditure, Housing, Volume, CNY bn, 12M average",None,line
"China, Household survey, National, Aggregate, Expenditure, Volume, CNY bn, 12M average","China, Household survey, National, Aggregate, Expenditure, Volume, CNY bn, 12M average",None,line
"China, Household survey, Rural and urban, Aggregate, Expenditure, Volume, CNY bn, 12M average","China, Household survey, Rural and urban, Aggregate, Expenditure, Volume, CNY bn, 12M average",None,line
"China, Household survey, Migrant workers, Income, Volume, CNY, % YoY, 12M average","China, Household survey, Migrant workers, Income, Volume, CNY, % YoY, 12M average",None,line
"China, Household survey, National, Per capita, Expenditure, Clothing and footwear, YTD, Volume, CNY, % YoY, 12M average","China, Household survey, National, Per capita, Expenditure, Clothing and footwear, YTD, Volume, CNY, % YoY, 12M average",None,line
"China, Household survey, National, Per capita, Expenditure, Education, culture and recreation, YTD, Volume, CNY, % YoY, 12M average","China, Household survey, National, Per capita, Expenditure, Education, culture and recreation, YTD, Volume, CNY, % YoY, 12M average",None,line
"China, Household survey, National, Per capita, Expenditure, Food and tobacco, YTD, Volume, CNY, % YoY, 12M average","China, Household survey, National, Per capita, Expenditure, Food and tobacco, YTD, Volume, CNY, % YoY, 12M average",None,line
"China, Household survey, National, Per capita, Expenditure, Household equipment, furnishings and services, YTD, Volume, CNY, % YoY, 12M average","China, Household survey, National, Per capita, Expenditure, Household equipment, furnishings and services, YTD, Volume, CNY, % YoY, 12M average",None,line
"China, Household survey, National, Per capita, Expenditure, Housing, YTD, Volume, CNY, % YoY, 12M average","China, Household survey, National, Per capita, Expenditure, Housing, YTD, Volume, CNY, % YoY, 12M average",None,line
"China, Household survey, National, Per capita, Expenditure, Medical, YTD, Volume, CNY, % YoY, 12M average","China, Household survey, National, Per capita, Expenditure, Medical, YTD, Volume, CNY, % YoY, 12M average",None,line
"China, Household survey, National, Per capita, Expenditure, Miscellaneous, YTD, Volume, CNY, % YoY, 12M average","China, Household survey, National, Per capita, Expenditure, Miscellaneous, YTD, Volume, CNY, % YoY, 12M average",None,line
"China, Household survey, National, Per capita, Expenditure, Transport and communication, YTD, Volume, CNY, % YoY, 12M average","China, Household survey, National, Per capita, Expenditure, Transport and communication, YTD, Volume, CNY, % YoY, 12M average",None,line
"China, Household survey, National, Per capita, Expenditure, YTD, Volume, CNY, % YoY, 12M average","China, Household survey, National, Per capita, Expenditure, YTD, Volume, CNY, % YoY, 12M average",None,line
"China, Household survey, National, Per capita, Income, Business, YTD, Volume, CNY, % YoY, 12M average","China, Household survey, National, Per capita, Income, Business, YTD, Volume, CNY, % YoY, 12M average",None,line
"China, Household survey, National, Per capita, Income, Disposable, Median, YTD, Volume, CNY, % YoY, 12M average","China, Household survey, National, Per capita, Income, Disposable, Median, YTD, Volume, CNY, % YoY, 12M average",None,line
"China, Household survey, National, Per capita, Income, Disposable, YTD, Volume, CNY, % YoY, 12M average","China, Household survey, National, Per capita, Income, Disposable, YTD, Volume, CNY, % YoY, 12M average",None,line
"China, Household survey, National, Per capita, Income, Property, YTD, Volume, CNY, % YoY, 12M average","China, Household survey, National, Per capita, Income, Property, YTD, Volume, CNY, % YoY, 12M average",None,line
"China, Household survey, National, Per capita, Income, Transfer, YTD, Volume, CNY, % YoY, 12M average","China, Household survey, National, Per capita, Income, Transfer, YTD, Volume, CNY, % YoY, 12M average",None,line
"China, Household survey, National, Per capita, Income, Wages, YTD, Volume, CNY, % YoY, 12M average","China, Household survey, National, Per capita, Income, Wages, YTD, Volume, CNY, % YoY, 12M average",None,line
"China, Household survey, Regional, Rural, Provincial, Per capita, Expenditure, Anhui, Volume, CNY, % YoY, YTD, 12M average","China, Household survey, Regional, Rural, Provincial, Per capita, Expenditure, Anhui, Volume, CNY, % YoY, YTD, 12M average",None,line
"China, Household survey, Regional, Rural, Provincial, Per capita, Expenditure, Beijing, Volume, CNY, % YoY, YTD, 12M average","China, Household survey, Regional, Rural, Provincial, Per capita, Expenditure, Beijing, Volume, CNY, % YoY, YTD, 12M average",None,line
"China, Household survey, Regional, Rural, Provincial, Per capita, Expenditure, Chongqing, Volume, CNY, % YoY, YTD, 12M average","China, Household survey, Regional, Rural, Provincial, Per capita, Expenditure, Chongqing, Volume, CNY, % YoY, YTD, 12M average",None,line
"China, Household survey, Regional, Rural, Provincial, Per capita, Expenditure, Fujian, Volume, CNY, % YoY, YTD, 12M average","China, Household survey, Regional, Rural, Provincial, Per capita, Expenditure, Fujian, Volume, CNY, % YoY, YTD, 12M average",None,line
"China, Household survey, Regional, Rural, Provincial, Per capita, Expenditure, Gansu, Volume, CNY, % YoY, YTD, 12M average","China, Household survey, Regional, Rural, Provincial, Per capita, Expenditure, Gansu, Volume, CNY, % YoY, YTD, 12M average",None,line
"China, Household survey, Regional, Rural, Provincial, Per capita, Expenditure, Guangdong, Volume, CNY, % YoY, YTD, 12M average","China, Household survey, Regional, Rural, Provincial, Per capita, Expenditure, Guangdong, Volume, CNY, % YoY, YTD, 12M average",None,line
"China, Household survey, Regional, Rural, Provincial, Per capita, Expenditure, Guangxi, Volume, CNY, % YoY, YTD, 12M average","China, Household survey, Regional, Rural, Provincial, Per capita, Expenditure, Guangxi, Volume, CNY, % YoY, YTD, 12M average",None,line
"China, Household survey, Regional, Rural, Provincial, Per capita, Expenditure, Guizhou, Volume, CNY, % YoY, YTD, 12M average","China, Household survey, Regional, Rural, Provincial, Per capita, Expenditure, Guizhou, Volume, CNY, % YoY, YTD, 12M average",None,line
"China, Household survey, Regional, Rural, Provincial, Per capita, Expenditure, Hainan, Volume, CNY, % YoY, YTD, 12M average","China, Household survey, Regional, Rural, Provincial, Per capita, Expenditure, Hainan, Volume, CNY, % YoY, YTD, 12M average",None,line
"China, Household survey, Regional, Rural, Provincial, Per capita, Expenditure, Hebei, Volume, CNY, % YoY, YTD, 12M average","China, Household survey, Regional, Rural, Provincial, Per capita, Expenditure, Hebei, Volume, CNY, % YoY, YTD, 12M average",None,line
"China, Household survey, Regional, Rural, Provincial, Per capita, Expenditure, Heilongjiang, Volume, CNY, % YoY, YTD, 12M average","China, Household survey, Regional, Rural, Provincial, Per capita, Expenditure, Heilongjiang, Volume, CNY, % YoY, YTD, 12M average",None,line
"China, Household survey, Regional, Rural, Provincial, Per capita, Expenditure, Henan, Volume, CNY, % YoY, YTD, 12M average","China, Household survey, Regional, Rural, Provincial, Per capita, Expenditure, Henan, Volume, CNY, % YoY, YTD, 12M average",None,line
"China, Household survey, Regional, Rural, Provincial, Per capita, Expenditure, Hubei, Volume, CNY, % YoY, YTD, 12M average","China, Household survey, Regional, Rural, Provincial, Per capita, Expenditure, Hubei, Volume, CNY, % YoY, YTD, 12M average",None,line
"China, Household survey, Regional, Rural, Provincial, Per capita, Expenditure, Hunan, Volume, CNY, % YoY, YTD, 12M average","China, Household survey, Regional, Rural, Provincial, Per capita, Expenditure, Hunan, Volume, CNY, % YoY, YTD, 12M average",None,line
"China, Household survey, Regional, Rural, Provincial, Per capita, Expenditure, Inner Mongolia, Volume, CNY, % YoY, YTD, 12M average","China, Household survey, Regional, Rural, Provincial, Per capita, Expenditure, Inner Mongolia, Volume, CNY, % YoY, YTD, 12M average",None,line
"China, Household survey, Regional, Rural, Provincial, Per capita, Expenditure, Jiangsu, Volume, CNY, % YoY, YTD, 12M average","China, Household survey, Regional, Rural, Provincial, Per capita, Expenditure, Jiangsu, Volume, CNY, % YoY, YTD, 12M average",None,line
"China, Household survey, Regional, Rural, Provincial, Per capita, Expenditure, Jiangxi, Volume, CNY, % YoY, YTD, 12M average","China, Household survey, Regional, Rural, Provincial, Per capita, Expenditure, Jiangxi, Volume, CNY, % YoY, YTD, 12M average",None,line
"China, Household survey, Regional, Rural, Provincial, Per capita, Expenditure, Jilin, Volume, CNY, % YoY, YTD, 12M average","China, Household survey, Regional, Rural, Provincial, Per capita, Expenditure, Jilin, Volume, CNY, % YoY, YTD, 12M average",None,line
"China, Household survey, Regional, Rural, Provincial, Per capita, Expenditure, Liaoning, Volume, CNY, % YoY, YTD, 12M average","China, Household survey, Regional, Rural, Provincial, Per capita, Expenditure, Liaoning, Volume, CNY, % YoY, YTD, 12M average",None,line
"China, Household survey, Regional, Rural, Provincial, Per capita, Expenditure, Ningxia, Volume, CNY, % YoY, YTD, 12M average","China, Household survey, Regional, Rural, Provincial, Per capita, Expenditure, Ningxia, Volume, CNY, % YoY, YTD, 12M average",None,line
"China, Household survey, Regional, Rural, Provincial, Per capita, Expenditure, Qinghai, Volume, CNY, % YoY, YTD, 12M average","China, Household survey, Regional, Rural, Provincial, Per capita, Expenditure, Qinghai, Volume, CNY, % YoY, YTD, 12M average",None,line
"China, Household survey, Regional, Rural, Provincial, Per capita, Expenditure, Shaanxi, Volume, CNY, % YoY, YTD, 12M average","China, Household survey, Regional, Rural, Provincial, Per capita, Expenditure, Shaanxi, Volume, CNY, % YoY, YTD, 12M average",None,line
"China, Household survey, Regional, Rural, Provincial, Per capita, Expenditure, Shandong, Volume, CNY, % YoY, YTD, 12M average","China, Household survey, Regional, Rural, Provincial, Per capita, Expenditure, Shandong, Volume, CNY, % YoY, YTD, 12M average",None,line
"China, Household survey, Regional, Rural, Provincial, Per capita, Expenditure, Shanghai, Volume, CNY, % YoY, YTD, 12M average","China, Household survey, Regional, Rural, Provincial, Per capita, Expenditure, Shanghai, Volume, CNY, % YoY, YTD, 12M average",None,line
"China, Household survey, Regional, Rural, Provincial, Per capita, Expenditure, Shanxi, Volume, CNY, % YoY, YTD, 12M average","China, Household survey, Regional, Rural, Provincial, Per capita, Expenditure, Shanxi, Volume, CNY, % YoY, YTD, 12M average",None,line
"China, Household survey, Regional, Rural, Provincial, Per capita, Expenditure, Sichuan, Volume, CNY, % YoY, YTD, 12M average","China, Household survey, Regional, Rural, Provincial, Per capita, Expenditure, Sichuan, Volume, CNY, % YoY, YTD, 12M average",None,line
"China, Household survey, Regional, Rural, Provincial, Per capita, Expenditure, Tianjin, Volume, CNY, % YoY, YTD, 12M average","China, Household survey, Regional, Rural, Provincial, Per capita, Expenditure, Tianjin, Volume, CNY, % YoY, YTD, 12M average",None,line
"China, Household survey, Regional, Rural, Provincial, Per capita, Expenditure, Tibet, Volume, CNY, % YoY, YTD, 12M average","China, Household survey, Regional, Rural, Provincial, Per capita, Expenditure, Tibet, Volume, CNY, % YoY, YTD, 12M average",None,line
"China, Household survey, Regional, Rural, Provincial, Per capita, Expenditure, Xinjiang, Volume, CNY, % YoY, YTD, 12M average","China, Household survey, Regional, Rural, Provincial, Per capita, Expenditure, Xinjiang, Volume, CNY, % YoY, YTD, 12M average",None,line
"China, Household survey, Regional, Rural, Provincial, Per capita, Expenditure, Yunnan, Volume, CNY, % YoY, YTD, 12M average","China, Household survey, Regional, Rural, Provincial, Per capita, Expenditure, Yunnan, Volume, CNY, % YoY, YTD, 12M average",None,line
"China, Household survey, Regional, Rural, Provincial, Per capita, Expenditure, Zhejiang, Volume, CNY, % YoY, YTD, 12M average","China, Household survey, Regional, Rural, Provincial, Per capita, Expenditure, Zhejiang, Volume, CNY, % YoY, YTD, 12M average",None,line
"China, Household survey, Regional, Rural, Provincial, Per capita, Income, Disposable, Anhui, Volume, CNY, % YoY, YTD, 12M average","China, Household survey, Regional, Rural, Provincial, Per capita, Income, Disposable, Anhui, Volume, CNY, % YoY, YTD, 12M average",None,line
"China, Household survey, Regional, Rural, Provincial, Per capita, Income, Disposable, Beijing, Volume, CNY, % YoY, YTD, 12M average","China, Household survey, Regional, Rural, Provincial, Per capita, Income, Disposable, Beijing, Volume, CNY, % YoY, YTD, 12M average",None,line
"China, Household survey, Regional, Rural, Provincial, Per capita, Income, Disposable, Chongqing, Volume, CNY, % YoY, YTD, 12M average","China, Household survey, Regional, Rural, Provincial, Per capita, Income, Disposable, Chongqing, Volume, CNY, % YoY, YTD, 12M average",None,line
"China, Household survey, Regional, Rural, Provincial, Per capita, Income, Disposable, Fujian, Volume, CNY, % YoY, YTD, 12M average","China, Household survey, Regional, Rural, Provincial, Per capita, Income, Disposable, Fujian, Volume, CNY, % YoY, YTD, 12M average",None,line
"China, Household survey, Regional, Rural, Provincial, Per capita, Income, Disposable, Gansu, Volume, CNY, % YoY, YTD, 12M average","China, Household survey, Regional, Rural, Provincial, Per capita, Income, Disposable, Gansu, Volume, CNY, % YoY, YTD, 12M average",None,line
"China, Household survey, Regional, Rural, Provincial, Per capita, Income, Disposable, Guangdong, Volume, CNY, % YoY, YTD, 12M average","China, Household survey, Regional, Rural, Provincial, Per capita, Income, Disposable, Guangdong, Volume, CNY, % YoY, YTD, 12M average",None,line
"China, Household survey, Regional, Rural, Provincial, Per capita, Income, Disposable, Guangxi, Volume, CNY, % YoY, YTD, 12M average","China, Household survey, Regional, Rural, Provincial, Per capita, Income, Disposable, Guangxi, Volume, CNY, % YoY, YTD, 12M average",None,line
"China, Household survey, Regional, Rural, Provincial, Per capita, Income, Disposable, Guizhou, Volume, CNY, % YoY, YTD, 12M average","China, Household survey, Regional, Rural, Provincial, Per capita, Income, Disposable, Guizhou, Volume, CNY, % YoY, YTD, 12M average",None,line
"China, Household survey, Regional, Rural, Provincial, Per capita, Income, Disposable, Hainan, Volume, CNY, % YoY, YTD, 12M average","China, Household survey, Regional, Rural, Provincial, Per capita, Income, Disposable, Hainan, Volume, CNY, % YoY, YTD, 12M average",None,line
"China, Household survey, Regional, Rural, Provincial, Per capita, Income, Disposable, Hebei, Volume, CNY, % YoY, YTD, 12M average","China, Household survey, Regional, Rural, Provincial, Per capita, Income, Disposable, Hebei, Volume, CNY, % YoY, YTD, 12M average",None,line
"China, Household survey, Regional, Rural, Provincial, Per capita, Income, Disposable, Heilongjiang, Volume, CNY, % YoY, YTD, 12M average","China, Household survey, Regional, Rural, Provincial, Per capita, Income, Disposable, Heilongjiang, Volume, CNY, % YoY, YTD, 12M average",None,line
"China, Household survey, Regional, Rural, Provincial, Per capita, Income, Disposable, Henan, Volume, CNY, % YoY, YTD, 12M average","China, Household survey, Regional, Rural, Provincial, Per capita, Income, Disposable, Henan, Volume, CNY, % YoY, YTD, 12M average",None,line
"China, Household survey, Regional, Rural, Provincial, Per capita, Income, Disposable, Hubei, Volume, CNY, % YoY, YTD, 12M average","China, Household survey, Regional, Rural, Provincial, Per capita, Income, Disposable, Hubei, Volume, CNY, % YoY, YTD, 12M average",None,line
"China, Household survey, Regional, Rural, Provincial, Per capita, Income, Disposable, Hunan, Volume, CNY, % YoY, YTD, 12M average","China, Household survey, Regional, Rural, Provincial, Per capita, Income, Disposable, Hunan, Volume, CNY, % YoY, YTD, 12M average",None,line
"China, Household survey, Regional, Rural, Provincial, Per capita, Income, Disposable, Inner Mongolia, Volume, CNY, % YoY, YTD, 12M average","China, Household survey, Regional, Rural, Provincial, Per capita, Income, Disposable, Inner Mongolia, Volume, CNY, % YoY, YTD, 12M average",None,line
"China, Household survey, Regional, Rural, Provincial, Per capita, Income, Disposable, Jiangsu, Volume, CNY, % YoY, YTD, 12M average","China, Household survey, Regional, Rural, Provincial, Per capita, Income, Disposable, Jiangsu, Volume, CNY, % YoY, YTD, 12M average",None,line
"China, Household survey, Regional, Rural, Provincial, Per capita, Income, Disposable, Jiangxi, Volume, CNY, % YoY, YTD, 12M average","China, Household survey, Regional, Rural, Provincial, Per capita, Income, Disposable, Jiangxi, Volume, CNY, % YoY, YTD, 12M average",None,line
"China, Household survey, Regional, Rural, Provincial, Per capita, Income, Disposable, Jilin, Volume, CNY, % YoY, YTD, 12M average","China, Household survey, Regional, Rural, Provincial, Per capita, Income, Disposable, Jilin, Volume, CNY, % YoY, YTD, 12M average",None,line
"China, Household survey, Regional, Rural, Provincial, Per capita, Income, Disposable, Liaoning, Volume, CNY, % YoY, YTD, 12M average","China, Household survey, Regional, Rural, Provincial, Per capita, Income, Disposable, Liaoning, Volume, CNY, % YoY, YTD, 12M average",None,line
"China, Household survey, Regional, Rural, Provincial, Per capita, Income, Disposable, Ningxia, Volume, CNY, % YoY, YTD, 12M average","China, Household survey, Regional, Rural, Provincial, Per capita, Income, Disposable, Ningxia, Volume, CNY, % YoY, YTD, 12M average",None,line
"China, Household survey, Regional, Rural, Provincial, Per capita, Income, Disposable, Qinghai, Volume, CNY, % YoY, YTD, 12M average","China, Household survey, Regional, Rural, Provincial, Per capita, Income, Disposable, Qinghai, Volume, CNY, % YoY, YTD, 12M average",None,line
"China, Household survey, Regional, Rural, Provincial, Per capita, Income, Disposable, Shaanxi, Volume, CNY, % YoY, YTD, 12M average","China, Household survey, Regional, Rural, Provincial, Per capita, Income, Disposable, Shaanxi, Volume, CNY, % YoY, YTD, 12M average",None,line
"China, Household survey, Regional, Rural, Provincial, Per capita, Income, Disposable, Shandong, Volume, CNY, % YoY, YTD, 12M average","China, Household survey, Regional, Rural, Provincial, Per capita, Income, Disposable, Shandong, Volume, CNY, % YoY, YTD, 12M average",None,line
"China, Household survey, Regional, Rural, Provincial, Per capita, Income, Disposable, Shanghai, Volume, CNY, % YoY, YTD, 12M average","China, Household survey, Regional, Rural, Provincial, Per capita, Income, Disposable, Shanghai, Volume, CNY, % YoY, YTD, 12M average",None,line
"China, Household survey, Regional, Rural, Provincial, Per capita, Income, Disposable, Shanxi, Volume, CNY, % YoY, YTD, 12M average","China, Household survey, Regional, Rural, Provincial, Per capita, Income, Disposable, Shanxi, Volume, CNY, % YoY, YTD, 12M average",None,line
"China, Household survey, Regional, Rural, Provincial, Per capita, Income, Disposable, Sichuan, Volume, CNY, % YoY, YTD, 12M average","China, Household survey, Regional, Rural, Provincial, Per capita, Income, Disposable, Sichuan, Volume, CNY, % YoY, YTD, 12M average",None,line
"China, Household survey, Regional, Rural, Provincial, Per capita, Income, Disposable, Tianjin, Volume, CNY, % YoY, YTD, 12M average","China, Household survey, Regional, Rural, Provincial, Per capita, Income, Disposable, Tianjin, Volume, CNY, % YoY, YTD, 12M average",None,line
"China, Household survey, Regional, Rural, Provincial, Per capita, Income, Disposable, Tibet, Volume, CNY, % YoY, YTD, 12M average","China, Household survey, Regional, Rural, Provincial, Per capita, Income, Disposable, Tibet, Volume, CNY, % YoY, YTD, 12M average",None,line
"China, Household survey, Regional, Rural, Provincial, Per capita, Income, Disposable, Xinjiang, Volume, CNY, % YoY, YTD, 12M average","China, Household survey, Regional, Rural, Provincial, Per capita, Income, Disposable, Xinjiang, Volume, CNY, % YoY, YTD, 12M average",None,line
"China, Household survey, Regional, Rural, Provincial, Per capita, Income, Disposable, Yunnan, Volume, CNY, % YoY, YTD, 12M average","China, Household survey, Regional, Rural, Provincial, Per capita, Income, Disposable, Yunnan, Volume, CNY, % YoY, YTD, 12M average",None,line
"China, Household survey, Regional, Rural, Provincial, Per capita, Income, Disposable, Zhejiang, Volume, CNY, % YoY, YTD, 12M average","China, Household survey, Regional, Rural, Provincial, Per capita, Income, Disposable, Zhejiang, Volume, CNY, % YoY, YTD, 12M average",None,line
"China, Household survey, Regional, Urban, Provincial, Per capita, Expenditure, Anhui, Volume, CNY, % YoY, YTD, 12M average","China, Household survey, Regional, Urban, Provincial, Per capita, Expenditure, Anhui, Volume, CNY, % YoY, YTD, 12M average",None,line
"China, Household survey, Regional, Urban, Provincial, Per capita, Expenditure, Beijing, Volume, CNY, % YoY, YTD, 12M average","China, Household survey, Regional, Urban, Provincial, Per capita, Expenditure, Beijing, Volume, CNY, % YoY, YTD, 12M average",None,line
"China, Household survey, Regional, Urban, Provincial, Per capita, Expenditure, Chongqing, Volume, CNY, % YoY, YTD, 12M average","China, Household survey, Regional, Urban, Provincial, Per capita, Expenditure, Chongqing, Volume, CNY, % YoY, YTD, 12M average",None,line
"China, Household survey, Regional, Urban, Provincial, Per capita, Expenditure, Fujian, Volume, CNY, % YoY, YTD, 12M average","China, Household survey, Regional, Urban, Provincial, Per capita, Expenditure, Fujian, Volume, CNY, % YoY, YTD, 12M average",None,line
"China, Household survey, Regional, Urban, Provincial, Per capita, Expenditure, Gansu, Volume, CNY, % YoY, YTD, 12M average","China, Household survey, Regional, Urban, Provincial, Per capita, Expenditure, Gansu, Volume, CNY, % YoY, YTD, 12M average",None,line
"China, Household survey, Regional, Urban, Provincial, Per capita, Expenditure, Guangdong, Volume, CNY, % YoY, YTD, 12M average","China, Household survey, Regional, Urban, Provincial, Per capita, Expenditure, Guangdong, Volume, CNY, % YoY, YTD, 12M average",None,line
"China, Household survey, Regional, Urban, Provincial, Per capita, Expenditure, Guangxi, Volume, CNY, % YoY, YTD, 12M average","China, Household survey, Regional, Urban, Provincial, Per capita, Expenditure, Guangxi, Volume, CNY, % YoY, YTD, 12M average",None,line
"China, Household survey, Regional, Urban, Provincial, Per capita, Expenditure, Guizhou, Volume, CNY, % YoY, YTD, 12M average","China, Household survey, Regional, Urban, Provincial, Per capita, Expenditure, Guizhou, Volume, CNY, % YoY, YTD, 12M average",None,line
"China, Household survey, Regional, Urban, Provincial, Per capita, Expenditure, Hainan, Volume, CNY, % YoY, YTD, 12M average","China, Household survey, Regional, Urban, Provincial, Per capita, Expenditure, Hainan, Volume, CNY, % YoY, YTD, 12M average",None,line
"China, Household survey, Regional, Urban, Provincial, Per capita, Expenditure, Hebei, Volume, CNY, % YoY, YTD, 12M average","China, Household survey, Regional, Urban, Provincial, Per capita, Expenditure, Hebei, Volume, CNY, % YoY, YTD, 12M average",None,line
"China, Household survey, Regional, Urban, Provincial, Per capita, Expenditure, Heilongjiang, Volume, CNY, % YoY, YTD, 12M average","China, Household survey, Regional, Urban, Provincial, Per capita, Expenditure, Heilongjiang, Volume, CNY, % YoY, YTD, 12M average",None,line
"China, Household survey, Regional, Urban, Provincial, Per capita, Expenditure, Henan, Volume, CNY, % YoY, YTD, 12M average","China, Household survey, Regional, Urban, Provincial, Per capita, Expenditure, Henan, Volume, CNY, % YoY, YTD, 12M average",None,line
"China, Household survey, Regional, Urban, Provincial, Per capita, Expenditure, Hubei, Volume, CNY, % YoY, YTD, 12M average","China, Household survey, Regional, Urban, Provincial, Per capita, Expenditure, Hubei, Volume, CNY, % YoY, YTD, 12M average",None,line
"China, Household survey, Regional, Urban, Provincial, Per capita, Expenditure, Hunan, Volume, CNY, % YoY, YTD, 12M average","China, Household survey, Regional, Urban, Provincial, Per capita, Expenditure, Hunan, Volume, CNY, % YoY, YTD, 12M average",None,line
"China, Household survey, Regional, Urban, Provincial, Per capita, Expenditure, Inner Mongolia, Volume, CNY, % YoY, YTD, 12M average","China, Household survey, Regional, Urban, Provincial, Per capita, Expenditure, Inner Mongolia, Volume, CNY, % YoY, YTD, 12M average",None,line
"China, Household survey, Regional, Urban, Provincial, Per capita, Expenditure, Jiangsu, Volume, CNY, % YoY, YTD, 12M average","China, Household survey, Regional, Urban, Provincial, Per capita, Expenditure, Jiangsu, Volume, CNY, % YoY, YTD, 12M average",None,line
"China, Household survey, Regional, Urban, Provincial, Per capita, Expenditure, Jiangxi, Volume, CNY, % YoY, YTD, 12M average","China, Household survey, Regional, Urban, Provincial, Per capita, Expenditure, Jiangxi, Volume, CNY, % YoY, YTD, 12M average",None,line
"China, Household survey, Regional, Urban, Provincial, Per capita, Expenditure, Jilin, Volume, CNY, % YoY, YTD, 12M average","China, Household survey, Regional, Urban, Provincial, Per capita, Expenditure, Jilin, Volume, CNY, % YoY, YTD, 12M average",None,line
"China, Household survey, Regional, Urban, Provincial, Per capita, Expenditure, Liaoning, Volume, CNY, % YoY, YTD, 12M average","China, Household survey, Regional, Urban, Provincial, Per capita, Expenditure, Liaoning, Volume, CNY, % YoY, YTD, 12M average",None,line
"China, Household survey, Regional, Urban, Provincial, Per capita, Expenditure, Ningxia, Volume, CNY, % YoY, YTD, 12M average","China, Household survey, Regional, Urban, Provincial, Per capita, Expenditure, Ningxia, Volume, CNY, % YoY, YTD, 12M average",None,line
"China, Household survey, Regional, Urban, Provincial, Per capita, Expenditure, Qinghai, Volume, CNY, % YoY, YTD, 12M average","China, Household survey, Regional, Urban, Provincial, Per capita, Expenditure, Qinghai, Volume, CNY, % YoY, YTD, 12M average",None,line
"China, Household survey, Regional, Urban, Provincial, Per capita, Expenditure, Shaanxi, Volume, CNY, % YoY, YTD, 12M average","China, Household survey, Regional, Urban, Provincial, Per capita, Expenditure, Shaanxi, Volume, CNY, % YoY, YTD, 12M average",None,line
"China, Household survey, Regional, Urban, Provincial, Per capita, Expenditure, Shandong, Volume, CNY, % YoY, YTD, 12M average","China, Household survey, Regional, Urban, Provincial, Per capita, Expenditure, Shandong, Volume, CNY, % YoY, YTD, 12M average",None,line
"China, Household survey, Regional, Urban, Provincial, Per capita, Expenditure, Shanghai, Volume, CNY, % YoY, YTD, 12M average","China, Household survey, Regional, Urban, Provincial, Per capita, Expenditure, Shanghai, Volume, CNY, % YoY, YTD, 12M average",None,line
"China, Household survey, Regional, Urban, Provincial, Per capita, Expenditure, Shanxi, Volume, CNY, % YoY, YTD, 12M average","China, Household survey, Regional, Urban, Provincial, Per capita, Expenditure, Shanxi, Volume, CNY, % YoY, YTD, 12M average",None,line
"China, Household survey, Regional, Urban, Provincial, Per capita, Expenditure, Sichuan, Volume, CNY, % YoY, YTD, 12M average","China, Household survey, Regional, Urban, Provincial, Per capita, Expenditure, Sichuan, Volume, CNY, % YoY, YTD, 12M average",None,line
"China, Household survey, Regional, Urban, Provincial, Per capita, Expenditure, Tianjin, Volume, CNY, % YoY, YTD, 12M average","China, Household survey, Regional, Urban, Provincial, Per capita, Expenditure, Tianjin, Volume, CNY, % YoY, YTD, 12M average",None,line
"China, Household survey, Regional, Urban, Provincial, Per capita, Expenditure, Tibet, Volume, CNY, % YoY, YTD, 12M average","China, Household survey, Regional, Urban, Provincial, Per capita, Expenditure, Tibet, Volume, CNY, % YoY, YTD, 12M average",None,line
"China, Household survey, Regional, Urban, Provincial, Per capita, Expenditure, Xinjiang, Volume, CNY, % YoY, YTD, 12M average","China, Household survey, Regional, Urban, Provincial, Per capita, Expenditure, Xinjiang, Volume, CNY, % YoY, YTD, 12M average",None,line
"China, Household survey, Regional, Urban, Provincial, Per capita, Expenditure, Yunnan, Volume, CNY, % YoY, YTD, 12M average","China, Household survey, Regional, Urban, Provincial, Per capita, Expenditure, Yunnan, Volume, CNY, % YoY, YTD, 12M average",None,line
"China, Household survey, Regional, Urban, Provincial, Per capita, Expenditure, Zhejiang, Volume, CNY, % YoY, YTD, 12M average","China, Household survey, Regional, Urban, Provincial, Per capita, Expenditure, Zhejiang, Volume, CNY, % YoY, YTD, 12M average",None,line
"China, Household survey, Regional, Urban, Provincial, Per capita, Income, Disposable, Anhui, Volume, CNY, % YoY, YTD, 12M average","China, Household survey, Regional, Urban, Provincial, Per capita, Income, Disposable, Anhui, Volume, CNY, % YoY, YTD, 12M average",None,line
"China, Household survey, Regional, Urban, Provincial, Per capita, Income, Disposable, Beijing, Volume, CNY, % YoY, YTD, 12M average","China, Household survey, Regional, Urban, Provincial, Per capita, Income, Disposable, Beijing, Volume, CNY, % YoY, YTD, 12M average",None,line
"China, Household survey, Regional, Urban, Provincial, Per capita, Income, Disposable, Chongqing, Volume, CNY, % YoY, YTD, 12M average","China, Household survey, Regional, Urban, Provincial, Per capita, Income, Disposable, Chongqing, Volume, CNY, % YoY, YTD, 12M average",None,line
"China, Household survey, Regional, Urban, Provincial, Per capita, Income, Disposable, Fujian, Volume, CNY, % YoY, YTD, 12M average","China, Household survey, Regional, Urban, Provincial, Per capita, Income, Disposable, Fujian, Volume, CNY, % YoY, YTD, 12M average",None,line
"China, Household survey, Regional, Urban, Provincial, Per capita, Income, Disposable, Gansu, Volume, CNY, % YoY, YTD, 12M average","China, Household survey, Regional, Urban, Provincial, Per capita, Income, Disposable, Gansu, Volume, CNY, % YoY, YTD, 12M average",None,line
"China, Household survey, Regional, Urban, Provincial, Per capita, Income, Disposable, Guangdong, Volume, CNY, % YoY, YTD, 12M average","China, Household survey, Regional, Urban, Provincial, Per capita, Income, Disposable, Guangdong, Volume, CNY, % YoY, YTD, 12M average",None,line
"China, Household survey, Regional, Urban, Provincial, Per capita, Income, Disposable, Guangxi, Volume, CNY, % YoY, YTD, 12M average","China, Household survey, Regional, Urban, Provincial, Per capita, Income, Disposable, Guangxi, Volume, CNY, % YoY, YTD, 12M average",None,line
"China, Household survey, Regional, Urban, Provincial, Per capita, Income, Disposable, Guizhou, Volume, CNY, % YoY, YTD, 12M average","China, Household survey, Regional, Urban, Provincial, Per capita, Income, Disposable, Guizhou, Volume, CNY, % YoY, YTD, 12M average",None,line
"China, Household survey, Regional, Urban, Provincial, Per capita, Income, Disposable, Hainan, Volume, CNY, % YoY, YTD, 12M average","China, Household survey, Regional, Urban, Provincial, Per capita, Income, Disposable, Hainan, Volume, CNY, % YoY, YTD, 12M average",None,line
"China, Household survey, Regional, Urban, Provincial, Per capita, Income, Disposable, Hebei, Volume, CNY, % YoY, YTD, 12M average","China, Household survey, Regional, Urban, Provincial, Per capita, Income, Disposable, Hebei, Volume, CNY, % YoY, YTD, 12M average",None,line
"China, Household survey, Regional, Urban, Provincial, Per capita, Income, Disposable, Heilongjiang, Volume, CNY, % YoY, YTD, 12M average","China, Household survey, Regional, Urban, Provincial, Per capita, Income, Disposable, Heilongjiang, Volume, CNY, % YoY, YTD, 12M average",None,line
"China, Household survey, Regional, Urban, Provincial, Per capita, Income, Disposable, Henan, Volume, CNY, % YoY, YTD, 12M average","China, Household survey, Regional, Urban, Provincial, Per capita, Income, Disposable, Henan, Volume, CNY, % YoY, YTD, 12M average",None,line
"China, Household survey, Regional, Urban, Provincial, Per capita, Income, Disposable, Hubei, Volume, CNY, % YoY, YTD, 12M average","China, Household survey, Regional, Urban, Provincial, Per capita, Income, Disposable, Hubei, Volume, CNY, % YoY, YTD, 12M average",None,line
"China, Household survey, Regional, Urban, Provincial, Per capita, Income, Disposable, Hunan, Volume, CNY, % YoY, YTD, 12M average","China, Household survey, Regional, Urban, Provincial, Per capita, Income, Disposable, Hunan, Volume, CNY, % YoY, YTD, 12M average",None,line
"China, Household survey, Regional, Urban, Provincial, Per capita, Income, Disposable, Inner Mongolia, Volume, CNY, % YoY, YTD, 12M average","China, Household survey, Regional, Urban, Provincial, Per capita, Income, Disposable, Inner Mongolia, Volume, CNY, % YoY, YTD, 12M average",None,line
"China, Household survey, Regional, Urban, Provincial, Per capita, Income, Disposable, Jiangsu, Volume, CNY, % YoY, YTD, 12M average","China, Household survey, Regional, Urban, Provincial, Per capita, Income, Disposable, Jiangsu, Volume, CNY, % YoY, YTD, 12M average",None,line
"China, Household survey, Regional, Urban, Provincial, Per capita, Income, Disposable, Jiangxi, Volume, CNY, % YoY, YTD, 12M average","China, Household survey, Regional, Urban, Provincial, Per capita, Income, Disposable, Jiangxi, Volume, CNY, % YoY, YTD, 12M average",None,line
"China, Household survey, Regional, Urban, Provincial, Per capita, Income, Disposable, Jilin, Volume, CNY, % YoY, YTD, 12M average","China, Household survey, Regional, Urban, Provincial, Per capita, Income, Disposable, Jilin, Volume, CNY, % YoY, YTD, 12M average",None,line
"China, Household survey, Regional, Urban, Provincial, Per capita, Income, Disposable, Liaoning, Volume, CNY, % YoY, YTD, 12M average","China, Household survey, Regional, Urban, Provincial, Per capita, Income, Disposable, Liaoning, Volume, CNY, % YoY, YTD, 12M average",None,line
"China, Household survey, Regional, Urban, Provincial, Per capita, Income, Disposable, Ningxia, Volume, CNY, % YoY, YTD, 12M average","China, Household survey, Regional, Urban, Provincial, Per capita, Income, Disposable, Ningxia, Volume, CNY, % YoY, YTD, 12M average",None,line
"China, Household survey, Regional, Urban, Provincial, Per capita, Income, Disposable, Qinghai, Volume, CNY, % YoY, YTD, 12M average","China, Household survey, Regional, Urban, Provincial, Per capita, Income, Disposable, Qinghai, Volume, CNY, % YoY, YTD, 12M average",None,line
"China, Household survey, Regional, Urban, Provincial, Per capita, Income, Disposable, Shaanxi, Volume, CNY, % YoY, YTD, 12M average","China, Household survey, Regional, Urban, Provincial, Per capita, Income, Disposable, Shaanxi, Volume, CNY, % YoY, YTD, 12M average",None,line
"China, Household survey, Regional, Urban, Provincial, Per capita, Income, Disposable, Shandong, Volume, CNY, % YoY, YTD, 12M average","China, Household survey, Regional, Urban, Provincial, Per capita, Income, Disposable, Shandong, Volume, CNY, % YoY, YTD, 12M average",None,line
"China, Household survey, Regional, Urban, Provincial, Per capita, Income, Disposable, Shanghai, Volume, CNY, % YoY, YTD, 12M average","China, Household survey, Regional, Urban, Provincial, Per capita, Income, Disposable, Shanghai, Volume, CNY, % YoY, YTD, 12M average",None,line
"China, Household survey, Regional, Urban, Provincial, Per capita, Income, Disposable, Shanxi, Volume, CNY, % YoY, YTD, 12M average","China, Household survey, Regional, Urban, Provincial, Per capita, Income, Disposable, Shanxi, Volume, CNY, % YoY, YTD, 12M average",None,line
"China, Household survey, Regional, Urban, Provincial, Per capita, Income, Disposable, Sichuan, Volume, CNY, % YoY, YTD, 12M average","China, Household survey, Regional, Urban, Provincial, Per capita, Income, Disposable, Sichuan, Volume, CNY, % YoY, YTD, 12M average",None,line
"China, Household survey, Regional, Urban, Provincial, Per capita, Income, Disposable, Tianjin, Volume, CNY, % YoY, YTD, 12M average","China, Household survey, Regional, Urban, Provincial, Per capita, Income, Disposable, Tianjin, Volume, CNY, % YoY, YTD, 12M average",None,line
"China, Household survey, Regional, Urban, Provincial, Per capita, Income, Disposable, Tibet, Volume, CNY, % YoY, YTD, 12M average","China, Household survey, Regional, Urban, Provincial, Per capita, Income, Disposable, Tibet, Volume, CNY, % YoY, YTD, 12M average",None,line
"China, Household survey, Regional, Urban, Provincial, Per capita, Income, Disposable, Xinjiang, Volume, CNY, % YoY, YTD, 12M average","China, Household survey, Regional, Urban, Provincial, Per capita, Income, Disposable, Xinjiang, Volume, CNY, % YoY, YTD, 12M average",None,line
"China, Household survey, Regional, Urban, Provincial, Per capita, Income, Disposable, Yunnan, Volume, CNY, % YoY, YTD, 12M average","China, Household survey, Regional, Urban, Provincial, Per capita, Income, Disposable, Yunnan, Volume, CNY, % YoY, YTD, 12M average",None,line
"China, Household survey, Regional, Urban, Provincial, Per capita, Income, Disposable, Zhejiang, Volume, CNY, % YoY, YTD, 12M average","China, Household survey, Regional, Urban, Provincial, Per capita, Income, Disposable, Zhejiang, Volume, CNY, % YoY, YTD, 12M average",None,line
"China, Household survey, Rural, Per capita, Expenditure, Clothing and footwear, YTD, Volume, CNY, % YoY, 12M average","China, Household survey, Rural, Per capita, Expenditure, Clothing and footwear, YTD, Volume, CNY, % YoY, 12M average",None,line
"China, Household survey, Rural, Per capita, Expenditure, Education, culture and recreation, YTD, Volume, CNY, % YoY, 12M average","China, Household survey, Rural, Per capita, Expenditure, Education, culture and recreation, YTD, Volume, CNY, % YoY, 12M average",None,line
"China, Household survey, Rural, Per capita, Expenditure, Food and tobacco, YTD, Volume, CNY, % YoY, 12M average","China, Household survey, Rural, Per capita, Expenditure, Food and tobacco, YTD, Volume, CNY, % YoY, 12M average",None,line
"China, Household survey, Rural, Per capita, Expenditure, Household equipment, furnishings and services, YTD, Volume, CNY, % YoY, 12M average","China, Household survey, Rural, Per capita, Expenditure, Household equipment, furnishings and services, YTD, Volume, CNY, % YoY, 12M average",None,line
"China, Household survey, Rural, Per capita, Expenditure, Housing, YTD, Volume, CNY, % YoY, 12M average","China, Household survey, Rural, Per capita, Expenditure, Housing, YTD, Volume, CNY, % YoY, 12M average",None,line
"China, Household survey, Rural, Per capita, Expenditure, Medical, YTD, Volume, CNY, % YoY, 12M average","China, Household survey, Rural, Per capita, Expenditure, Medical, YTD, Volume, CNY, % YoY, 12M average",None,line
"China, Household survey, Rural, Per capita, Expenditure, Miscellaneous, YTD, Volume, CNY, % YoY, 12M average","China, Household survey, Rural, Per capita, Expenditure, Miscellaneous, YTD, Volume, CNY, % YoY, 12M average",None,line
"China, Household survey, Rural, Per capita, Expenditure, Transport and communication, YTD, Volume, CNY, % YoY, 12M average","China, Household survey, Rural, Per capita, Expenditure, Transport and communication, YTD, Volume, CNY, % YoY, 12M average",None,line
"China, Household survey, Rural, Per capita, Expenditure, YTD, Volume, CNY, % YoY, 12M average","China, Household survey, Rural, Per capita, Expenditure, YTD, Volume, CNY, % YoY, 12M average",None,line
"China, Household survey, Rural, Per capita, Income, Business, YTD, Volume, CNY, % YoY, 12M average","China, Household survey, Rural, Per capita, Income, Business, YTD, Volume, CNY, % YoY, 12M average",None,line
"China, Household survey, Rural, Per capita, Income, Disposable, Median, YTD, Volume, CNY, % YoY, 12M average","China, Household survey, Rural, Per capita, Income, Disposable, Median, YTD, Volume, CNY, % YoY, 12M average",None,line
"China, Household survey, Rural, Per capita, Income, Disposable, YTD, Volume, CNY, % YoY, 12M average","China, Household survey, Rural, Per capita, Income, Disposable, YTD, Volume, CNY, % YoY, 12M average",None,line
"China, Household survey, Rural, Per capita, Income, Property, YTD, Volume, CNY, % YoY, 12M average","China, Household survey, Rural, Per capita, Income, Property, YTD, Volume, CNY, % YoY, 12M average",None,line
"China, Household survey, Rural, Per capita, Income, Transfer, YTD, Volume, CNY, % YoY, 12M average","China, Household survey, Rural, Per capita, Income, Transfer, YTD, Volume, CNY, % YoY, 12M average",None,line
"China, Household survey, Rural, Per capita, Income, Wages, YTD, Volume, CNY, % YoY, 12M average","China, Household survey, Rural, Per capita, Income, Wages, YTD, Volume, CNY, % YoY, 12M average",None,line
"China, Household survey, Urban, Per capita, Expenditure, Clothing and footwear, YTD, Volume, CNY, % YoY, 12M average","China, Household survey, Urban, Per capita, Expenditure, Clothing and footwear, YTD, Volume, CNY, % YoY, 12M average",None,line
"China, Household survey, Urban, Per capita, Expenditure, Education, culture and recreation, YTD, Volume, CNY, % YoY, 12M average","China, Household survey, Urban, Per capita, Expenditure, Education, culture and recreation, YTD, Volume, CNY, % YoY, 12M average",None,line
"China, Household survey, Urban, Per capita, Expenditure, Food and tobacco, YTD, Volume, CNY, % YoY, 12M average","China, Household survey, Urban, Per capita, Expenditure, Food and tobacco, YTD, Volume, CNY, % YoY, 12M average",None,line
"China, Household survey, Urban, Per capita, Expenditure, Household equipment, furnishings and services, YTD, Volume, CNY, % YoY, 12M average","China, Household survey, Urban, Per capita, Expenditure, Household equipment, furnishings and services, YTD, Volume, CNY, % YoY, 12M average",None,line
"China, Household survey, Urban, Per capita, Expenditure, Housing, YTD, Volume, CNY, % YoY, 12M average","China, Household survey, Urban, Per capita, Expenditure, Housing, YTD, Volume, CNY, % YoY, 12M average",None,line
"China, Household survey, Urban, Per capita, Expenditure, Medical, YTD, Volume, CNY, % YoY, 12M average","China, Household survey, Urban, Per capita, Expenditure, Medical, YTD, Volume, CNY, % YoY, 12M average",None,line
"China, Household survey, Urban, Per capita, Expenditure, Miscellaneous, YTD, Volume, CNY, % YoY, 12M average","China, Household survey, Urban, Per capita, Expenditure, Miscellaneous, YTD, Volume, CNY, % YoY, 12M average",None,line
"China, Household survey, Urban, Per capita, Expenditure, Transport and communication, YTD, Volume, CNY, % YoY, 12M average","China, Household survey, Urban, Per capita, Expenditure, Transport and communication, YTD, Volume, CNY, % YoY, 12M average",None,line
"China, Household survey, Urban, Per capita, Expenditure, YTD, Volume, CNY, % YoY, 12M average","China, Household survey, Urban, Per capita, Expenditure, YTD, Volume, CNY, % YoY, 12M average",None,line
"China, Household survey, Urban, Per capita, Income, Business, YTD, Volume, CNY, % YoY, 12M average","China, Household survey, Urban, Per capita, Income, Business, YTD, Volume, CNY, % YoY, 12M average",None,line
"China, Household survey, Urban, Per capita, Income, Disposable, Median, YTD, Volume, CNY, % YoY, 12M average","China, Household survey, Urban, Per capita, Income, Disposable, Median, YTD, Volume, CNY, % YoY, 12M average",None,line
"China, Household survey, Urban, Per capita, Income, Disposable, YTD, Volume, CNY, % YoY, 12M average","China, Household survey, Urban, Per capita, Income, Disposable, YTD, Volume, CNY, % YoY, 12M average",None,line
"China, Household survey, Urban, Per capita, Income, Property, YTD, Volume, CNY, % YoY, 12M average","China, Household survey, Urban, Per capita, Income, Property, YTD, Volume, CNY, % YoY, 12M average",None,line
"China, Household survey, Urban, Per capita, Income, Transfer, YTD, Volume, CNY, % YoY, 12M average","China, Household survey, Urban, Per capita, Income, Transfer, YTD, Volume, CNY, % YoY, 12M average",None,line
"China, Household survey, Urban, Per capita, Income, Wages, YTD, Volume, CNY, % YoY, 12M average","China, Household survey, Urban, Per capita, Income, Wages, YTD, Volume, CNY, % YoY, 12M average",None,line
"China, Household survey, National, Per capita, Expenditure, Clothing and footwear, Volume, CNY, % YoY, 12M average","China, Household survey, National, Per capita, Expenditure, Clothing and footwear, Volume, CNY, % YoY, 12M average",None,line
"China, Household survey, National, Per capita, Expenditure, Education, culture and recreation, Volume, CNY, % YoY, 12M average","China, Household survey, National, Per capita, Expenditure, Education, culture and recreation, Volume, CNY, % YoY, 12M average",None,line
"China, Household survey, National, Per capita, Expenditure, Food and tobacco, Volume, CNY, % YoY, 12M average","China, Household survey, National, Per capita, Expenditure, Food and tobacco, Volume, CNY, % YoY, 12M average",None,line
"China, Household survey, National, Per capita, Expenditure, Household equipment, furnishings and services, Volume, CNY, % YoY, 12M average","China, Household survey, National, Per capita, Expenditure, Household equipment, furnishings and services, Volume, CNY, % YoY, 12M average",None,line
"China, Household survey, National, Per capita, Expenditure, Housing, Volume, CNY, % YoY, 12M average","China, Household survey, National, Per capita, Expenditure, Housing, Volume, CNY, % YoY, 12M average",None,line
"China, Household survey, National, Per capita, Expenditure, Medical, Volume, CNY, % YoY, 12M average","China, Household survey, National, Per capita, Expenditure, Medical, Volume, CNY, % YoY, 12M average",None,line
"China, Household survey, National, Per capita, Expenditure, Miscellaneous, Volume, CNY, % YoY, 12M average","China, Household survey, National, Per capita, Expenditure, Miscellaneous, Volume, CNY, % YoY, 12M average",None,line
"China, Household survey, National, Per capita, Expenditure, Transport and communication, Volume, CNY, % YoY, 12M average","China, Household survey, National, Per capita, Expenditure, Transport and communication, Volume, CNY, % YoY, 12M average",None,line
"China, Household survey, National, Per capita, Expenditure, Volume, CNY, % YoY, 12M average","China, Household survey, National, Per capita, Expenditure, Volume, CNY, % YoY, 12M average",None,line
"China, Household survey, National, Per capita, Income, Business, Volume, CNY, % YoY, 12M average","China, Household survey, National, Per capita, Income, Business, Volume, CNY, % YoY, 12M average",None,line
"China, Household survey, National, Per capita, Income, Disposable, Median, Volume, CNY, % YoY, 12M average","China, Household survey, National, Per capita, Income, Disposable, Median, Volume, CNY, % YoY, 12M average",None,line
"China, Household survey, National, Per capita, Income, Disposable, Volume, CNY, % YoY, 12M average","China, Household survey, National, Per capita, Income, Disposable, Volume, CNY, % YoY, 12M average",None,line
"China, Household survey, National, Per capita, Income, Property, Volume, CNY, % YoY, 12M average","China, Household survey, National, Per capita, Income, Property, Volume, CNY, % YoY, 12M average",None,line
"China, Household survey, National, Per capita, Income, Transfer, Volume, CNY, % YoY, 12M average","China, Household survey, National, Per capita, Income, Transfer, Volume, CNY, % YoY, 12M average",None,line
"China, Household survey, National, Per capita, Income, Wages, Volume, CNY, % YoY, 12M average","China, Household survey, National, Per capita, Income, Wages, Volume, CNY, % YoY, 12M average",None,line
"China, Household survey, Rural, Per capita, Expenditure, Clothing and footwear, Volume, CNY, % YoY, 12M average","China, Household survey, Rural, Per capita, Expenditure, Clothing and footwear, Volume, CNY, % YoY, 12M average",None,line
"China, Household survey, Rural, Per capita, Expenditure, Education, culture and recreation, Volume, CNY, % YoY, 12M average","China, Household survey, Rural, Per capita, Expenditure, Education, culture and recreation, Volume, CNY, % YoY, 12M average",None,line
"China, Household survey, Rural, Per capita, Expenditure, Food and tobacco, Volume, CNY, % YoY, 12M average","China, Household survey, Rural, Per capita, Expenditure, Food and tobacco, Volume, CNY, % YoY, 12M average",None,line
"China, Household survey, Rural, Per capita, Expenditure, Household equipment, furnishings and services, Volume, CNY, % YoY, 12M average","China, Household survey, Rural, Per capita, Expenditure, Household equipment, furnishings and services, Volume, CNY, % YoY, 12M average",None,line
"China, Household survey, Rural, Per capita, Expenditure, Housing, Volume, CNY, % YoY, 12M average","China, Household survey, Rural, Per capita, Expenditure, Housing, Volume, CNY, % YoY, 12M average",None,line
"China, Household survey, Rural, Per capita, Expenditure, Medical, Volume, CNY, % YoY, 12M average","China, Household survey, Rural, Per capita, Expenditure, Medical, Volume, CNY, % YoY, 12M average",None,line
"China, Household survey, Rural, Per capita, Expenditure, Miscellaneous, Volume, CNY, % YoY, 12M average","China, Household survey, Rural, Per capita, Expenditure, Miscellaneous, Volume, CNY, % YoY, 12M average",None,line
"China, Household survey, Rural, Per capita, Expenditure, Transport and communication, Volume, CNY, % YoY, 12M average","China, Household survey, Rural, Per capita, Expenditure, Transport and communication, Volume, CNY, % YoY, 12M average",None,line
"China, Household survey, Rural, Per capita, Expenditure, Volume, CNY, % YoY, 12M average","China, Household survey, Rural, Per capita, Expenditure, Volume, CNY, % YoY, 12M average",None,line
"China, Household survey, Rural, Per capita, Income, Business, Volume, CNY, % YoY, 12M average","China, Household survey, Rural, Per capita, Income, Business, Volume, CNY, % YoY, 12M average",None,line
"China, Household survey, Rural, Per capita, Income, Disposable, Median, Volume, CNY, % YoY, 12M average","China, Household survey, Rural, Per capita, Income, Disposable, Median, Volume, CNY, % YoY, 12M average",None,line
"China, Household survey, Rural, Per capita, Income, Disposable, Volume, CNY, % YoY, 12M average","China, Household survey, Rural, Per capita, Income, Disposable, Volume, CNY, % YoY, 12M average",None,line
"China, Household survey, Rural, Per capita, Income, Property, Volume, CNY, % YoY, 12M average","China, Household survey, Rural, Per capita, Income, Property, Volume, CNY, % YoY, 12M average",None,line
"China, Household survey, Rural, Per capita, Income, Transfer, Volume, CNY, % YoY, 12M average","China, Household survey, Rural, Per capita, Income, Transfer, Volume, CNY, % YoY, 12M average",None,line
"China, Household survey, Rural, Per capita, Income, Wages, Volume, CNY, % YoY, 12M average","China, Household survey, Rural, Per capita, Income, Wages, Volume, CNY, % YoY, 12M average",None,line
"China, Household survey, Urban, Per capita, Expenditure, Clothing and footwear, Volume, CNY, % YoY, 12M average","China, Household survey, Urban, Per capita, Expenditure, Clothing and footwear, Volume, CNY, % YoY, 12M average",None,line
"China, Household survey, Urban, Per capita, Expenditure, Education, culture and recreation, Volume, CNY, % YoY, 12M average","China, Household survey, Urban, Per capita, Expenditure, Education, culture and recreation, Volume, CNY, % YoY, 12M average",None,line
"China, Household survey, Urban, Per capita, Expenditure, Food and tobacco, Volume, CNY, % YoY, 12M average","China, Household survey, Urban, Per capita, Expenditure, Food and tobacco, Volume, CNY, % YoY, 12M average",None,line
"China, Household survey, Urban, Per capita, Expenditure, Household equipment, furnishings and services, Volume, CNY, % YoY, 12M average","China, Household survey, Urban, Per capita, Expenditure, Household equipment, furnishings and services, Volume, CNY, % YoY, 12M average",None,line
"China, Household survey, Urban, Per capita, Expenditure, Housing, Volume, CNY, % YoY, 12M average","China, Household survey, Urban, Per capita, Expenditure, Housing, Volume, CNY, % YoY, 12M average",None,line
"China, Household survey, Urban, Per capita, Expenditure, Medical, Volume, CNY, % YoY, 12M average","China, Household survey, Urban, Per capita, Expenditure, Medical, Volume, CNY, % YoY, 12M average",None,line
"China, Household survey, Urban, Per capita, Expenditure, Miscellaneous, Volume, CNY, % YoY, 12M average","China, Household survey, Urban, Per capita, Expenditure, Miscellaneous, Volume, CNY, % YoY, 12M average",None,line
"China, Household survey, Urban, Per capita, Expenditure, Transport and communication, Volume, CNY, % YoY, 12M average","China, Household survey, Urban, Per capita, Expenditure, Transport and communication, Volume, CNY, % YoY, 12M average",None,line
"China, Household survey, Urban, Per capita, Expenditure, Volume, CNY, % YoY, 12M average","China, Household survey, Urban, Per capita, Expenditure, Volume, CNY, % YoY, 12M average",None,line
"China, Household survey, Urban, Per capita, Income, Business, Volume, CNY, % YoY, 12M average","China, Household survey, Urban, Per capita, Income, Business, Volume, CNY, % YoY, 12M average",None,line
"China, Household survey, Urban, Per capita, Income, Disposable, Median, Volume, CNY, % YoY, 12M average","China, Household survey, Urban, Per capita, Income, Disposable, Median, Volume, CNY, % YoY, 12M average",None,line
"China, Household survey, Urban, Per capita, Income, Disposable, Volume, CNY, % YoY, 12M average","China, Household survey, Urban, Per capita, Income, Disposable, Volume, CNY, % YoY, 12M average",None,line
"China, Household survey, Urban, Per capita, Income, Property, Volume, CNY, % YoY, 12M average","China, Household survey, Urban, Per capita, Income, Property, Volume, CNY, % YoY, 12M average",None,line
"China, Household survey, Urban, Per capita, Income, Transfer, Volume, CNY, % YoY, 12M average","China, Household survey, Urban, Per capita, Income, Transfer, Volume, CNY, % YoY, 12M average",None,line
"China, Household survey, Urban, Per capita, Income, Wages, Volume, CNY, % YoY, 12M average","China, Household survey, Urban, Per capita, Income, Wages, Volume, CNY, % YoY, 12M average",None,line
"China, Household survey, National, Aggregate, Income, Disposable, Volume, CNY, % YoY, 12M average","China, Household survey, National, Aggregate, Income, Disposable, Volume, CNY, % YoY, 12M average",None,line
"China, Household survey, Rural and urban, Aggregate, Income, Disposable, Volume, CNY, % YoY, 12M average","China, Household survey, Rural and urban, Aggregate, Income, Disposable, Volume, CNY, % YoY, 12M average",None,line
"China, Household survey, National, Aggregate, Expenditure, Medical, Volume, CNY, % YoY, 12M average","China, Household survey, National, Aggregate, Expenditure, Medical, Volume, CNY, % YoY, 12M average",None,line
"China, Household survey, National, Aggregate, Expenditure, Education, culture and recreation, Volume, CNY, % YoY, 12M average","China, Household survey, National, Aggregate, Expenditure, Education, culture and recreation, Volume, CNY, % YoY, 12M average",None,line
"China, Household survey, National, Aggregate, Expenditure, Transport and communication, Volume, CNY, % YoY, 12M average","China, Household survey, National, Aggregate, Expenditure, Transport and communication, Volume, CNY, % YoY, 12M average",None,line
"China, Household survey, National, Aggregate, Expenditure, Clothing and footwear, Volume, CNY, % YoY, 12M average","China, Household survey, National, Aggregate, Expenditure, Clothing and footwear, Volume, CNY, % YoY, 12M average",None,line
"China, Household survey, National, Aggregate, Expenditure, Food and tobacco, Volume, CNY, % YoY, 12M average","China, Household survey, National, Aggregate, Expenditure, Food and tobacco, Volume, CNY, % YoY, 12M average",None,line
"China, Household survey, National, Aggregate, Expenditure, Household equipment, furnishings and services, Volume, CNY, % YoY, 12M average","China, Household survey, National, Aggregate, Expenditure, Household equipment, furnishings and services, Volume, CNY, % YoY, 12M average",None,line
"China, Household survey, National, Aggregate, Expenditure, Miscellaneous, Volume, CNY, % YoY, 12M average","China, Household survey, National, Aggregate, Expenditure, Miscellaneous, Volume, CNY, % YoY, 12M average",None,line
"China, Household survey, National, Aggregate, Expenditure, Housing, Volume, CNY, % YoY, 12M average","China, Household survey, National, Aggregate, Expenditure, Housing, Volume, CNY, % YoY, 12M average",None,line
"China, Household survey, National, Aggregate, Expenditure, Volume, CNY, % YoY, 12M average","China, Household survey, National, Aggregate, Expenditure, Volume, CNY, % YoY, 12M average",None,line
"China, Household survey, Rural and urban, Aggregate, Expenditure, Volume, CNY, % YoY, 12M average","China, Household survey, Rural and urban, Aggregate, Expenditure, Volume, CNY, % YoY, 12M average",None,line
"China, Household survey, Urban, Per capita, Expenditure, Volume, SA, CNY, 12M average","China, Household survey, Urban, Per capita, Expenditure, Volume, SA, CNY, 12M average",None,line
"China, Household survey, Urban, Per capita, Income, Disposable, Volume, SA, CNY, 12M average","China, Household survey, Urban, Per capita, Income, Disposable, Volume, SA, CNY, 12M average",None,line
"China, Household survey, National, Aggregate, Income, Disposable, Volume, SA, CNY bn, 12M average","China, Household survey, National, Aggregate, Income, Disposable, Volume, SA, CNY bn, 12M average",None,line
"China, Household survey, National, Aggregate, Expenditure, Volume, SA, CNY bn, 12M average","China, Household survey, National, Aggregate, Expenditure, Volume, SA, CNY bn, 12M average",None,line
"China, Household survey, National, Per capita, Expenditure, Volume, SA, CNY, 12M average","China, Household survey, National, Per capita, Expenditure, Volume, SA, CNY, 12M average",None,line
"China, Household survey, National, Per capita, Income, Disposable, Volume, SA, CNY, 12M average","China, Household survey, National, Per capita, Income, Disposable, Volume, SA, CNY, 12M average",None,line
"China, Household survey, Rural, Per capita, Expenditure, Volume, SA, CNY, 12M average","China, Household survey, Rural, Per capita, Expenditure, Volume, SA, CNY, 12M average",None,line
"China, Household survey, Rural, Per capita, Income, Disposable, Volume, SA, CNY, 12M average","China, Household survey, Rural, Per capita, Income, Disposable, Volume, SA, CNY, 12M average",None,line
"China, Household survey, Rural and urban, Aggregate, Expenditure, Volume, SA, CNY bn, 12M average","China, Household survey, Rural and urban, Aggregate, Expenditure, Volume, SA, CNY bn, 12M average",None,line
"China, Household survey, Urban, Per capita, Expenditure, SA, % QoQ, 12M average","China, Household survey, Urban, Per capita, Expenditure, SA, % QoQ, 12M average",None,line
"China, Household survey, Urban, Per capita, Income, Disposable, SA, % QoQ, 12M average","China, Household survey, Urban, Per capita, Income, Disposable, SA, % QoQ, 12M average",None,line
"China, Household survey, Rural, Per capita, Income, Disposable, SA, % QoQ, 12M average","China, Household survey, Rural, Per capita, Income, Disposable, SA, % QoQ, 12M average",None,line
"China, Household survey, Rural, Per capita, Expenditure, SA, % QoQ, 12M average","China, Household survey, Rural, Per capita, Expenditure, SA, % QoQ, 12M average",None,line
"China, Household survey, National, Per capita, Income, Disposable, SA, % QoQ, 12M average","China, Household survey, National, Per capita, Income, Disposable, SA, % QoQ, 12M average",None,line
"China, Household survey, National, Per capita, Expenditure, SA, % QoQ, 12M average","China, Household survey, National, Per capita, Expenditure, SA, % QoQ, 12M average",None,line
"China, Household survey, National, Per capita, Income, Wages, SA, % QoQ, 12M average","China, Household survey, National, Per capita, Income, Wages, SA, % QoQ, 12M average",None,line
"China, Household survey, National, Per capita, Income, Business, SA, % QoQ, 12M average","China, Household survey, National, Per capita, Income, Business, SA, % QoQ, 12M average",None,line
"China, Household survey, National, Per capita, Income, Property, SA, % QoQ, 12M average","China, Household survey, National, Per capita, Income, Property, SA, % QoQ, 12M average",None,line
"China, Household survey, National, Per capita, Income, Transfer, SA, % QoQ, 12M average","China, Household survey, National, Per capita, Income, Transfer, SA, % QoQ, 12M average",None,line
"China, Household survey, National, Aggregate, Income, Disposable, Calculated SA, % QoQ, 12M average","China, Household survey, National, Aggregate, Income, Disposable, Calculated SA, % QoQ, 12M average",None,line
"China, Household survey, Rural and urban, Aggregate, Income, Disposable, Calculated SA, % QoQ, 12M average","China, Household survey, Rural and urban, Aggregate, Income, Disposable, Calculated SA, % QoQ, 12M average",None,line
"China, Household survey, National, Aggregate, Expenditure, Calculated SA, % QoQ, 12M average","China, Household survey, National, Aggregate, Expenditure, Calculated SA, % QoQ, 12M average",None,line
"China, Household survey, Rural and urban, Aggregate, Expenditure, Calculated SA, % QoQ, 12M average","China, Household survey, Rural and urban, Aggregate, Expenditure, Calculated SA, % QoQ, 12M average",None,line
"China, Household survey, Urban, Per capita, Expenditure, Volume, SA, % QoQ, 12M average","China, Household survey, Urban, Per capita, Expenditure, Volume, SA, % QoQ, 12M average",None,line
"China, Household survey, Urban, Per capita, Income, Disposable, Volume, SA, % QoQ, 12M average","China, Household survey, Urban, Per capita, Income, Disposable, Volume, SA, % QoQ, 12M average",None,line
"China, Household survey, National, Aggregate, Income, Disposable, Volume, Calculated SA, % QoQ, 12M average","China, Household survey, National, Aggregate, Income, Disposable, Volume, Calculated SA, % QoQ, 12M average",None,line
"China, Household survey, National, Aggregate, Expenditure, Volume, Calculated SA, % QoQ, 12M average","China, Household survey, National, Aggregate, Expenditure, Volume, Calculated SA, % QoQ, 12M average",None,line
"China, Household survey, National, Per capita, Expenditure, Volume, SA, % QoQ, 12M average","China, Household survey, National, Per capita, Expenditure, Volume, SA, % QoQ, 12M average",None,line
"China, Household survey, National, Per capita, Income, Disposable, Volume, SA, % QoQ, 12M average","China, Household survey, National, Per capita, Income, Disposable, Volume, SA, % QoQ, 12M average",None,line
"China, Household survey, Rural, Per capita, Expenditure, Volume, SA, % QoQ, 12M average","China, Household survey, Rural, Per capita, Expenditure, Volume, SA, % QoQ, 12M average",None,line
"China, Household survey, Rural, Per capita, Income, Disposable, Volume, SA, % QoQ, 12M average","China, Household survey, Rural, Per capita, Income, Disposable, Volume, SA, % QoQ, 12M average",None,line
"China, Household survey, Rural and urban, Aggregate, Expenditure, Volume, Calculated SA, % QoQ, 12M average","China, Household survey, Rural and urban, Aggregate, Expenditure, Volume, Calculated SA, % QoQ, 12M average",None,line
"China, Household survey, Urban, Per capita, Expenditure, Clothing and footwear, % of total, 12M average","China, Household survey, Urban, Per capita, Expenditure, Clothing and footwear, % of total, 12M average",p,line
"China, Household survey, Urban, Per capita, Expenditure, Education, culture and recreation, % of total, 12M average","China, Household survey, Urban, Per capita, Expenditure, Education, culture and recreation, % of total, 12M average",p,line
"China, Household survey, Urban, Per capita, Expenditure, Food and tobacco, % of total, 12M average","China, Household survey, Urban, Per capita, Expenditure, Food and tobacco, % of total, 12M average",p,line
"China, Household survey, Urban, Per capita, Expenditure, Household equipment, furnishings and services, % of total, 12M average","China, Household survey, Urban, Per capita, Expenditure, Household equipment, furnishings and services, % of total, 12M average",p,line
"China, Household survey, Urban, Per capita, Expenditure, Housing, % of total, 12M average","China, Household survey, Urban, Per capita, Expenditure, Housing, % of total, 12M average",p,line
"China, Household survey, Urban, Per capita, Expenditure, Medical, % of total, 12M average","China, Household survey, Urban, Per capita, Expenditure, Medical, % of total, 12M average",p,line
"China, Household survey, Urban, Per capita, Expenditure, Miscellaneous, % of total, 12M average","China, Household survey, Urban, Per capita, Expenditure, Miscellaneous, % of total, 12M average",p,line
"China, Household survey, Urban, Per capita, Expenditure, Transport and communication, % of total, 12M average","China, Household survey, Urban, Per capita, Expenditure, Transport and communication, % of total, 12M average",p,line
"China, Household survey, Urban, Per capita, Expenditure, % of total, 12M average","China, Household survey, Urban, Per capita, Expenditure, % of total, 12M average",p,line
"China, Household survey, Urban, Per capita, Expenditure, SA, % of total, 12M average","China, Household survey, Urban, Per capita, Expenditure, SA, % of total, 12M average",p,line
"China, Household survey, Urban, Per capita, Expenditure, Clothing and footwear, Volume, % of total, 12M average","China, Household survey, Urban, Per capita, Expenditure, Clothing and footwear, Volume, % of total, 12M average",None,line
"China, Household survey, Urban, Per capita, Expenditure, Education, culture and recreation, Volume, % of total, 12M average","China, Household survey, Urban, Per capita, Expenditure, Education, culture and recreation, Volume, % of total, 12M average",None,line
"China, Household survey, Urban, Per capita, Expenditure, Food and tobacco, Volume, % of total, 12M average","China, Household survey, Urban, Per capita, Expenditure, Food and tobacco, Volume, % of total, 12M average",None,line
"China, Household survey, Urban, Per capita, Expenditure, Household equipment, furnishings and services, Volume, % of total, 12M average","China, Household survey, Urban, Per capita, Expenditure, Household equipment, furnishings and services, Volume, % of total, 12M average",None,line
"China, Household survey, Urban, Per capita, Expenditure, Housing, Volume, % of total, 12M average","China, Household survey, Urban, Per capita, Expenditure, Housing, Volume, % of total, 12M average",None,line
"China, Household survey, Urban, Per capita, Expenditure, Medical, Volume, % of total, 12M average","China, Household survey, Urban, Per capita, Expenditure, Medical, Volume, % of total, 12M average",None,line
"China, Household survey, Urban, Per capita, Expenditure, Miscellaneous, Volume, % of total, 12M average","China, Household survey, Urban, Per capita, Expenditure, Miscellaneous, Volume, % of total, 12M average",None,line
"China, Household survey, Urban, Per capita, Expenditure, Transport and communication, Volume, % of total, 12M average","China, Household survey, Urban, Per capita, Expenditure, Transport and communication, Volume, % of total, 12M average",None,line
"China, Household survey, Urban, Per capita, Expenditure, Volume, % of total, 12M average","China, Household survey, Urban, Per capita, Expenditure, Volume, % of total, 12M average",None,line
"China, Household survey, Urban, Per capita, Expenditure, Clothing and footwear, Volume, % of total, % YoY, 12M average","China, Household survey, Urban, Per capita, Expenditure, Clothing and footwear, Volume, % of total, % YoY, 12M average",None,line
"China, Household survey, Urban, Per capita, Expenditure, Education, culture and recreation, Volume, % of total, % YoY, 12M average","China, Household survey, Urban, Per capita, Expenditure, Education, culture and recreation, Volume, % of total, % YoY, 12M average",None,line
"China, Household survey, Urban, Per capita, Expenditure, Food and tobacco, Volume, % of total, % YoY, 12M average","China, Household survey, Urban, Per capita, Expenditure, Food and tobacco, Volume, % of total, % YoY, 12M average",None,line
"China, Household survey, Urban, Per capita, Expenditure, Household equipment, furnishings and services, Volume, % of total, % YoY, 12M average","China, Household survey, Urban, Per capita, Expenditure, Household equipment, furnishings and services, Volume, % of total, % YoY, 12M average",None,line
"China, Household survey, Urban, Per capita, Expenditure, Housing, Volume, % of total, % YoY, 12M average","China, Household survey, Urban, Per capita, Expenditure, Housing, Volume, % of total, % YoY, 12M average",None,line
"China, Household survey, Urban, Per capita, Expenditure, Medical, Volume, % of total, % YoY, 12M average","China, Household survey, Urban, Per capita, Expenditure, Medical, Volume, % of total, % YoY, 12M average",None,line
"China, Household survey, Urban, Per capita, Expenditure, Miscellaneous, Volume, % of total, % YoY, 12M average","China, Household survey, Urban, Per capita, Expenditure, Miscellaneous, Volume, % of total, % YoY, 12M average",None,line
"China, Household survey, Urban, Per capita, Expenditure, Transport and communication, Volume, % of total, % YoY, 12M average","China, Household survey, Urban, Per capita, Expenditure, Transport and communication, Volume, % of total, % YoY, 12M average",None,line
"China, Household survey, Urban, Per capita, Expenditure, Volume, % of total, % YoY, 12M average","China, Household survey, Urban, Per capita, Expenditure, Volume, % of total, % YoY, 12M average",None,line
"China, Household survey, Urban, Per capita, Expenditure, Volume, SA, % of total, 12M average","China, Household survey, Urban, Per capita, Expenditure, Volume, SA, % of total, 12M average",None,line
"China, Household survey, Rural, Per capita, Expenditure, Clothing and footwear, % of total, 12M average","China, Household survey, Rural, Per capita, Expenditure, Clothing and footwear, % of total, 12M average",p,line
"China, Household survey, Rural, Per capita, Expenditure, Education, culture and recreation, % of total, 12M average","China, Household survey, Rural, Per capita, Expenditure, Education, culture and recreation, % of total, 12M average",p,line
"China, Household survey, Rural, Per capita, Expenditure, Food and tobacco, % of total, 12M average","China, Household survey, Rural, Per capita, Expenditure, Food and tobacco, % of total, 12M average",p,line
"China, Household survey, Rural, Per capita, Expenditure, Household equipment, furnishings and services, % of total, 12M average","China, Household survey, Rural, Per capita, Expenditure, Household equipment, furnishings and services, % of total, 12M average",p,line
"China, Household survey, Rural, Per capita, Expenditure, Housing, % of total, 12M average","China, Household survey, Rural, Per capita, Expenditure, Housing, % of total, 12M average",p,line
"China, Household survey, Rural, Per capita, Expenditure, Medical, % of total, 12M average","China, Household survey, Rural, Per capita, Expenditure, Medical, % of total, 12M average",p,line
"China, Household survey, Rural, Per capita, Expenditure, Miscellaneous, % of total, 12M average","China, Household survey, Rural, Per capita, Expenditure, Miscellaneous, % of total, 12M average",p,line
"China, Household survey, Rural, Per capita, Expenditure, Transport and communication, % of total, 12M average","China, Household survey, Rural, Per capita, Expenditure, Transport and communication, % of total, 12M average",p,line
"China, Household survey, Rural, Per capita, Expenditure, % of total, 12M average","China, Household survey, Rural, Per capita, Expenditure, % of total, 12M average",p,line
"China, Household survey, Rural, Per capita, Expenditure, SA, % of total, 12M average","China, Household survey, Rural, Per capita, Expenditure, SA, % of total, 12M average",p,line
"China, Household survey, Rural, Per capita, Expenditure, Clothing and footwear, Volume, % of total, 12M average","China, Household survey, Rural, Per capita, Expenditure, Clothing and footwear, Volume, % of total, 12M average",None,line
"China, Household survey, Rural, Per capita, Expenditure, Education, culture and recreation, Volume, % of total, 12M average","China, Household survey, Rural, Per capita, Expenditure, Education, culture and recreation, Volume, % of total, 12M average",None,line
"China, Household survey, Rural, Per capita, Expenditure, Food and tobacco, Volume, % of total, 12M average","China, Household survey, Rural, Per capita, Expenditure, Food and tobacco, Volume, % of total, 12M average",None,line
"China, Household survey, Rural, Per capita, Expenditure, Household equipment, furnishings and services, Volume, % of total, 12M average","China, Household survey, Rural, Per capita, Expenditure, Household equipment, furnishings and services, Volume, % of total, 12M average",None,line
"China, Household survey, Rural, Per capita, Expenditure, Housing, Volume, % of total, 12M average","China, Household survey, Rural, Per capita, Expenditure, Housing, Volume, % of total, 12M average",None,line
"China, Household survey, Rural, Per capita, Expenditure, Medical, Volume, % of total, 12M average","China, Household survey, Rural, Per capita, Expenditure, Medical, Volume, % of total, 12M average",None,line
"China, Household survey, Rural, Per capita, Expenditure, Miscellaneous, Volume, % of total, 12M average","China, Household survey, Rural, Per capita, Expenditure, Miscellaneous, Volume, % of total, 12M average",None,line
"China, Household survey, Rural, Per capita, Expenditure, Transport and communication, Volume, % of total, 12M average","China, Household survey, Rural, Per capita, Expenditure, Transport and communication, Volume, % of total, 12M average",None,line
"China, Household survey, Rural, Per capita, Expenditure, Volume, % of total, 12M average","China, Household survey, Rural, Per capita, Expenditure, Volume, % of total, 12M average",None,line
"China, Household survey, Rural, Per capita, Expenditure, Clothing and footwear, Volume, % of total, % YoY, 12M average","China, Household survey, Rural, Per capita, Expenditure, Clothing and footwear, Volume, % of total, % YoY, 12M average",None,line
"China, Household survey, Rural, Per capita, Expenditure, Education, culture and recreation, Volume, % of total, % YoY, 12M average","China, Household survey, Rural, Per capita, Expenditure, Education, culture and recreation, Volume, % of total, % YoY, 12M average",None,line
"China, Household survey, Rural, Per capita, Expenditure, Food and tobacco, Volume, % of total, % YoY, 12M average","China, Household survey, Rural, Per capita, Expenditure, Food and tobacco, Volume, % of total, % YoY, 12M average",None,line
"China, Household survey, Rural, Per capita, Expenditure, Household equipment, furnishings and services, Volume, % of total, % YoY, 12M average","China, Household survey, Rural, Per capita, Expenditure, Household equipment, furnishings and services, Volume, % of total, % YoY, 12M average",None,line
"China, Household survey, Rural, Per capita, Expenditure, Housing, Volume, % of total, % YoY, 12M average","China, Household survey, Rural, Per capita, Expenditure, Housing, Volume, % of total, % YoY, 12M average",None,line
"China, Household survey, Rural, Per capita, Expenditure, Medical, Volume, % of total, % YoY, 12M average","China, Household survey, Rural, Per capita, Expenditure, Medical, Volume, % of total, % YoY, 12M average",None,line
"China, Household survey, Rural, Per capita, Expenditure, Miscellaneous, Volume, % of total, % YoY, 12M average","China, Household survey, Rural, Per capita, Expenditure, Miscellaneous, Volume, % of total, % YoY, 12M average",None,line
"China, Household survey, Rural, Per capita, Expenditure, Transport and communication, Volume, % of total, % YoY, 12M average","China, Household survey, Rural, Per capita, Expenditure, Transport and communication, Volume, % of total, % YoY, 12M average",None,line
"China, Household survey, Rural, Per capita, Expenditure, Volume, % of total, % YoY, 12M average","China, Household survey, Rural, Per capita, Expenditure, Volume, % of total, % YoY, 12M average",None,line
"China, Household survey, Rural, Per capita, Expenditure, Volume, SA, % of total, 12M average","China, Household survey, Rural, Per capita, Expenditure, Volume, SA, % of total, 12M average",None,line
"China, Household survey, National, Per capita, Expenditure, Clothing and footwear, % of total, 12M average","China, Household survey, National, Per capita, Expenditure, Clothing and footwear, % of total, 12M average",p,line
"China, Household survey, National, Per capita, Expenditure, Education, culture and recreation, % of total, 12M average","China, Household survey, National, Per capita, Expenditure, Education, culture and recreation, % of total, 12M average",p,line
"China, Household survey, National, Per capita, Expenditure, Food and tobacco, % of total, 12M average","China, Household survey, National, Per capita, Expenditure, Food and tobacco, % of total, 12M average",p,line
"China, Household survey, National, Per capita, Expenditure, Household equipment, furnishings and services, % of total, 12M average","China, Household survey, National, Per capita, Expenditure, Household equipment, furnishings and services, % of total, 12M average",p,line
"China, Household survey, National, Per capita, Expenditure, Housing, % of total, 12M average","China, Household survey, National, Per capita, Expenditure, Housing, % of total, 12M average",p,line
"China, Household survey, National, Per capita, Expenditure, Medical, % of total, 12M average","China, Household survey, National, Per capita, Expenditure, Medical, % of total, 12M average",p,line
"China, Household survey, National, Per capita, Expenditure, Miscellaneous, % of total, 12M average","China, Household survey, National, Per capita, Expenditure, Miscellaneous, % of total, 12M average",p,line
"China, Household survey, National, Per capita, Expenditure, Transport and communication, % of total, 12M average","China, Household survey, National, Per capita, Expenditure, Transport and communication, % of total, 12M average",p,line
"China, Household survey, National, Per capita, Expenditure, % of total, 12M average","China, Household survey, National, Per capita, Expenditure, % of total, 12M average",p,line
"China, Household survey, National, Per capita, Expenditure, SA, % of total, 12M average","China, Household survey, National, Per capita, Expenditure, SA, % of total, 12M average",p,line
"China, Household survey, National, Per capita, Expenditure, Clothing and footwear, Volume, % of total, 12M average","China, Household survey, National, Per capita, Expenditure, Clothing and footwear, Volume, % of total, 12M average",None,line
"China, Household survey, National, Per capita, Expenditure, Education, culture and recreation, Volume, % of total, 12M average","China, Household survey, National, Per capita, Expenditure, Education, culture and recreation, Volume, % of total, 12M average",None,line
"China, Household survey, National, Per capita, Expenditure, Food and tobacco, Volume, % of total, 12M average","China, Household survey, National, Per capita, Expenditure, Food and tobacco, Volume, % of total, 12M average",None,line
"China, Household survey, National, Per capita, Expenditure, Household equipment, furnishings and services, Volume, % of total, 12M average","China, Household survey, National, Per capita, Expenditure, Household equipment, furnishings and services, Volume, % of total, 12M average",None,line
"China, Household survey, National, Per capita, Expenditure, Housing, Volume, % of total, 12M average","China, Household survey, National, Per capita, Expenditure, Housing, Volume, % of total, 12M average",None,line
"China, Household survey, National, Per capita, Expenditure, Medical, Volume, % of total, 12M average","China, Household survey, National, Per capita, Expenditure, Medical, Volume, % of total, 12M average",None,line
"China, Household survey, National, Per capita, Expenditure, Miscellaneous, Volume, % of total, 12M average","China, Household survey, National, Per capita, Expenditure, Miscellaneous, Volume, % of total, 12M average",None,line
"China, Household survey, National, Per capita, Expenditure, Transport and communication, Volume, % of total, 12M average","China, Household survey, National, Per capita, Expenditure, Transport and communication, Volume, % of total, 12M average",None,line
"China, Household survey, National, Per capita, Expenditure, Volume, % of total, 12M average","China, Household survey, National, Per capita, Expenditure, Volume, % of total, 12M average",None,line
"China, Household survey, National, Per capita, Expenditure, Clothing and footwear, Volume, % of total, % YoY, 12M average","China, Household survey, National, Per capita, Expenditure, Clothing and footwear, Volume, % of total, % YoY, 12M average",None,line
"China, Household survey, National, Per capita, Expenditure, Education, culture and recreation, Volume, % of total, % YoY, 12M average","China, Household survey, National, Per capita, Expenditure, Education, culture and recreation, Volume, % of total, % YoY, 12M average",None,line
"China, Household survey, National, Per capita, Expenditure, Food and tobacco, Volume, % of total, % YoY, 12M average","China, Household survey, National, Per capita, Expenditure, Food and tobacco, Volume, % of total, % YoY, 12M average",None,line
"China, Household survey, National, Per capita, Expenditure, Household equipment, furnishings and services, Volume, % of total, % YoY, 12M average","China, Household survey, National, Per capita, Expenditure, Household equipment, furnishings and services, Volume, % of total, % YoY, 12M average",None,line
"China, Household survey, National, Per capita, Expenditure, Housing, Volume, % of total, % YoY, 12M average","China, Household survey, National, Per capita, Expenditure, Housing, Volume, % of total, % YoY, 12M average",None,line
"China, Household survey, National, Per capita, Expenditure, Medical, Volume, % of total, % YoY, 12M average","China, Household survey, National, Per capita, Expenditure, Medical, Volume, % of total, % YoY, 12M average",None,line
"China, Household survey, National, Per capita, Expenditure, Miscellaneous, Volume, % of total, % YoY, 12M average","China, Household survey, National, Per capita, Expenditure, Miscellaneous, Volume, % of total, % YoY, 12M average",None,line
"China, Household survey, National, Per capita, Expenditure, Transport and communication, Volume, % of total, % YoY, 12M average","China, Household survey, National, Per capita, Expenditure, Transport and communication, Volume, % of total, % YoY, 12M average",None,line
"China, Household survey, National, Per capita, Expenditure, Volume, % of total, % YoY, 12M average","China, Household survey, National, Per capita, Expenditure, Volume, % of total, % YoY, 12M average",None,line
"China, Household survey, National, Per capita, Expenditure, Volume, SA, % of total, 12M average","China, Household survey, National, Per capita, Expenditure, Volume, SA, % of total, 12M average",None,line
"China, Household survey, Urban, Per capita, Savings ratio, SA, %, 12M average","China, Household survey, Urban, Per capita, Savings ratio, SA, %, 12M average",,line
"China, Household survey, Rural, Per capita, Savings ratio, SA, %, 12M average","China, Household survey, Rural, Per capita, Savings ratio, SA, %, 12M average",,line
"China, Household survey, National, Per capita, Savings ratio, SA, %, 12M average","China, Household survey, National, Per capita, Savings ratio, SA, %, 12M average",,line
"China, Household survey, Urban, Per capita, Expenditure, SA, CNY, 2013-19 trend, 12M average","China, Household survey, Urban, Per capita, Expenditure, SA, CNY, 2013-19 trend, 12M average",None,line
"China, Household survey, Urban, Per capita, Expenditure, Volume, SA, CNY, 2013-19 trend, 12M average","China, Household survey, Urban, Per capita, Expenditure, Volume, SA, CNY, 2013-19 trend, 12M average",None,line
"China, Household survey, Urban, Per capita, Income, Disposable, SA, CNY, 2013-19 trend, 12M average","China, Household survey, Urban, Per capita, Income, Disposable, SA, CNY, 2013-19 trend, 12M average",None,line
"China, Household survey, Urban, Per capita, Income, Disposable, Volume, SA, CNY, 2013-19 trend, 12M average","China, Household survey, Urban, Per capita, Income, Disposable, Volume, SA, CNY, 2013-19 trend, 12M average",None,line
"China, Household survey, Urban, Per capita, Savings ratio, SA, %, 2013-19 trend, 12M average","China, Household survey, Urban, Per capita, Savings ratio, SA, %, 2013-19 trend, 12M average",,line
"China, Household survey, Rural, Per capita, Expenditure, SA, CNY, 2013-19 trend, 12M average","China, Household survey, Rural, Per capita, Expenditure, SA, CNY, 2013-19 trend, 12M average",None,line
"China, Household survey, Rural, Per capita, Expenditure, Volume, SA, CNY, 2013-19 trend, 12M average","China, Household survey, Rural, Per capita, Expenditure, Volume, SA, CNY, 2013-19 trend, 12M average",None,line
"China, Household survey, Rural, Per capita, Income, Disposable, SA, CNY, 2013-19 trend, 12M average","China, Household survey, Rural, Per capita, Income, Disposable, SA, CNY, 2013-19 trend, 12M average",None,line
"China, Household survey, Rural, Per capita, Income, Disposable, Volume, SA, CNY, 2013-19 trend, 12M average","China, Household survey, Rural, Per capita, Income, Disposable, Volume, SA, CNY, 2013-19 trend, 12M average",None,line
"China, Household survey, Rural, Per capita, Savings ratio, SA, %, 2013-19 trend, 12M average","China, Household survey, Rural, Per capita, Savings ratio, SA, %, 2013-19 trend, 12M average",,line
"China, Household survey, National, Per capita, Expenditure, SA, CNY, 2013-19 trend, 12M average","China, Household survey, National, Per capita, Expenditure, SA, CNY, 2013-19 trend, 12M average",None,line
"China, Household survey, National, Per capita, Expenditure, Volume, SA, CNY, 2013-19 trend, 12M average","China, Household survey, National, Per capita, Expenditure, Volume, SA, CNY, 2013-19 trend, 12M average",None,line
"China, Household survey, National, Per capita, Income, Disposable, SA, CNY, 2013-19 trend, 12M average","China, Household survey, National, Per capita, Income, Disposable, SA, CNY, 2013-19 trend, 12M average",None,line
"China, Household survey, National, Per capita, Income, Disposable, Volume, SA, CNY, 2013-19 trend, 12M average","China, Household survey, National, Per capita, Income, Disposable, Volume, SA, CNY, 2013-19 trend, 12M average",None,line
"China, Household survey, National, Per capita, Savings ratio, SA, %, 2013-19 trend, 12M average","China, Household survey, National, Per capita, Savings ratio, SA, %, 2013-19 trend, 12M average",,line
"China, Household survey, Rural and urban, Aggregate, Expenditure, Volume, SA, CNY bn, 2013-19 trend, 12M average","China, Household survey, Rural and urban, Aggregate, Expenditure, Volume, SA, CNY bn, 2013-19 trend, 12M average",None,line
"China, Household survey, National, Aggregate, Expenditure, SA, CNY bn, 2013-19 trend, 12M average","China, Household survey, National, Aggregate, Expenditure, SA, CNY bn, 2013-19 trend, 12M average",None,line
"China, Household survey, National, Aggregate, Income, Disposable, SA, CNY bn, 2013-19 trend, 12M average","China, Household survey, National, Aggregate, Income, Disposable, SA, CNY bn, 2013-19 trend, 12M average",None,line
"China, Household survey, National, Aggregate, Expenditure, Volume, SA, CNY bn, 2013-19 trend, 12M average","China, Household survey, National, Aggregate, Expenditure, Volume, SA, CNY bn, 2013-19 trend, 12M average",None,line
"China, Household survey, National, Aggregate, Income, Disposable, Volume, SA, CNY bn, 2013-19 trend, 12M average","China, Household survey, National, Aggregate, Income, Disposable, Volume, SA, CNY bn, 2013-19 trend, 12M average",None,line
"China, Household survey, Urban, Per capita, Expenditure, SA, CNY, Poly 2013-19 trend, 12M average","China, Household survey, Urban, Per capita, Expenditure, SA, CNY, Poly 2013-19 trend, 12M average",None,line
"China, Household survey, Urban, Per capita, Expenditure, Volume, SA, CNY, Poly 2013-19 trend, 12M average","China, Household survey, Urban, Per capita, Expenditure, Volume, SA, CNY, Poly 2013-19 trend, 12M average",None,line
"China, Household survey, Urban, Per capita, Income, Disposable, SA, CNY, Poly 2013-19 trend, 12M average","China, Household survey, Urban, Per capita, Income, Disposable, SA, CNY, Poly 2013-19 trend, 12M average",None,line
"China, Household survey, Urban, Per capita, Income, Disposable, Volume, SA, CNY, Poly 2013-19 trend, 12M average","China, Household survey, Urban, Per capita, Income, Disposable, Volume, SA, CNY, Poly 2013-19 trend, 12M average",None,line
"China, Household survey, Urban, Per capita, Savings ratio, SA, %, Poly 2013-19 trend, 12M average","China, Household survey, Urban, Per capita, Savings ratio, SA, %, Poly 2013-19 trend, 12M average",,line
"China, Household survey, Rural, Per capita, Expenditure, SA, CNY, Poly 2013-19 trend, 12M average","China, Household survey, Rural, Per capita, Expenditure, SA, CNY, Poly 2013-19 trend, 12M average",None,line
"China, Household survey, Rural, Per capita, Expenditure, Volume, SA, CNY, Poly 2013-19 trend, 12M average","China, Household survey, Rural, Per capita, Expenditure, Volume, SA, CNY, Poly 2013-19 trend, 12M average",None,line
"China, Household survey, Rural, Per capita, Income, Disposable, SA, CNY, Poly 2013-19 trend, 12M average","China, Household survey, Rural, Per capita, Income, Disposable, SA, CNY, Poly 2013-19 trend, 12M average",None,line
"China, Household survey, Rural, Per capita, Income, Disposable, Volume, SA, CNY, Poly 2013-19 trend, 12M average","China, Household survey, Rural, Per capita, Income, Disposable, Volume, SA, CNY, Poly 2013-19 trend, 12M average",None,line
"China, Household survey, Rural, Per capita, Savings ratio, SA, %, Poly 2013-19 trend, 12M average","China, Household survey, Rural, Per capita, Savings ratio, SA, %, Poly 2013-19 trend, 12M average",,line
"China, Household survey, National, Per capita, Expenditure, SA, CNY, Poly 2013-19 trend, 12M average","China, Household survey, National, Per capita, Expenditure, SA, CNY, Poly 2013-19 trend, 12M average",None,line
"China, Household survey, National, Per capita, Expenditure, Volume, SA, CNY, Poly 2013-19 trend, 12M average","China, Household survey, National, Per capita, Expenditure, Volume, SA, CNY, Poly 2013-19 trend, 12M average",None,line
"China, Household survey, National, Per capita, Income, Disposable, SA, CNY, Poly 2013-19 trend, 12M average","China, Household survey, National, Per capita, Income, Disposable, SA, CNY, Poly 2013-19 trend, 12M average",None,line
"China, Household survey, National, Per capita, Income, Disposable, Volume, SA, CNY, Poly 2013-19 trend, 12M average","China, Household survey, National, Per capita, Income, Disposable, Volume, SA, CNY, Poly 2013-19 trend, 12M average",None,line
"China, Household survey, National, Per capita, Savings ratio, SA, %, Poly 2013-19 trend, 12M average","China, Household survey, National, Per capita, Savings ratio, SA, %, Poly 2013-19 trend, 12M average",,line
"China, Household survey, Rural and urban, Aggregate, Expenditure, Volume, SA, CNY bn, Poly 2013-19 trend, 12M average","China, Household survey, Rural and urban, Aggregate, Expenditure, Volume, SA, CNY bn, Poly 2013-19 trend, 12M average",None,line
"China, Household survey, National, Aggregate, Expenditure, SA, CNY bn, Poly 2013-19 trend, 12M average","China, Household survey, National, Aggregate, Expenditure, SA, CNY bn, Poly 2013-19 trend, 12M average",None,line
"China, Household survey, National, Aggregate, Income, Disposable, SA, CNY bn, Poly 2013-19 trend, 12M average","China, Household survey, National, Aggregate, Income, Disposable, SA, CNY bn, Poly 2013-19 trend, 12M average",None,line
"China, Household survey, National, Aggregate, Expenditure, Volume, SA, CNY bn, Poly 2013-19 trend, 12M average","China, Household survey, National, Aggregate, Expenditure, Volume, SA, CNY bn, Poly 2013-19 trend, 12M average",None,line
"China, Household survey, National, Aggregate, Income, Disposable, Volume, SA, CNY bn, Poly 2013-19 trend, 12M average","China, Household survey, National, Aggregate, Income, Disposable, Volume, SA, CNY bn, Poly 2013-19 trend, 12M average",None,line
"China, Household survey, Urban, Per capita, Expenditure, SA, CNY, 2015-19 trend, 12M average","China, Household survey, Urban, Per capita, Expenditure, SA, CNY, 2015-19 trend, 12M average",None,line
"China, Household survey, Urban, Per capita, Expenditure, Volume, SA, CNY, 2015-19 trend, 12M average","China, Household survey, Urban, Per capita, Expenditure, Volume, SA, CNY, 2015-19 trend, 12M average",None,line
"China, Household survey, Urban, Per capita, Income, Disposable, SA, CNY, 2015-19 trend, 12M average","China, Household survey, Urban, Per capita, Income, Disposable, SA, CNY, 2015-19 trend, 12M average",None,line
"China, Household survey, Urban, Per capita, Income, Disposable, Volume, SA, CNY, 2015-19 trend, 12M average","China, Household survey, Urban, Per capita, Income, Disposable, Volume, SA, CNY, 2015-19 trend, 12M average",None,line
"China, Household survey, Urban, Per capita, Savings ratio, SA, %, 2015-19 trend, 12M average","China, Household survey, Urban, Per capita, Savings ratio, SA, %, 2015-19 trend, 12M average",,line
"China, Household survey, Rural, Per capita, Expenditure, SA, CNY, 2015-19 trend, 12M average","China, Household survey, Rural, Per capita, Expenditure, SA, CNY, 2015-19 trend, 12M average",None,line
"China, Household survey, Rural, Per capita, Expenditure, Volume, SA, CNY, 2015-19 trend, 12M average","China, Household survey, Rural, Per capita, Expenditure, Volume, SA, CNY, 2015-19 trend, 12M average",None,line
"China, Household survey, Rural, Per capita, Income, Disposable, SA, CNY, 2015-19 trend, 12M average","China, Household survey, Rural, Per capita, Income, Disposable, SA, CNY, 2015-19 trend, 12M average",None,line
"China, Household survey, Rural, Per capita, Income, Disposable, Volume, SA, CNY, 2015-19 trend, 12M average","China, Household survey, Rural, Per capita, Income, Disposable, Volume, SA, CNY, 2015-19 trend, 12M average",None,line
"China, Household survey, Rural, Per capita, Savings ratio, SA, %, 2015-19 trend, 12M average","China, Household survey, Rural, Per capita, Savings ratio, SA, %, 2015-19 trend, 12M average",,line
"China, Household survey, National, Per capita, Expenditure, SA, CNY, 2015-19 trend, 12M average","China, Household survey, National, Per capita, Expenditure, SA, CNY, 2015-19 trend, 12M average",None,line
"China, Household survey, National, Per capita, Expenditure, Volume, SA, CNY, 2015-19 trend, 12M average","China, Household survey, National, Per capita, Expenditure, Volume, SA, CNY, 2015-19 trend, 12M average",None,line
"China, Household survey, National, Per capita, Income, Disposable, SA, CNY, 2015-19 trend, 12M average","China, Household survey, National, Per capita, Income, Disposable, SA, CNY, 2015-19 trend, 12M average",None,line
"China, Household survey, National, Per capita, Income, Disposable, Volume, SA, CNY, 2015-19 trend, 12M average","China, Household survey, National, Per capita, Income, Disposable, Volume, SA, CNY, 2015-19 trend, 12M average",None,line
"China, Household survey, National, Per capita, Savings ratio, SA, %, 2015-19 trend, 12M average","China, Household survey, National, Per capita, Savings ratio, SA, %, 2015-19 trend, 12M average",,line
"China, Household survey, Rural and urban, Aggregate, Expenditure, Volume, SA, CNY bn, 2015-19 trend, 12M average","China, Household survey, Rural and urban, Aggregate, Expenditure, Volume, SA, CNY bn, 2015-19 trend, 12M average",None,line
"China, Household survey, National, Aggregate, Expenditure, SA, CNY bn, 2015-19 trend, 12M average","China, Household survey, National, Aggregate, Expenditure, SA, CNY bn, 2015-19 trend, 12M average",None,line
"China, Household survey, National, Aggregate, Income, Disposable, SA, CNY bn, 2015-19 trend, 12M average","China, Household survey, National, Aggregate, Income, Disposable, SA, CNY bn, 2015-19 trend, 12M average",None,line
"China, Household survey, National, Aggregate, Expenditure, Volume, SA, CNY bn, 2015-19 trend, 12M average","China, Household survey, National, Aggregate, Expenditure, Volume, SA, CNY bn, 2015-19 trend, 12M average",None,line
"China, Household survey, National, Aggregate, Income, Disposable, Volume, SA, CNY bn, 2015-19 trend, 12M average","China, Household survey, National, Aggregate, Income, Disposable, Volume, SA, CNY bn, 2015-19 trend, 12M average",None,line
"China, Household survey, Urban, Per capita, Expenditure, SA, CNY, Poly 2015-19 trend, 12M average","China, Household survey, Urban, Per capita, Expenditure, SA, CNY, Poly 2015-19 trend, 12M average",None,line
"China, Household survey, Urban, Per capita, Expenditure, Volume, SA, CNY, Poly 2015-19 trend, 12M average","China, Household survey, Urban, Per capita, Expenditure, Volume, SA, CNY, Poly 2015-19 trend, 12M average",None,line
"China, Household survey, Urban, Per capita, Income, Disposable, SA, CNY, Poly 2015-19 trend, 12M average","China, Household survey, Urban, Per capita, Income, Disposable, SA, CNY, Poly 2015-19 trend, 12M average",None,line
"China, Household survey, Urban, Per capita, Income, Disposable, Volume, SA, CNY, Poly 2015-19 trend, 12M average","China, Household survey, Urban, Per capita, Income, Disposable, Volume, SA, CNY, Poly 2015-19 trend, 12M average",None,line
"China, Household survey, Urban, Per capita, Savings ratio, SA, %, Poly 2015-19 trend, 12M average","China, Household survey, Urban, Per capita, Savings ratio, SA, %, Poly 2015-19 trend, 12M average",,line
"China, Household survey, Rural, Per capita, Expenditure, SA, CNY, Poly 2015-19 trend, 12M average","China, Household survey, Rural, Per capita, Expenditure, SA, CNY, Poly 2015-19 trend, 12M average",None,line
"China, Household survey, Rural, Per capita, Expenditure, Volume, SA, CNY, Poly 2015-19 trend, 12M average","China, Household survey, Rural, Per capita, Expenditure, Volume, SA, CNY, Poly 2015-19 trend, 12M average",None,line
"China, Household survey, Rural, Per capita, Income, Disposable, SA, CNY, Poly 2015-19 trend, 12M average","China, Household survey, Rural, Per capita, Income, Disposable, SA, CNY, Poly 2015-19 trend, 12M average",None,line
"China, Household survey, Rural, Per capita, Income, Disposable, Volume, SA, CNY, Poly 2015-19 trend, 12M average","China, Household survey, Rural, Per capita, Income, Disposable, Volume, SA, CNY, Poly 2015-19 trend, 12M average",None,line
"China, Household survey, Rural, Per capita, Savings ratio, SA, %, Poly 2015-19 trend, 12M average","China, Household survey, Rural, Per capita, Savings ratio, SA, %, Poly 2015-19 trend, 12M average",,line
"China, Household survey, National, Per capita, Expenditure, SA, CNY, Poly 2015-19 trend, 12M average","China, Household survey, National, Per capita, Expenditure, SA, CNY, Poly 2015-19 trend, 12M average",None,line
"China, Household survey, National, Per capita, Expenditure, Volume, SA, CNY, Poly 2015-19 trend, 12M average","China, Household survey, National, Per capita, Expenditure, Volume, SA, CNY, Poly 2015-19 trend, 12M average",None,line
"China, Household survey, National, Per capita, Income, Disposable, SA, CNY, Poly 2015-19 trend, 12M average","China, Household survey, National, Per capita, Income, Disposable, SA, CNY, Poly 2015-19 trend, 12M average",None,line
"China, Household survey, National, Per capita, Income, Disposable, Volume, SA, CNY, Poly 2015-19 trend, 12M average","China, Household survey, National, Per capita, Income, Disposable, Volume, SA, CNY, Poly 2015-19 trend, 12M average",None,line
"China, Household survey, National, Per capita, Savings ratio, SA, %, Poly 2015-19 trend, 12M average","China, Household survey, National, Per capita, Savings ratio, SA, %, Poly 2015-19 trend, 12M average",,line
"China, Household survey, Rural and urban, Aggregate, Expenditure, Volume, SA, CNY bn, Poly 2015-19 trend, 12M average","China, Household survey, Rural and urban, Aggregate, Expenditure, Volume, SA, CNY bn, Poly 2015-19 trend, 12M average",None,line
"China, Household survey, National, Aggregate, Expenditure, SA, CNY bn, Poly 2015-19 trend, 12M average","China, Household survey, National, Aggregate, Expenditure, SA, CNY bn, Poly 2015-19 trend, 12M average",None,line
"China, Household survey, National, Aggregate, Income, Disposable, SA, CNY bn, Poly 2015-19 trend, 12M average","China, Household survey, National, Aggregate, Income, Disposable, SA, CNY bn, Poly 2015-19 trend, 12M average",None,line
"China, Household survey, National, Aggregate, Expenditure, Volume, SA, CNY bn, Poly 2015-19 trend, 12M average","China, Household survey, National, Aggregate, Expenditure, Volume, SA, CNY bn, Poly 2015-19 trend, 12M average",None,line
"China, Household survey, National, Aggregate, Income, Disposable, Volume, SA, CNY bn, Poly 2015-19 trend, 12M average","China, Household survey, National, Aggregate, Income, Disposable, Volume, SA, CNY bn, Poly 2015-19 trend, 12M average",None,line
"China, Household survey, Urban, Per capita, Expenditure, SA, CNY, 2017-19 trend, 12M average","China, Household survey, Urban, Per capita, Expenditure, SA, CNY, 2017-19 trend, 12M average",None,line
"China, Household survey, Urban, Per capita, Expenditure, Volume, SA, CNY, 2017-19 trend, 12M average","China, Household survey, Urban, Per capita, Expenditure, Volume, SA, CNY, 2017-19 trend, 12M average",None,line
"China, Household survey, Urban, Per capita, Income, Disposable, SA, CNY, 2017-19 trend, 12M average","China, Household survey, Urban, Per capita, Income, Disposable, SA, CNY, 2017-19 trend, 12M average",None,line
"China, Household survey, Urban, Per capita, Income, Disposable, Volume, SA, CNY, 2017-19 trend, 12M average","China, Household survey, Urban, Per capita, Income, Disposable, Volume, SA, CNY, 2017-19 trend, 12M average",None,line
"China, Household survey, Urban, Per capita, Savings ratio, SA, %, 2017-19 trend, 12M average","China, Household survey, Urban, Per capita, Savings ratio, SA, %, 2017-19 trend, 12M average",,line
"China, Household survey, Rural, Per capita, Expenditure, SA, CNY, 2017-19 trend, 12M average","China, Household survey, Rural, Per capita, Expenditure, SA, CNY, 2017-19 trend, 12M average",None,line
"China, Household survey, Rural, Per capita, Expenditure, Volume, SA, CNY, 2017-19 trend, 12M average","China, Household survey, Rural, Per capita, Expenditure, Volume, SA, CNY, 2017-19 trend, 12M average",None,line
"China, Household survey, Rural, Per capita, Income, Disposable, SA, CNY, 2017-19 trend, 12M average","China, Household survey, Rural, Per capita, Income, Disposable, SA, CNY, 2017-19 trend, 12M average",None,line
"China, Household survey, Rural, Per capita, Income, Disposable, Volume, SA, CNY, 2017-19 trend, 12M average","China, Household survey, Rural, Per capita, Income, Disposable, Volume, SA, CNY, 2017-19 trend, 12M average",None,line
"China, Household survey, Rural, Per capita, Savings ratio, SA, %, 2017-19 trend, 12M average","China, Household survey, Rural, Per capita, Savings ratio, SA, %, 2017-19 trend, 12M average",,line
"China, Household survey, National, Per capita, Expenditure, SA, CNY, 2017-19 trend, 12M average","China, Household survey, National, Per capita, Expenditure, SA, CNY, 2017-19 trend, 12M average",None,line
"China, Household survey, National, Per capita, Expenditure, Volume, SA, CNY, 2017-19 trend, 12M average","China, Household survey, National, Per capita, Expenditure, Volume, SA, CNY, 2017-19 trend, 12M average",None,line
"China, Household survey, National, Per capita, Income, Disposable, SA, CNY, 2017-19 trend, 12M average","China, Household survey, National, Per capita, Income, Disposable, SA, CNY, 2017-19 trend, 12M average",None,line
"China, Household survey, National, Per capita, Income, Disposable, Volume, SA, CNY, 2017-19 trend, 12M average","China, Household survey, National, Per capita, Income, Disposable, Volume, SA, CNY, 2017-19 trend, 12M average",None,line
"China, Household survey, National, Per capita, Savings ratio, SA, %, 2017-19 trend, 12M average","China, Household survey, National, Per capita, Savings ratio, SA, %, 2017-19 trend, 12M average",,line
"China, Household survey, Rural and urban, Aggregate, Expenditure, Volume, SA, CNY bn, 2017-19 trend, 12M average","China, Household survey, Rural and urban, Aggregate, Expenditure, Volume, SA, CNY bn, 2017-19 trend, 12M average",None,line
"China, Household survey, National, Aggregate, Expenditure, SA, CNY bn, 2017-19 trend, 12M average","China, Household survey, National, Aggregate, Expenditure, SA, CNY bn, 2017-19 trend, 12M average",None,line
"China, Household survey, National, Aggregate, Income, Disposable, SA, CNY bn, 2017-19 trend, 12M average","China, Household survey, National, Aggregate, Income, Disposable, SA, CNY bn, 2017-19 trend, 12M average",None,line
"China, Household survey, National, Aggregate, Expenditure, Volume, SA, CNY bn, 2017-19 trend, 12M average","China, Household survey, National, Aggregate, Expenditure, Volume, SA, CNY bn, 2017-19 trend, 12M average",None,line
"China, Household survey, National, Aggregate, Income, Disposable, Volume, SA, CNY bn, 2017-19 trend, 12M average","China, Household survey, National, Aggregate, Income, Disposable, Volume, SA, CNY bn, 2017-19 trend, 12M average",None,line
"China, Household survey, Urban, Per capita, Expenditure, SA, CNY, Poly 2017-19 trend, 12M average","China, Household survey, Urban, Per capita, Expenditure, SA, CNY, Poly 2017-19 trend, 12M average",None,line
"China, Household survey, Urban, Per capita, Expenditure, Volume, SA, CNY, Poly 2017-19 trend, 12M average","China, Household survey, Urban, Per capita, Expenditure, Volume, SA, CNY, Poly 2017-19 trend, 12M average",None,line
"China, Household survey, Urban, Per capita, Income, Disposable, SA, CNY, Poly 2017-19 trend, 12M average","China, Household survey, Urban, Per capita, Income, Disposable, SA, CNY, Poly 2017-19 trend, 12M average",None,line
"China, Household survey, Urban, Per capita, Income, Disposable, Volume, SA, CNY, Poly 2017-19 trend, 12M average","China, Household survey, Urban, Per capita, Income, Disposable, Volume, SA, CNY, Poly 2017-19 trend, 12M average",None,line
"China, Household survey, Urban, Per capita, Savings ratio, SA, %, Poly 2017-19 trend, 12M average","China, Household survey, Urban, Per capita, Savings ratio, SA, %, Poly 2017-19 trend, 12M average",,line
"China, Household survey, Rural, Per capita, Expenditure, SA, CNY, Poly 2017-19 trend, 12M average","China, Household survey, Rural, Per capita, Expenditure, SA, CNY, Poly 2017-19 trend, 12M average",None,line
"China, Household survey, Rural, Per capita, Expenditure, Volume, SA, CNY, Poly 2017-19 trend, 12M average","China, Household survey, Rural, Per capita, Expenditure, Volume, SA, CNY, Poly 2017-19 trend, 12M average",None,line
"China, Household survey, Rural, Per capita, Income, Disposable, SA, CNY, Poly 2017-19 trend, 12M average","China, Household survey, Rural, Per capita, Income, Disposable, SA, CNY, Poly 2017-19 trend, 12M average",None,line
"China, Household survey, Rural, Per capita, Income, Disposable, Volume, SA, CNY, Poly 2017-19 trend, 12M average","China, Household survey, Rural, Per capita, Income, Disposable, Volume, SA, CNY, Poly 2017-19 trend, 12M average",None,line
"China, Household survey, Rural, Per capita, Savings ratio, SA, %, Poly 2017-19 trend, 12M average","China, Household survey, Rural, Per capita, Savings ratio, SA, %, Poly 2017-19 trend, 12M average",,line
"China, Household survey, National, Per capita, Expenditure, SA, CNY, Poly 2017-19 trend, 12M average","China, Household survey, National, Per capita, Expenditure, SA, CNY, Poly 2017-19 trend, 12M average",None,line
"China, Household survey, National, Per capita, Expenditure, Volume, SA, CNY, Poly 2017-19 trend, 12M average","China, Household survey, National, Per capita, Expenditure, Volume, SA, CNY, Poly 2017-19 trend, 12M average",None,line
"China, Household survey, National, Per capita, Income, Disposable, SA, CNY, Poly 2017-19 trend, 12M average","China, Household survey, National, Per capita, Income, Disposable, SA, CNY, Poly 2017-19 trend, 12M average",None,line
"China, Household survey, National, Per capita, Income, Disposable, Volume, SA, CNY, Poly 2017-19 trend, 12M average","China, Household survey, National, Per capita, Income, Disposable, Volume, SA, CNY, Poly 2017-19 trend, 12M average",None,line
"China, Household survey, National, Per capita, Savings ratio, SA, %, Poly 2017-19 trend, 12M average","China, Household survey, National, Per capita, Savings ratio, SA, %, Poly 2017-19 trend, 12M average",,line
"China, Household survey, Rural and urban, Aggregate, Expenditure, Volume, SA, CNY bn, Poly 2017-19 trend, 12M average","China, Household survey, Rural and urban, Aggregate, Expenditure, Volume, SA, CNY bn, Poly 2017-19 trend, 12M average",None,line
"China, Household survey, National, Aggregate, Expenditure, SA, CNY bn, Poly 2017-19 trend, 12M average","China, Household survey, National, Aggregate, Expenditure, SA, CNY bn, Poly 2017-19 trend, 12M average",None,line
"China, Household survey, National, Aggregate, Income, Disposable, SA, CNY bn, Poly 2017-19 trend, 12M average","China, Household survey, National, Aggregate, Income, Disposable, SA, CNY bn, Poly 2017-19 trend, 12M average",None,line
"China, Household survey, National, Aggregate, Expenditure, Volume, SA, CNY bn, Poly 2017-19 trend, 12M average","China, Household survey, National, Aggregate, Expenditure, Volume, SA, CNY bn, Poly 2017-19 trend, 12M average",None,line
"China, Household survey, National, Aggregate, Income, Disposable, Volume, SA, CNY bn, Poly 2017-19 trend, 12M average","China, Household survey, National, Aggregate, Income, Disposable, Volume, SA, CNY bn, Poly 2017-19 trend, 12M average",None,line
"China, Household survey, Urban, Per capita, Expenditure, SA, CNY, % of 2013-19 trend, 12M average","China, Household survey, Urban, Per capita, Expenditure, SA, CNY, % of 2013-19 trend, 12M average",None,line
"China, Household survey, Urban, Per capita, Expenditure, SA, CNY, % of Poly 2013-19 trend, 12M average","China, Household survey, Urban, Per capita, Expenditure, SA, CNY, % of Poly 2013-19 trend, 12M average",None,line
"China, Household survey, Urban, Per capita, Expenditure, SA, CNY, % of 2015-19 trend, 12M average","China, Household survey, Urban, Per capita, Expenditure, SA, CNY, % of 2015-19 trend, 12M average",None,line
"China, Household survey, Urban, Per capita, Expenditure, SA, CNY, % of Poly 2015-19 trend, 12M average","China, Household survey, Urban, Per capita, Expenditure, SA, CNY, % of Poly 2015-19 trend, 12M average",None,line
"China, Household survey, Urban, Per capita, Expenditure, SA, CNY, % of 2017-19 trend, 12M average","China, Household survey, Urban, Per capita, Expenditure, SA, CNY, % of 2017-19 trend, 12M average",None,line
"China, Household survey, Urban, Per capita, Expenditure, SA, CNY, % of Poly 2017-19 trend, 12M average","China, Household survey, Urban, Per capita, Expenditure, SA, CNY, % of Poly 2017-19 trend, 12M average",None,line
"China, Household survey, Urban, Per capita, Expenditure, Volume, SA, CNY, % of 2013-19 trend, 12M average","China, Household survey, Urban, Per capita, Expenditure, Volume, SA, CNY, % of 2013-19 trend, 12M average",None,line
"China, Household survey, Urban, Per capita, Expenditure, Volume, SA, CNY, % of Poly 2013-19 trend, 12M average","China, Household survey, Urban, Per capita, Expenditure, Volume, SA, CNY, % of Poly 2013-19 trend, 12M average",None,line
"China, Household survey, Urban, Per capita, Expenditure, Volume, SA, CNY, % of 2015-19 trend, 12M average","China, Household survey, Urban, Per capita, Expenditure, Volume, SA, CNY, % of 2015-19 trend, 12M average",None,line
"China, Household survey, Urban, Per capita, Expenditure, Volume, SA, CNY, % of Poly 2015-19 trend, 12M average","China, Household survey, Urban, Per capita, Expenditure, Volume, SA, CNY, % of Poly 2015-19 trend, 12M average",None,line
"China, Household survey, Urban, Per capita, Expenditure, Volume, SA, CNY, % of 2017-19 trend, 12M average","China, Household survey, Urban, Per capita, Expenditure, Volume, SA, CNY, % of 2017-19 trend, 12M average",None,line
"China, Household survey, Urban, Per capita, Expenditure, Volume, SA, CNY, % of Poly 2017-19 trend, 12M average","China, Household survey, Urban, Per capita, Expenditure, Volume, SA, CNY, % of Poly 2017-19 trend, 12M average",None,line
"China, Household survey, Urban, Per capita, Income, Disposable, SA, CNY, % of 2013-19 trend, 12M average","China, Household survey, Urban, Per capita, Income, Disposable, SA, CNY, % of 2013-19 trend, 12M average",None,line
"China, Household survey, Urban, Per capita, Income, Disposable, SA, CNY, % of Poly 2013-19 trend, 12M average","China, Household survey, Urban, Per capita, Income, Disposable, SA, CNY, % of Poly 2013-19 trend, 12M average",None,line
"China, Household survey, Urban, Per capita, Income, Disposable, SA, CNY, % of 2015-19 trend, 12M average","China, Household survey, Urban, Per capita, Income, Disposable, SA, CNY, % of 2015-19 trend, 12M average",None,line
"China, Household survey, Urban, Per capita, Income, Disposable, SA, CNY, % of Poly 2015-19 trend, 12M average","China, Household survey, Urban, Per capita, Income, Disposable, SA, CNY, % of Poly 2015-19 trend, 12M average",None,line
"China, Household survey, Urban, Per capita, Income, Disposable, SA, CNY, % of 2017-19 trend, 12M average","China, Household survey, Urban, Per capita, Income, Disposable, SA, CNY, % of 2017-19 trend, 12M average",None,line
"China, Household survey, Urban, Per capita, Income, Disposable, SA, CNY, % of Poly 2017-19 trend, 12M average","China, Household survey, Urban, Per capita, Income, Disposable, SA, CNY, % of Poly 2017-19 trend, 12M average",None,line
"China, Household survey, Urban, Per capita, Income, Disposable, Volume, SA, CNY, % of 2013-19 trend, 12M average","China, Household survey, Urban, Per capita, Income, Disposable, Volume, SA, CNY, % of 2013-19 trend, 12M average",None,line
"China, Household survey, Urban, Per capita, Income, Disposable, Volume, SA, CNY, % of Poly 2013-19 trend, 12M average","China, Household survey, Urban, Per capita, Income, Disposable, Volume, SA, CNY, % of Poly 2013-19 trend, 12M average",None,line
"China, Household survey, Urban, Per capita, Income, Disposable, Volume, SA, CNY, % of 2015-19 trend, 12M average","China, Household survey, Urban, Per capita, Income, Disposable, Volume, SA, CNY, % of 2015-19 trend, 12M average",None,line
"China, Household survey, Urban, Per capita, Income, Disposable, Volume, SA, CNY, % of Poly 2015-19 trend, 12M average","China, Household survey, Urban, Per capita, Income, Disposable, Volume, SA, CNY, % of Poly 2015-19 trend, 12M average",None,line
"China, Household survey, Urban, Per capita, Income, Disposable, Volume, SA, CNY, % of 2017-19 trend, 12M average","China, Household survey, Urban, Per capita, Income, Disposable, Volume, SA, CNY, % of 2017-19 trend, 12M average",None,line
"China, Household survey, Urban, Per capita, Income, Disposable, Volume, SA, CNY, % of Poly 2017-19 trend, 12M average","China, Household survey, Urban, Per capita, Income, Disposable, Volume, SA, CNY, % of Poly 2017-19 trend, 12M average",None,line
"China, Household survey, Urban, Per capita, Savings ratio, SA, %, % of 2013-19 trend, 12M average","China, Household survey, Urban, Per capita, Savings ratio, SA, %, % of 2013-19 trend, 12M average",,line
"China, Household survey, Urban, Per capita, Savings ratio, SA, %, % of Poly 2013-19 trend, 12M average","China, Household survey, Urban, Per capita, Savings ratio, SA, %, % of Poly 2013-19 trend, 12M average",,line
"China, Household survey, Urban, Per capita, Savings ratio, SA, %, % of 2015-19 trend, 12M average","China, Household survey, Urban, Per capita, Savings ratio, SA, %, % of 2015-19 trend, 12M average",,line
"China, Household survey, Urban, Per capita, Savings ratio, SA, %, % of Poly 2015-19 trend, 12M average","China, Household survey, Urban, Per capita, Savings ratio, SA, %, % of Poly 2015-19 trend, 12M average",,line
"China, Household survey, Urban, Per capita, Savings ratio, SA, %, % of 2017-19 trend, 12M average","China, Household survey, Urban, Per capita, Savings ratio, SA, %, % of 2017-19 trend, 12M average",,line
"China, Household survey, Urban, Per capita, Savings ratio, SA, %, % of Poly 2017-19 trend, 12M average","China, Household survey, Urban, Per capita, Savings ratio, SA, %, % of Poly 2017-19 trend, 12M average",,line
"China, Household survey, Rural, Per capita, Expenditure, SA, CNY, % of 2013-19 trend, 12M average","China, Household survey, Rural, Per capita, Expenditure, SA, CNY, % of 2013-19 trend, 12M average",None,line
"China, Household survey, Rural, Per capita, Expenditure, SA, CNY, % of Poly 2013-19 trend, 12M average","China, Household survey, Rural, Per capita, Expenditure, SA, CNY, % of Poly 2013-19 trend, 12M average",None,line
"China, Household survey, Rural, Per capita, Expenditure, SA, CNY, % of 2015-19 trend, 12M average","China, Household survey, Rural, Per capita, Expenditure, SA, CNY, % of 2015-19 trend, 12M average",None,line
"China, Household survey, Rural, Per capita, Expenditure, SA, CNY, % of Poly 2015-19 trend, 12M average","China, Household survey, Rural, Per capita, Expenditure, SA, CNY, % of Poly 2015-19 trend, 12M average",None,line
"China, Household survey, Rural, Per capita, Expenditure, SA, CNY, % of 2017-19 trend, 12M average","China, Household survey, Rural, Per capita, Expenditure, SA, CNY, % of 2017-19 trend, 12M average",None,line
"China, Household survey, Rural, Per capita, Expenditure, SA, CNY, % of Poly 2017-19 trend, 12M average","China, Household survey, Rural, Per capita, Expenditure, SA, CNY, % of Poly 2017-19 trend, 12M average",None,line
"China, Household survey, Rural, Per capita, Expenditure, Volume, SA, CNY, % of 2013-19 trend, 12M average","China, Household survey, Rural, Per capita, Expenditure, Volume, SA, CNY, % of 2013-19 trend, 12M average",None,line
"China, Household survey, Rural, Per capita, Expenditure, Volume, SA, CNY, % of Poly 2013-19 trend, 12M average","China, Household survey, Rural, Per capita, Expenditure, Volume, SA, CNY, % of Poly 2013-19 trend, 12M average",None,line
"China, Household survey, Rural, Per capita, Expenditure, Volume, SA, CNY, % of 2015-19 trend, 12M average","China, Household survey, Rural, Per capita, Expenditure, Volume, SA, CNY, % of 2015-19 trend, 12M average",None,line
"China, Household survey, Rural, Per capita, Expenditure, Volume, SA, CNY, % of Poly 2015-19 trend, 12M average","China, Household survey, Rural, Per capita, Expenditure, Volume, SA, CNY, % of Poly 2015-19 trend, 12M average",None,line
"China, Household survey, Rural, Per capita, Expenditure, Volume, SA, CNY, % of 2017-19 trend, 12M average","China, Household survey, Rural, Per capita, Expenditure, Volume, SA, CNY, % of 2017-19 trend, 12M average",None,line
"China, Household survey, Rural, Per capita, Expenditure, Volume, SA, CNY, % of Poly 2017-19 trend, 12M average","China, Household survey, Rural, Per capita, Expenditure, Volume, SA, CNY, % of Poly 2017-19 trend, 12M average",None,line
"China, Household survey, Rural, Per capita, Income, Disposable, SA, CNY, % of 2013-19 trend, 12M average","China, Household survey, Rural, Per capita, Income, Disposable, SA, CNY, % of 2013-19 trend, 12M average",None,line
"China, Household survey, Rural, Per capita, Income, Disposable, SA, CNY, % of Poly 2013-19 trend, 12M average","China, Household survey, Rural, Per capita, Income, Disposable, SA, CNY, % of Poly 2013-19 trend, 12M average",None,line
"China, Household survey, Rural, Per capita, Income, Disposable, SA, CNY, % of 2015-19 trend, 12M average","China, Household survey, Rural, Per capita, Income, Disposable, SA, CNY, % of 2015-19 trend, 12M average",None,line
"China, Household survey, Rural, Per capita, Income, Disposable, SA, CNY, % of Poly 2015-19 trend, 12M average","China, Household survey, Rural, Per capita, Income, Disposable, SA, CNY, % of Poly 2015-19 trend, 12M average",None,line
"China, Household survey, Rural, Per capita, Income, Disposable, SA, CNY, % of 2017-19 trend, 12M average","China, Household survey, Rural, Per capita, Income, Disposable, SA, CNY, % of 2017-19 trend, 12M average",None,line
"China, Household survey, Rural, Per capita, Income, Disposable, SA, CNY, % of Poly 2017-19 trend, 12M average","China, Household survey, Rural, Per capita, Income, Disposable, SA, CNY, % of Poly 2017-19 trend, 12M average",None,line
"China, Household survey, Rural, Per capita, Income, Disposable, Volume, SA, CNY, % of 2013-19 trend, 12M average","China, Household survey, Rural, Per capita, Income, Disposable, Volume, SA, CNY, % of 2013-19 trend, 12M average",None,line
"China, Household survey, Rural, Per capita, Income, Disposable, Volume, SA, CNY, % of Poly 2013-19 trend, 12M average","China, Household survey, Rural, Per capita, Income, Disposable, Volume, SA, CNY, % of Poly 2013-19 trend, 12M average",None,line
"China, Household survey, Rural, Per capita, Income, Disposable, Volume, SA, CNY, % of 2015-19 trend, 12M average","China, Household survey, Rural, Per capita, Income, Disposable, Volume, SA, CNY, % of 2015-19 trend, 12M average",None,line
"China, Household survey, Rural, Per capita, Income, Disposable, Volume, SA, CNY, % of Poly 2015-19 trend, 12M average","China, Household survey, Rural, Per capita, Income, Disposable, Volume, SA, CNY, % of Poly 2015-19 trend, 12M average",None,line
"China, Household survey, Rural, Per capita, Income, Disposable, Volume, SA, CNY, % of 2017-19 trend, 12M average","China, Household survey, Rural, Per capita, Income, Disposable, Volume, SA, CNY, % of 2017-19 trend, 12M average",None,line
"China, Household survey, Rural, Per capita, Income, Disposable, Volume, SA, CNY, % of Poly 2017-19 trend, 12M average","China, Household survey, Rural, Per capita, Income, Disposable, Volume, SA, CNY, % of Poly 2017-19 trend, 12M average",None,line
"China, Household survey, Rural, Per capita, Savings ratio, SA, %, % of 2013-19 trend, 12M average","China, Household survey, Rural, Per capita, Savings ratio, SA, %, % of 2013-19 trend, 12M average",,line
"China, Household survey, Rural, Per capita, Savings ratio, SA, %, % of Poly 2013-19 trend, 12M average","China, Household survey, Rural, Per capita, Savings ratio, SA, %, % of Poly 2013-19 trend, 12M average",,line
"China, Household survey, Rural, Per capita, Savings ratio, SA, %, % of 2015-19 trend, 12M average","China, Household survey, Rural, Per capita, Savings ratio, SA, %, % of 2015-19 trend, 12M average",,line
"China, Household survey, Rural, Per capita, Savings ratio, SA, %, % of Poly 2015-19 trend, 12M average","China, Household survey, Rural, Per capita, Savings ratio, SA, %, % of Poly 2015-19 trend, 12M average",,line
"China, Household survey, Rural, Per capita, Savings ratio, SA, %, % of 2017-19 trend, 12M average","China, Household survey, Rural, Per capita, Savings ratio, SA, %, % of 2017-19 trend, 12M average",,line
"China, Household survey, Rural, Per capita, Savings ratio, SA, %, % of Poly 2017-19 trend, 12M average","China, Household survey, Rural, Per capita, Savings ratio, SA, %, % of Poly 2017-19 trend, 12M average",,line
"China, Household survey, National, Per capita, Expenditure, SA, CNY, % of 2013-19 trend, 12M average","China, Household survey, National, Per capita, Expenditure, SA, CNY, % of 2013-19 trend, 12M average",None,line
"China, Household survey, National, Per capita, Expenditure, SA, CNY, % of Poly 2013-19 trend, 12M average","China, Household survey, National, Per capita, Expenditure, SA, CNY, % of Poly 2013-19 trend, 12M average",None,line
"China, Household survey, National, Per capita, Expenditure, SA, CNY, % of 2015-19 trend, 12M average","China, Household survey, National, Per capita, Expenditure, SA, CNY, % of 2015-19 trend, 12M average",None,line
"China, Household survey, National, Per capita, Expenditure, SA, CNY, % of Poly 2015-19 trend, 12M average","China, Household survey, National, Per capita, Expenditure, SA, CNY, % of Poly 2015-19 trend, 12M average",None,line
"China, Household survey, National, Per capita, Expenditure, SA, CNY, % of 2017-19 trend, 12M average","China, Household survey, National, Per capita, Expenditure, SA, CNY, % of 2017-19 trend, 12M average",None,line
"China, Household survey, National, Per capita, Expenditure, SA, CNY, % of Poly 2017-19 trend, 12M average","China, Household survey, National, Per capita, Expenditure, SA, CNY, % of Poly 2017-19 trend, 12M average",None,line
"China, Household survey, National, Per capita, Expenditure, Volume, SA, CNY, % of 2013-19 trend, 12M average","China, Household survey, National, Per capita, Expenditure, Volume, SA, CNY, % of 2013-19 trend, 12M average",None,line
"China, Household survey, National, Per capita, Expenditure, Volume, SA, CNY, % of Poly 2013-19 trend, 12M average","China, Household survey, National, Per capita, Expenditure, Volume, SA, CNY, % of Poly 2013-19 trend, 12M average",None,line
"China, Household survey, National, Per capita, Expenditure, Volume, SA, CNY, % of 2015-19 trend, 12M average","China, Household survey, National, Per capita, Expenditure, Volume, SA, CNY, % of 2015-19 trend, 12M average",None,line
"China, Household survey, National, Per capita, Expenditure, Volume, SA, CNY, % of Poly 2015-19 trend, 12M average","China, Household survey, National, Per capita, Expenditure, Volume, SA, CNY, % of Poly 2015-19 trend, 12M average",None,line
"China, Household survey, National, Per capita, Expenditure, Volume, SA, CNY, % of 2017-19 trend, 12M average","China, Household survey, National, Per capita, Expenditure, Volume, SA, CNY, % of 2017-19 trend, 12M average",None,line
"China, Household survey, National, Per capita, Expenditure, Volume, SA, CNY, % of Poly 2017-19 trend, 12M average","China, Household survey, National, Per capita, Expenditure, Volume, SA, CNY, % of Poly 2017-19 trend, 12M average",None,line
"China, Household survey, National, Per capita, Income, Disposable, SA, CNY, % of 2013-19 trend, 12M average","China, Household survey, National, Per capita, Income, Disposable, SA, CNY, % of 2013-19 trend, 12M average",None,line
"China, Household survey, National, Per capita, Income, Disposable, SA, CNY, % of Poly 2013-19 trend, 12M average","China, Household survey, National, Per capita, Income, Disposable, SA, CNY, % of Poly 2013-19 trend, 12M average",None,line
"China, Household survey, National, Per capita, Income, Disposable, SA, CNY, % of 2015-19 trend, 12M average","China, Household survey, National, Per capita, Income, Disposable, SA, CNY, % of 2015-19 trend, 12M average",None,line
"China, Household survey, National, Per capita, Income, Disposable, SA, CNY, % of Poly 2015-19 trend, 12M average","China, Household survey, National, Per capita, Income, Disposable, SA, CNY, % of Poly 2015-19 trend, 12M average",None,line
"China, Household survey, National, Per capita, Income, Disposable, SA, CNY, % of 2017-19 trend, 12M average","China, Household survey, National, Per capita, Income, Disposable, SA, CNY, % of 2017-19 trend, 12M average",None,line
"China, Household survey, National, Per capita, Income, Disposable, SA, CNY, % of Poly 2017-19 trend, 12M average","China, Household survey, National, Per capita, Income, Disposable, SA, CNY, % of Poly 2017-19 trend, 12M average",None,line
"China, Household survey, National, Per capita, Income, Disposable, Volume, SA, CNY, % of 2013-19 trend, 12M average","China, Household survey, National, Per capita, Income, Disposable, Volume, SA, CNY, % of 2013-19 trend, 12M average",None,line
"China, Household survey, National, Per capita, Income, Disposable, Volume, SA, CNY, % of Poly 2013-19 trend, 12M average","China, Household survey, National, Per capita, Income, Disposable, Volume, SA, CNY, % of Poly 2013-19 trend, 12M average",None,line
"China, Household survey, National, Per capita, Income, Disposable, Volume, SA, CNY, % of 2015-19 trend, 12M average","China, Household survey, National, Per capita, Income, Disposable, Volume, SA, CNY, % of 2015-19 trend, 12M average",None,line
"China, Household survey, National, Per capita, Income, Disposable, Volume, SA, CNY, % of Poly 2015-19 trend, 12M average","China, Household survey, National, Per capita, Income, Disposable, Volume, SA, CNY, % of Poly 2015-19 trend, 12M average",None,line
"China, Household survey, National, Per capita, Income, Disposable, Volume, SA, CNY, % of 2017-19 trend, 12M average","China, Household survey, National, Per capita, Income, Disposable, Volume, SA, CNY, % of 2017-19 trend, 12M average",None,line
"China, Household survey, National, Per capita, Income, Disposable, Volume, SA, CNY, % of Poly 2017-19 trend, 12M average","China, Household survey, National, Per capita, Income, Disposable, Volume, SA, CNY, % of Poly 2017-19 trend, 12M average",None,line
"China, Household survey, National, Per capita, Savings ratio, SA, %, % of 2013-19 trend, 12M average","China, Household survey, National, Per capita, Savings ratio, SA, %, % of 2013-19 trend, 12M average",,line
"China, Household survey, National, Per capita, Savings ratio, SA, %, % of Poly 2013-19 trend, 12M average","China, Household survey, National, Per capita, Savings ratio, SA, %, % of Poly 2013-19 trend, 12M average",,line
"China, Household survey, National, Per capita, Savings ratio, SA, %, % of 2015-19 trend, 12M average","China, Household survey, National, Per capita, Savings ratio, SA, %, % of 2015-19 trend, 12M average",,line
"China, Household survey, National, Per capita, Savings ratio, SA, %, % of Poly 2015-19 trend, 12M average","China, Household survey, National, Per capita, Savings ratio, SA, %, % of Poly 2015-19 trend, 12M average",,line
"China, Household survey, National, Per capita, Savings ratio, SA, %, % of 2017-19 trend, 12M average","China, Household survey, National, Per capita, Savings ratio, SA, %, % of 2017-19 trend, 12M average",,line
"China, Household survey, National, Per capita, Savings ratio, SA, %, % of Poly 2017-19 trend, 12M average","China, Household survey, National, Per capita, Savings ratio, SA, %, % of Poly 2017-19 trend, 12M average",,line
"China, Household survey, Rural and urban, Aggregate, Expenditure, Volume, SA, CNY bn, % of 2013-19 trend, 12M average","China, Household survey, Rural and urban, Aggregate, Expenditure, Volume, SA, CNY bn, % of 2013-19 trend, 12M average",None,line
"China, Household survey, Rural and urban, Aggregate, Expenditure, Volume, SA, CNY bn, % of Poly 2013-19 trend, 12M average","China, Household survey, Rural and urban, Aggregate, Expenditure, Volume, SA, CNY bn, % of Poly 2013-19 trend, 12M average",None,line
"China, Household survey, Rural and urban, Aggregate, Expenditure, Volume, SA, CNY bn, % of 2015-19 trend, 12M average","China, Household survey, Rural and urban, Aggregate, Expenditure, Volume, SA, CNY bn, % of 2015-19 trend, 12M average",None,line
"China, Household survey, Rural and urban, Aggregate, Expenditure, Volume, SA, CNY bn, % of Poly 2015-19 trend, 12M average","China, Household survey, Rural and urban, Aggregate, Expenditure, Volume, SA, CNY bn, % of Poly 2015-19 trend, 12M average",None,line
"China, Household survey, Rural and urban, Aggregate, Expenditure, Volume, SA, CNY bn, % of 2017-19 trend, 12M average","China, Household survey, Rural and urban, Aggregate, Expenditure, Volume, SA, CNY bn, % of 2017-19 trend, 12M average",None,line
"China, Household survey, Rural and urban, Aggregate, Expenditure, Volume, SA, CNY bn, % of Poly 2017-19 trend, 12M average","China, Household survey, Rural and urban, Aggregate, Expenditure, Volume, SA, CNY bn, % of Poly 2017-19 trend, 12M average",None,line
"China, Household survey, National, Aggregate, Expenditure, SA, CNY bn, % of 2013-19 trend, 12M average","China, Household survey, National, Aggregate, Expenditure, SA, CNY bn, % of 2013-19 trend, 12M average",None,line
"China, Household survey, National, Aggregate, Expenditure, SA, CNY bn, % of Poly 2013-19 trend, 12M average","China, Household survey, National, Aggregate, Expenditure, SA, CNY bn, % of Poly 2013-19 trend, 12M average",None,line
"China, Household survey, National, Aggregate, Expenditure, SA, CNY bn, % of 2015-19 trend, 12M average","China, Household survey, National, Aggregate, Expenditure, SA, CNY bn, % of 2015-19 trend, 12M average",None,line
"China, Household survey, National, Aggregate, Expenditure, SA, CNY bn, % of Poly 2015-19 trend, 12M average","China, Household survey, National, Aggregate, Expenditure, SA, CNY bn, % of Poly 2015-19 trend, 12M average",None,line
"China, Household survey, National, Aggregate, Expenditure, SA, CNY bn, % of 2017-19 trend, 12M average","China, Household survey, National, Aggregate, Expenditure, SA, CNY bn, % of 2017-19 trend, 12M average",None,line
"China, Household survey, National, Aggregate, Expenditure, SA, CNY bn, % of Poly 2017-19 trend, 12M average","China, Household survey, National, Aggregate, Expenditure, SA, CNY bn, % of Poly 2017-19 trend, 12M average",None,line
"China, Household survey, National, Aggregate, Income, Disposable, SA, CNY bn, % of 2013-19 trend, 12M average","China, Household survey, National, Aggregate, Income, Disposable, SA, CNY bn, % of 2013-19 trend, 12M average",None,line
"China, Household survey, National, Aggregate, Income, Disposable, SA, CNY bn, % of Poly 2013-19 trend, 12M average","China, Household survey, National, Aggregate, Income, Disposable, SA, CNY bn, % of Poly 2013-19 trend, 12M average",None,line
"China, Household survey, National, Aggregate, Income, Disposable, SA, CNY bn, % of 2015-19 trend, 12M average","China, Household survey, National, Aggregate, Income, Disposable, SA, CNY bn, % of 2015-19 trend, 12M average",None,line
"China, Household survey, National, Aggregate, Income, Disposable, SA, CNY bn, % of Poly 2015-19 trend, 12M average","China, Household survey, National, Aggregate, Income, Disposable, SA, CNY bn, % of Poly 2015-19 trend, 12M average",None,line
"China, Household survey, National, Aggregate, Income, Disposable, SA, CNY bn, % of 2017-19 trend, 12M average","China, Household survey, National, Aggregate, Income, Disposable, SA, CNY bn, % of 2017-19 trend, 12M average",None,line
"China, Household survey, National, Aggregate, Income, Disposable, SA, CNY bn, % of Poly 2017-19 trend, 12M average","China, Household survey, National, Aggregate, Income, Disposable, SA, CNY bn, % of Poly 2017-19 trend, 12M average",None,line
"China, Household survey, National, Aggregate, Expenditure, Volume, SA, CNY bn, % of 2013-19 trend, 12M average","China, Household survey, National, Aggregate, Expenditure, Volume, SA, CNY bn, % of 2013-19 trend, 12M average",None,line
"China, Household survey, National, Aggregate, Expenditure, Volume, SA, CNY bn, % of Poly 2013-19 trend, 12M average","China, Household survey, National, Aggregate, Expenditure, Volume, SA, CNY bn, % of Poly 2013-19 trend, 12M average",None,line
"China, Household survey, National, Aggregate, Expenditure, Volume, SA, CNY bn, % of 2015-19 trend, 12M average","China, Household survey, National, Aggregate, Expenditure, Volume, SA, CNY bn, % of 2015-19 trend, 12M average",None,line
"China, Household survey, National, Aggregate, Expenditure, Volume, SA, CNY bn, % of Poly 2015-19 trend, 12M average","China, Household survey, National, Aggregate, Expenditure, Volume, SA, CNY bn, % of Poly 2015-19 trend, 12M average",None,line
"China, Household survey, National, Aggregate, Expenditure, Volume, SA, CNY bn, % of 2017-19 trend, 12M average","China, Household survey, National, Aggregate, Expenditure, Volume, SA, CNY bn, % of 2017-19 trend, 12M average",None,line
"China, Household survey, National, Aggregate, Expenditure, Volume, SA, CNY bn, % of Poly 2017-19 trend, 12M average","China, Household survey, National, Aggregate, Expenditure, Volume, SA, CNY bn, % of Poly 2017-19 trend, 12M average",None,line
"China, Household survey, National, Aggregate, Income, Disposable, Volume, SA, CNY bn, % of 2013-19 trend, 12M average","China, Household survey, National, Aggregate, Income, Disposable, Volume, SA, CNY bn, % of 2013-19 trend, 12M average",None,line
"China, Household survey, National, Aggregate, Income, Disposable, Volume, SA, CNY bn, % of Poly 2013-19 trend, 12M average","China, Household survey, National, Aggregate, Income, Disposable, Volume, SA, CNY bn, % of Poly 2013-19 trend, 12M average",None,line
"China, Household survey, National, Aggregate, Income, Disposable, Volume, SA, CNY bn, % of 2015-19 trend, 12M average","China, Household survey, National, Aggregate, Income, Disposable, Volume, SA, CNY bn, % of 2015-19 trend, 12M average",None,line
"China, Household survey, National, Aggregate, Income, Disposable, Volume, SA, CNY bn, % of Poly 2015-19 trend, 12M average","China, Household survey, National, Aggregate, Income, Disposable, Volume, SA, CNY bn, % of Poly 2015-19 trend, 12M average",None,line
"China, Household survey, National, Aggregate, Income, Disposable, Volume, SA, CNY bn, % of 2017-19 trend, 12M average","China, Household survey, National, Aggregate, Income, Disposable, Volume, SA, CNY bn, % of 2017-19 trend, 12M average",None,line
"China, Household survey, National, Aggregate, Income, Disposable, Volume, SA, CNY bn, % of Poly 2017-19 trend, 12M average","China, Household survey, National, Aggregate, Income, Disposable, Volume, SA, CNY bn, % of Poly 2017-19 trend, 12M average",None,line
"China, Household survey, Urban, Per capita, Expenditure, SA, CNY, 2013-19 trend, % YoY, 12M average","China, Household survey, Urban, Per capita, Expenditure, SA, CNY, 2013-19 trend, % YoY, 12M average",None,line
"China, Household survey, Urban, Per capita, Expenditure, Volume, SA, CNY, 2013-19 trend, % YoY, 12M average","China, Household survey, Urban, Per capita, Expenditure, Volume, SA, CNY, 2013-19 trend, % YoY, 12M average",None,line
"China, Household survey, Urban, Per capita, Income, Disposable, SA, CNY, 2013-19 trend, % YoY, 12M average","China, Household survey, Urban, Per capita, Income, Disposable, SA, CNY, 2013-19 trend, % YoY, 12M average",None,line
"China, Household survey, Urban, Per capita, Income, Disposable, Volume, SA, CNY, 2013-19 trend, % YoY, 12M average","China, Household survey, Urban, Per capita, Income, Disposable, Volume, SA, CNY, 2013-19 trend, % YoY, 12M average",None,line
"China, Household survey, Urban, Per capita, Savings ratio, SA, %, 2013-19 trend, % YoY, 12M average","China, Household survey, Urban, Per capita, Savings ratio, SA, %, 2013-19 trend, % YoY, 12M average",p,line
"China, Household survey, Rural, Per capita, Expenditure, SA, CNY, 2013-19 trend, % YoY, 12M average","China, Household survey, Rural, Per capita, Expenditure, SA, CNY, 2013-19 trend, % YoY, 12M average",None,line
"China, Household survey, Rural, Per capita, Expenditure, Volume, SA, CNY, 2013-19 trend, % YoY, 12M average","China, Household survey, Rural, Per capita, Expenditure, Volume, SA, CNY, 2013-19 trend, % YoY, 12M average",None,line
"China, Household survey, Rural, Per capita, Income, Disposable, SA, CNY, 2013-19 trend, % YoY, 12M average","China, Household survey, Rural, Per capita, Income, Disposable, SA, CNY, 2013-19 trend, % YoY, 12M average",None,line
"China, Household survey, Rural, Per capita, Income, Disposable, Volume, SA, CNY, 2013-19 trend, % YoY, 12M average","China, Household survey, Rural, Per capita, Income, Disposable, Volume, SA, CNY, 2013-19 trend, % YoY, 12M average",None,line
"China, Household survey, Rural, Per capita, Savings ratio, SA, %, 2013-19 trend, % YoY, 12M average","China, Household survey, Rural, Per capita, Savings ratio, SA, %, 2013-19 trend, % YoY, 12M average",p,line
"China, Household survey, National, Per capita, Expenditure, SA, CNY, 2013-19 trend, % YoY, 12M average","China, Household survey, National, Per capita, Expenditure, SA, CNY, 2013-19 trend, % YoY, 12M average",None,line
"China, Household survey, National, Per capita, Expenditure, Volume, SA, CNY, 2013-19 trend, % YoY, 12M average","China, Household survey, National, Per capita, Expenditure, Volume, SA, CNY, 2013-19 trend, % YoY, 12M average",None,line
"China, Household survey, National, Per capita, Income, Disposable, SA, CNY, 2013-19 trend, % YoY, 12M average","China, Household survey, National, Per capita, Income, Disposable, SA, CNY, 2013-19 trend, % YoY, 12M average",None,line
"China, Household survey, National, Per capita, Income, Disposable, Volume, SA, CNY, 2013-19 trend, % YoY, 12M average","China, Household survey, National, Per capita, Income, Disposable, Volume, SA, CNY, 2013-19 trend, % YoY, 12M average",None,line
"China, Household survey, National, Per capita, Savings ratio, SA, %, 2013-19 trend, % YoY, 12M average","China, Household survey, National, Per capita, Savings ratio, SA, %, 2013-19 trend, % YoY, 12M average",p,line
"China, Household survey, Rural and urban, Aggregate, Expenditure, Volume, SA, CNY bn, 2013-19 trend, % YoY, 12M average","China, Household survey, Rural and urban, Aggregate, Expenditure, Volume, SA, CNY bn, 2013-19 trend, % YoY, 12M average",None,line
"China, Household survey, National, Aggregate, Expenditure, SA, CNY bn, 2013-19 trend, % YoY, 12M average","China, Household survey, National, Aggregate, Expenditure, SA, CNY bn, 2013-19 trend, % YoY, 12M average",None,line
"China, Household survey, National, Aggregate, Income, Disposable, SA, CNY bn, 2013-19 trend, % YoY, 12M average","China, Household survey, National, Aggregate, Income, Disposable, SA, CNY bn, 2013-19 trend, % YoY, 12M average",None,line
"China, Household survey, National, Aggregate, Expenditure, Volume, SA, CNY bn, 2013-19 trend, % YoY, 12M average","China, Household survey, National, Aggregate, Expenditure, Volume, SA, CNY bn, 2013-19 trend, % YoY, 12M average",None,line
"China, Household survey, National, Aggregate, Income, Disposable, Volume, SA, CNY bn, 2013-19 trend, % YoY, 12M average","China, Household survey, National, Aggregate, Income, Disposable, Volume, SA, CNY bn, 2013-19 trend, % YoY, 12M average",None,line
"China, Household survey, Urban, Per capita, Expenditure, SA, CNY, Poly 2013-19 trend, % YoY, 12M average","China, Household survey, Urban, Per capita, Expenditure, SA, CNY, Poly 2013-19 trend, % YoY, 12M average",None,line
"China, Household survey, Urban, Per capita, Expenditure, Volume, SA, CNY, Poly 2013-19 trend, % YoY, 12M average","China, Household survey, Urban, Per capita, Expenditure, Volume, SA, CNY, Poly 2013-19 trend, % YoY, 12M average",None,line
"China, Household survey, Urban, Per capita, Income, Disposable, SA, CNY, Poly 2013-19 trend, % YoY, 12M average","China, Household survey, Urban, Per capita, Income, Disposable, SA, CNY, Poly 2013-19 trend, % YoY, 12M average",None,line
"China, Household survey, Urban, Per capita, Income, Disposable, Volume, SA, CNY, Poly 2013-19 trend, % YoY, 12M average","China, Household survey, Urban, Per capita, Income, Disposable, Volume, SA, CNY, Poly 2013-19 trend, % YoY, 12M average",None,line
"China, Household survey, Urban, Per capita, Savings ratio, SA, %, Poly 2013-19 trend, % YoY, 12M average","China, Household survey, Urban, Per capita, Savings ratio, SA, %, Poly 2013-19 trend, % YoY, 12M average",p,line
"China, Household survey, Rural, Per capita, Expenditure, SA, CNY, Poly 2013-19 trend, % YoY, 12M average","China, Household survey, Rural, Per capita, Expenditure, SA, CNY, Poly 2013-19 trend, % YoY, 12M average",None,line
"China, Household survey, Rural, Per capita, Expenditure, Volume, SA, CNY, Poly 2013-19 trend, % YoY, 12M average","China, Household survey, Rural, Per capita, Expenditure, Volume, SA, CNY, Poly 2013-19 trend, % YoY, 12M average",None,line
"China, Household survey, Rural, Per capita, Income, Disposable, SA, CNY, Poly 2013-19 trend, % YoY, 12M average","China, Household survey, Rural, Per capita, Income, Disposable, SA, CNY, Poly 2013-19 trend, % YoY, 12M average",None,line
"China, Household survey, Rural, Per capita, Income, Disposable, Volume, SA, CNY, Poly 2013-19 trend, % YoY, 12M average","China, Household survey, Rural, Per capita, Income, Disposable, Volume, SA, CNY, Poly 2013-19 trend, % YoY, 12M average",None,line
"China, Household survey, Rural, Per capita, Savings ratio, SA, %, Poly 2013-19 trend, % YoY, 12M average","China, Household survey, Rural, Per capita, Savings ratio, SA, %, Poly 2013-19 trend, % YoY, 12M average",p,line
"China, Household survey, National, Per capita, Expenditure, SA, CNY, Poly 2013-19 trend, % YoY, 12M average","China, Household survey, National, Per capita, Expenditure, SA, CNY, Poly 2013-19 trend, % YoY, 12M average",None,line
"China, Household survey, National, Per capita, Expenditure, Volume, SA, CNY, Poly 2013-19 trend, % YoY, 12M average","China, Household survey, National, Per capita, Expenditure, Volume, SA, CNY, Poly 2013-19 trend, % YoY, 12M average",None,line
"China, Household survey, National, Per capita, Income, Disposable, SA, CNY, Poly 2013-19 trend, % YoY, 12M average","China, Household survey, National, Per capita, Income, Disposable, SA, CNY, Poly 2013-19 trend, % YoY, 12M average",None,line
"China, Household survey, National, Per capita, Income, Disposable, Volume, SA, CNY, Poly 2013-19 trend, % YoY, 12M average","China, Household survey, National, Per capita, Income, Disposable, Volume, SA, CNY, Poly 2013-19 trend, % YoY, 12M average",None,line
"China, Household survey, National, Per capita, Savings ratio, SA, %, Poly 2013-19 trend, % YoY, 12M average","China, Household survey, National, Per capita, Savings ratio, SA, %, Poly 2013-19 trend, % YoY, 12M average",p,line
"China, Household survey, Rural and urban, Aggregate, Expenditure, Volume, SA, CNY bn, Poly 2013-19 trend, % YoY, 12M average","China, Household survey, Rural and urban, Aggregate, Expenditure, Volume, SA, CNY bn, Poly 2013-19 trend, % YoY, 12M average",None,line
"China, Household survey, National, Aggregate, Expenditure, SA, CNY bn, Poly 2013-19 trend, % YoY, 12M average","China, Household survey, National, Aggregate, Expenditure, SA, CNY bn, Poly 2013-19 trend, % YoY, 12M average",None,line
"China, Household survey, National, Aggregate, Income, Disposable, SA, CNY bn, Poly 2013-19 trend, % YoY, 12M average","China, Household survey, National, Aggregate, Income, Disposable, SA, CNY bn, Poly 2013-19 trend, % YoY, 12M average",None,line
"China, Household survey, National, Aggregate, Expenditure, Volume, SA, CNY bn, Poly 2013-19 trend, % YoY, 12M average","China, Household survey, National, Aggregate, Expenditure, Volume, SA, CNY bn, Poly 2013-19 trend, % YoY, 12M average",None,line
"China, Household survey, National, Aggregate, Income, Disposable, Volume, SA, CNY bn, Poly 2013-19 trend, % YoY, 12M average","China, Household survey, National, Aggregate, Income, Disposable, Volume, SA, CNY bn, Poly 2013-19 trend, % YoY, 12M average",None,line
"China, Household survey, Urban, Per capita, Expenditure, SA, CNY, 2015-19 trend, % YoY, 12M average","China, Household survey, Urban, Per capita, Expenditure, SA, CNY, 2015-19 trend, % YoY, 12M average",None,line
"China, Household survey, Urban, Per capita, Expenditure, Volume, SA, CNY, 2015-19 trend, % YoY, 12M average","China, Household survey, Urban, Per capita, Expenditure, Volume, SA, CNY, 2015-19 trend, % YoY, 12M average",None,line
"China, Household survey, Urban, Per capita, Income, Disposable, SA, CNY, 2015-19 trend, % YoY, 12M average","China, Household survey, Urban, Per capita, Income, Disposable, SA, CNY, 2015-19 trend, % YoY, 12M average",None,line
"China, Household survey, Urban, Per capita, Income, Disposable, Volume, SA, CNY, 2015-19 trend, % YoY, 12M average","China, Household survey, Urban, Per capita, Income, Disposable, Volume, SA, CNY, 2015-19 trend, % YoY, 12M average",None,line
"China, Household survey, Urban, Per capita, Savings ratio, SA, %, 2015-19 trend, % YoY, 12M average","China, Household survey, Urban, Per capita, Savings ratio, SA, %, 2015-19 trend, % YoY, 12M average",p,line
"China, Household survey, Rural, Per capita, Expenditure, SA, CNY, 2015-19 trend, % YoY, 12M average","China, Household survey, Rural, Per capita, Expenditure, SA, CNY, 2015-19 trend, % YoY, 12M average",None,line
"China, Household survey, Rural, Per capita, Expenditure, Volume, SA, CNY, 2015-19 trend, % YoY, 12M average","China, Household survey, Rural, Per capita, Expenditure, Volume, SA, CNY, 2015-19 trend, % YoY, 12M average",None,line
"China, Household survey, Rural, Per capita, Income, Disposable, SA, CNY, 2015-19 trend, % YoY, 12M average","China, Household survey, Rural, Per capita, Income, Disposable, SA, CNY, 2015-19 trend, % YoY, 12M average",None,line
"China, Household survey, Rural, Per capita, Income, Disposable, Volume, SA, CNY, 2015-19 trend, % YoY, 12M average","China, Household survey, Rural, Per capita, Income, Disposable, Volume, SA, CNY, 2015-19 trend, % YoY, 12M average",None,line
"China, Household survey, Rural, Per capita, Savings ratio, SA, %, 2015-19 trend, % YoY, 12M average","China, Household survey, Rural, Per capita, Savings ratio, SA, %, 2015-19 trend, % YoY, 12M average",p,line
"China, Household survey, National, Per capita, Expenditure, SA, CNY, 2015-19 trend, % YoY, 12M average","China, Household survey, National, Per capita, Expenditure, SA, CNY, 2015-19 trend, % YoY, 12M average",None,line
"China, Household survey, National, Per capita, Expenditure, Volume, SA, CNY, 2015-19 trend, % YoY, 12M average","China, Household survey, National, Per capita, Expenditure, Volume, SA, CNY, 2015-19 trend, % YoY, 12M average",None,line
"China, Household survey, National, Per capita, Income, Disposable, SA, CNY, 2015-19 trend, % YoY, 12M average","China, Household survey, National, Per capita, Income, Disposable, SA, CNY, 2015-19 trend, % YoY, 12M average",None,line
"China, Household survey, National, Per capita, Income, Disposable, Volume, SA, CNY, 2015-19 trend, % YoY, 12M average","China, Household survey, National, Per capita, Income, Disposable, Volume, SA, CNY, 2015-19 trend, % YoY, 12M average",None,line
"China, Household survey, National, Per capita, Savings ratio, SA, %, 2015-19 trend, % YoY, 12M average","China, Household survey, National, Per capita, Savings ratio, SA, %, 2015-19 trend, % YoY, 12M average",p,line
"China, Household survey, Rural and urban, Aggregate, Expenditure, Volume, SA, CNY bn, 2015-19 trend, % YoY, 12M average","China, Household survey, Rural and urban, Aggregate, Expenditure, Volume, SA, CNY bn, 2015-19 trend, % YoY, 12M average",None,line
"China, Household survey, National, Aggregate, Expenditure, SA, CNY bn, 2015-19 trend, % YoY, 12M average","China, Household survey, National, Aggregate, Expenditure, SA, CNY bn, 2015-19 trend, % YoY, 12M average",None,line
"China, Household survey, National, Aggregate, Income, Disposable, SA, CNY bn, 2015-19 trend, % YoY, 12M average","China, Household survey, National, Aggregate, Income, Disposable, SA, CNY bn, 2015-19 trend, % YoY, 12M average",None,line
"China, Household survey, National, Aggregate, Expenditure, Volume, SA, CNY bn, 2015-19 trend, % YoY, 12M average","China, Household survey, National, Aggregate, Expenditure, Volume, SA, CNY bn, 2015-19 trend, % YoY, 12M average",None,line
"China, Household survey, National, Aggregate, Income, Disposable, Volume, SA, CNY bn, 2015-19 trend, % YoY, 12M average","China, Household survey, National, Aggregate, Income, Disposable, Volume, SA, CNY bn, 2015-19 trend, % YoY, 12M average",None,line
"China, Household survey, Urban, Per capita, Expenditure, SA, CNY, Poly 2015-19 trend, % YoY, 12M average","China, Household survey, Urban, Per capita, Expenditure, SA, CNY, Poly 2015-19 trend, % YoY, 12M average",None,line
"China, Household survey, Urban, Per capita, Expenditure, Volume, SA, CNY, Poly 2015-19 trend, % YoY, 12M average","China, Household survey, Urban, Per capita, Expenditure, Volume, SA, CNY, Poly 2015-19 trend, % YoY, 12M average",None,line
"China, Household survey, Urban, Per capita, Income, Disposable, SA, CNY, Poly 2015-19 trend, % YoY, 12M average","China, Household survey, Urban, Per capita, Income, Disposable, SA, CNY, Poly 2015-19 trend, % YoY, 12M average",None,line
"China, Household survey, Urban, Per capita, Income, Disposable, Volume, SA, CNY, Poly 2015-19 trend, % YoY, 12M average","China, Household survey, Urban, Per capita, Income, Disposable, Volume, SA, CNY, Poly 2015-19 trend, % YoY, 12M average",None,line
"China, Household survey, Urban, Per capita, Savings ratio, SA, %, Poly 2015-19 trend, % YoY, 12M average","China, Household survey, Urban, Per capita, Savings ratio, SA, %, Poly 2015-19 trend, % YoY, 12M average",p,line
"China, Household survey, Rural, Per capita, Expenditure, SA, CNY, Poly 2015-19 trend, % YoY, 12M average","China, Household survey, Rural, Per capita, Expenditure, SA, CNY, Poly 2015-19 trend, % YoY, 12M average",None,line
"China, Household survey, Rural, Per capita, Expenditure, Volume, SA, CNY, Poly 2015-19 trend, % YoY, 12M average","China, Household survey, Rural, Per capita, Expenditure, Volume, SA, CNY, Poly 2015-19 trend, % YoY, 12M average",None,line
"China, Household survey, Rural, Per capita, Income, Disposable, SA, CNY, Poly 2015-19 trend, % YoY, 12M average","China, Household survey, Rural, Per capita, Income, Disposable, SA, CNY, Poly 2015-19 trend, % YoY, 12M average",None,line
"China, Household survey, Rural, Per capita, Income, Disposable, Volume, SA, CNY, Poly 2015-19 trend, % YoY, 12M average","China, Household survey, Rural, Per capita, Income, Disposable, Volume, SA, CNY, Poly 2015-19 trend, % YoY, 12M average",None,line
"China, Household survey, Rural, Per capita, Savings ratio, SA, %, Poly 2015-19 trend, % YoY, 12M average","China, Household survey, Rural, Per capita, Savings ratio, SA, %, Poly 2015-19 trend, % YoY, 12M average",p,line
"China, Household survey, National, Per capita, Expenditure, SA, CNY, Poly 2015-19 trend, % YoY, 12M average","China, Household survey, National, Per capita, Expenditure, SA, CNY, Poly 2015-19 trend, % YoY, 12M average",None,line
"China, Household survey, National, Per capita, Expenditure, Volume, SA, CNY, Poly 2015-19 trend, % YoY, 12M average","China, Household survey, National, Per capita, Expenditure, Volume, SA, CNY, Poly 2015-19 trend, % YoY, 12M average",None,line
"China, Household survey, National, Per capita, Income, Disposable, SA, CNY, Poly 2015-19 trend, % YoY, 12M average","China, Household survey, National, Per capita, Income, Disposable, SA, CNY, Poly 2015-19 trend, % YoY, 12M average",None,line
"China, Household survey, National, Per capita, Income, Disposable, Volume, SA, CNY, Poly 2015-19 trend, % YoY, 12M average","China, Household survey, National, Per capita, Income, Disposable, Volume, SA, CNY, Poly 2015-19 trend, % YoY, 12M average",None,line
"China, Household survey, National, Per capita, Savings ratio, SA, %, Poly 2015-19 trend, % YoY, 12M average","China, Household survey, National, Per capita, Savings ratio, SA, %, Poly 2015-19 trend, % YoY, 12M average",p,line
"China, Household survey, Rural and urban, Aggregate, Expenditure, Volume, SA, CNY bn, Poly 2015-19 trend, % YoY, 12M average","China, Household survey, Rural and urban, Aggregate, Expenditure, Volume, SA, CNY bn, Poly 2015-19 trend, % YoY, 12M average",None,line
"China, Household survey, National, Aggregate, Expenditure, SA, CNY bn, Poly 2015-19 trend, % YoY, 12M average","China, Household survey, National, Aggregate, Expenditure, SA, CNY bn, Poly 2015-19 trend, % YoY, 12M average",None,line
"China, Household survey, National, Aggregate, Income, Disposable, SA, CNY bn, Poly 2015-19 trend, % YoY, 12M average","China, Household survey, National, Aggregate, Income, Disposable, SA, CNY bn, Poly 2015-19 trend, % YoY, 12M average",None,line
"China, Household survey, National, Aggregate, Expenditure, Volume, SA, CNY bn, Poly 2015-19 trend, % YoY, 12M average","China, Household survey, National, Aggregate, Expenditure, Volume, SA, CNY bn, Poly 2015-19 trend, % YoY, 12M average",None,line
"China, Household survey, National, Aggregate, Income, Disposable, Volume, SA, CNY bn, Poly 2015-19 trend, % YoY, 12M average","China, Household survey, National, Aggregate, Income, Disposable, Volume, SA, CNY bn, Poly 2015-19 trend, % YoY, 12M average",None,line
"China, Household survey, Urban, Per capita, Expenditure, SA, CNY, 2017-19 trend, % YoY, 12M average","China, Household survey, Urban, Per capita, Expenditure, SA, CNY, 2017-19 trend, % YoY, 12M average",None,line
"China, Household survey, Urban, Per capita, Expenditure, Volume, SA, CNY, 2017-19 trend, % YoY, 12M average","China, Household survey, Urban, Per capita, Expenditure, Volume, SA, CNY, 2017-19 trend, % YoY, 12M average",None,line
"China, Household survey, Urban, Per capita, Income, Disposable, SA, CNY, 2017-19 trend, % YoY, 12M average","China, Household survey, Urban, Per capita, Income, Disposable, SA, CNY, 2017-19 trend, % YoY, 12M average",None,line
"China, Household survey, Urban, Per capita, Income, Disposable, Volume, SA, CNY, 2017-19 trend, % YoY, 12M average","China, Household survey, Urban, Per capita, Income, Disposable, Volume, SA, CNY, 2017-19 trend, % YoY, 12M average",None,line
"China, Household survey, Urban, Per capita, Savings ratio, SA, %, 2017-19 trend, % YoY, 12M average","China, Household survey, Urban, Per capita, Savings ratio, SA, %, 2017-19 trend, % YoY, 12M average",p,line
"China, Household survey, Rural, Per capita, Expenditure, SA, CNY, 2017-19 trend, % YoY, 12M average","China, Household survey, Rural, Per capita, Expenditure, SA, CNY, 2017-19 trend, % YoY, 12M average",None,line
"China, Household survey, Rural, Per capita, Expenditure, Volume, SA, CNY, 2017-19 trend, % YoY, 12M average","China, Household survey, Rural, Per capita, Expenditure, Volume, SA, CNY, 2017-19 trend, % YoY, 12M average",None,line
"China, Household survey, Rural, Per capita, Income, Disposable, SA, CNY, 2017-19 trend, % YoY, 12M average","China, Household survey, Rural, Per capita, Income, Disposable, SA, CNY, 2017-19 trend, % YoY, 12M average",None,line
"China, Household survey, Rural, Per capita, Income, Disposable, Volume, SA, CNY, 2017-19 trend, % YoY, 12M average","China, Household survey, Rural, Per capita, Income, Disposable, Volume, SA, CNY, 2017-19 trend, % YoY, 12M average",None,line
"China, Household survey, Rural, Per capita, Savings ratio, SA, %, 2017-19 trend, % YoY, 12M average","China, Household survey, Rural, Per capita, Savings ratio, SA, %, 2017-19 trend, % YoY, 12M average",p,line
"China, Household survey, National, Per capita, Expenditure, SA, CNY, 2017-19 trend, % YoY, 12M average","China, Household survey, National, Per capita, Expenditure, SA, CNY, 2017-19 trend, % YoY, 12M average",None,line
"China, Household survey, National, Per capita, Expenditure, Volume, SA, CNY, 2017-19 trend, % YoY, 12M average","China, Household survey, National, Per capita, Expenditure, Volume, SA, CNY, 2017-19 trend, % YoY, 12M average",None,line
"China, Household survey, National, Per capita, Income, Disposable, SA, CNY, 2017-19 trend, % YoY, 12M average","China, Household survey, National, Per capita, Income, Disposable, SA, CNY, 2017-19 trend, % YoY, 12M average",None,line
"China, Household survey, National, Per capita, Income, Disposable, Volume, SA, CNY, 2017-19 trend, % YoY, 12M average","China, Household survey, National, Per capita, Income, Disposable, Volume, SA, CNY, 2017-19 trend, % YoY, 12M average",None,line
"China, Household survey, National, Per capita, Savings ratio, SA, %, 2017-19 trend, % YoY, 12M average","China, Household survey, National, Per capita, Savings ratio, SA, %, 2017-19 trend, % YoY, 12M average",p,line
"China, Household survey, Rural and urban, Aggregate, Expenditure, Volume, SA, CNY bn, 2017-19 trend, % YoY, 12M average","China, Household survey, Rural and urban, Aggregate, Expenditure, Volume, SA, CNY bn, 2017-19 trend, % YoY, 12M average",None,line
"China, Household survey, National, Aggregate, Expenditure, SA, CNY bn, 2017-19 trend, % YoY, 12M average","China, Household survey, National, Aggregate, Expenditure, SA, CNY bn, 2017-19 trend, % YoY, 12M average",None,line
"China, Household survey, National, Aggregate, Income, Disposable, SA, CNY bn, 2017-19 trend, % YoY, 12M average","China, Household survey, National, Aggregate, Income, Disposable, SA, CNY bn, 2017-19 trend, % YoY, 12M average",None,line
"China, Household survey, National, Aggregate, Expenditure, Volume, SA, CNY bn, 2017-19 trend, % YoY, 12M average","China, Household survey, National, Aggregate, Expenditure, Volume, SA, CNY bn, 2017-19 trend, % YoY, 12M average",None,line
"China, Household survey, National, Aggregate, Income, Disposable, Volume, SA, CNY bn, 2017-19 trend, % YoY, 12M average","China, Household survey, National, Aggregate, Income, Disposable, Volume, SA, CNY bn, 2017-19 trend, % YoY, 12M average",None,line
"China, Household survey, Urban, Per capita, Expenditure, SA, CNY, Poly 2017-19 trend, % YoY, 12M average","China, Household survey, Urban, Per capita, Expenditure, SA, CNY, Poly 2017-19 trend, % YoY, 12M average",None,line
"China, Household survey, Urban, Per capita, Expenditure, Volume, SA, CNY, Poly 2017-19 trend, % YoY, 12M average","China, Household survey, Urban, Per capita, Expenditure, Volume, SA, CNY, Poly 2017-19 trend, % YoY, 12M average",None,line
"China, Household survey, Urban, Per capita, Income, Disposable, SA, CNY, Poly 2017-19 trend, % YoY, 12M average","China, Household survey, Urban, Per capita, Income, Disposable, SA, CNY, Poly 2017-19 trend, % YoY, 12M average",None,line
"China, Household survey, Urban, Per capita, Income, Disposable, Volume, SA, CNY, Poly 2017-19 trend, % YoY, 12M average","China, Household survey, Urban, Per capita, Income, Disposable, Volume, SA, CNY, Poly 2017-19 trend, % YoY, 12M average",None,line
"China, Household survey, Urban, Per capita, Savings ratio, SA, %, Poly 2017-19 trend, % YoY, 12M average","China, Household survey, Urban, Per capita, Savings ratio, SA, %, Poly 2017-19 trend, % YoY, 12M average",p,line
"China, Household survey, Rural, Per capita, Expenditure, SA, CNY, Poly 2017-19 trend, % YoY, 12M average","China, Household survey, Rural, Per capita, Expenditure, SA, CNY, Poly 2017-19 trend, % YoY, 12M average",None,line
"China, Household survey, Rural, Per capita, Expenditure, Volume, SA, CNY, Poly 2017-19 trend, % YoY, 12M average","China, Household survey, Rural, Per capita, Expenditure, Volume, SA, CNY, Poly 2017-19 trend, % YoY, 12M average",None,line
"China, Household survey, Rural, Per capita, Income, Disposable, SA, CNY, Poly 2017-19 trend, % YoY, 12M average","China, Household survey, Rural, Per capita, Income, Disposable, SA, CNY, Poly 2017-19 trend, % YoY, 12M average",None,line
"China, Household survey, Rural, Per capita, Income, Disposable, Volume, SA, CNY, Poly 2017-19 trend, % YoY, 12M average","China, Household survey, Rural, Per capita, Income, Disposable, Volume, SA, CNY, Poly 2017-19 trend, % YoY, 12M average",None,line
"China, Household survey, Rural, Per capita, Savings ratio, SA, %, Poly 2017-19 trend, % YoY, 12M average","China, Household survey, Rural, Per capita, Savings ratio, SA, %, Poly 2017-19 trend, % YoY, 12M average",p,line
"China, Household survey, National, Per capita, Expenditure, SA, CNY, Poly 2017-19 trend, % YoY, 12M average","China, Household survey, National, Per capita, Expenditure, SA, CNY, Poly 2017-19 trend, % YoY, 12M average",None,line
"China, Household survey, National, Per capita, Expenditure, Volume, SA, CNY, Poly 2017-19 trend, % YoY, 12M average","China, Household survey, National, Per capita, Expenditure, Volume, SA, CNY, Poly 2017-19 trend, % YoY, 12M average",None,line
"China, Household survey, National, Per capita, Income, Disposable, SA, CNY, Poly 2017-19 trend, % YoY, 12M average","China, Household survey, National, Per capita, Income, Disposable, SA, CNY, Poly 2017-19 trend, % YoY, 12M average",None,line
"China, Household survey, National, Per capita, Income, Disposable, Volume, SA, CNY, Poly 2017-19 trend, % YoY, 12M average","China, Household survey, National, Per capita, Income, Disposable, Volume, SA, CNY, Poly 2017-19 trend, % YoY, 12M average",None,line
"China, Household survey, National, Per capita, Savings ratio, SA, %, Poly 2017-19 trend, % YoY, 12M average","China, Household survey, National, Per capita, Savings ratio, SA, %, Poly 2017-19 trend, % YoY, 12M average",p,line
"China, Household survey, Rural and urban, Aggregate, Expenditure, Volume, SA, CNY bn, Poly 2017-19 trend, % YoY, 12M average","China, Household survey, Rural and urban, Aggregate, Expenditure, Volume, SA, CNY bn, Poly 2017-19 trend, % YoY, 12M average",None,line
"China, Household survey, National, Aggregate, Expenditure, SA, CNY bn, Poly 2017-19 trend, % YoY, 12M average","China, Household survey, National, Aggregate, Expenditure, SA, CNY bn, Poly 2017-19 trend, % YoY, 12M average",None,line
"China, Household survey, National, Aggregate, Income, Disposable, SA, CNY bn, Poly 2017-19 trend, % YoY, 12M average","China, Household survey, National, Aggregate, Income, Disposable, SA, CNY bn, Poly 2017-19 trend, % YoY, 12M average",None,line
"China, Household survey, National, Aggregate, Expenditure, Volume, SA, CNY bn, Poly 2017-19 trend, % YoY, 12M average","China, Household survey, National, Aggregate, Expenditure, Volume, SA, CNY bn, Poly 2017-19 trend, % YoY, 12M average",None,line
"China, Household survey, National, Aggregate, Income, Disposable, Volume, SA, CNY bn, Poly 2017-19 trend, % YoY, 12M average","China, Household survey, National, Aggregate, Income, Disposable, Volume, SA, CNY bn, Poly 2017-19 trend, % YoY, 12M average",None,line
"China, Household survey, Urban, Per capita, Expenditure, SA, CNY, % of 2013-19 trend, % YoY, 12M average","China, Household survey, Urban, Per capita, Expenditure, SA, CNY, % of 2013-19 trend, % YoY, 12M average",None,line
"China, Household survey, Urban, Per capita, Expenditure, SA, CNY, % of Poly 2013-19 trend, % YoY, 12M average","China, Household survey, Urban, Per capita, Expenditure, SA, CNY, % of Poly 2013-19 trend, % YoY, 12M average",None,line
"China, Household survey, Urban, Per capita, Expenditure, SA, CNY, % of 2015-19 trend, % YoY, 12M average","China, Household survey, Urban, Per capita, Expenditure, SA, CNY, % of 2015-19 trend, % YoY, 12M average",None,line
"China, Household survey, Urban, Per capita, Expenditure, SA, CNY, % of Poly 2015-19 trend, % YoY, 12M average","China, Household survey, Urban, Per capita, Expenditure, SA, CNY, % of Poly 2015-19 trend, % YoY, 12M average",None,line
"China, Household survey, Urban, Per capita, Expenditure, SA, CNY, % of 2017-19 trend, % YoY, 12M average","China, Household survey, Urban, Per capita, Expenditure, SA, CNY, % of 2017-19 trend, % YoY, 12M average",None,line
"China, Household survey, Urban, Per capita, Expenditure, SA, CNY, % of Poly 2017-19 trend, % YoY, 12M average","China, Household survey, Urban, Per capita, Expenditure, SA, CNY, % of Poly 2017-19 trend, % YoY, 12M average",None,line
"China, Household survey, Urban, Per capita, Expenditure, Volume, SA, CNY, % of 2013-19 trend, % YoY, 12M average","China, Household survey, Urban, Per capita, Expenditure, Volume, SA, CNY, % of 2013-19 trend, % YoY, 12M average",None,line
"China, Household survey, Urban, Per capita, Expenditure, Volume, SA, CNY, % of Poly 2013-19 trend, % YoY, 12M average","China, Household survey, Urban, Per capita, Expenditure, Volume, SA, CNY, % of Poly 2013-19 trend, % YoY, 12M average",None,line
"China, Household survey, Urban, Per capita, Expenditure, Volume, SA, CNY, % of 2015-19 trend, % YoY, 12M average","China, Household survey, Urban, Per capita, Expenditure, Volume, SA, CNY, % of 2015-19 trend, % YoY, 12M average",None,line
"China, Household survey, Urban, Per capita, Expenditure, Volume, SA, CNY, % of Poly 2015-19 trend, % YoY, 12M average","China, Household survey, Urban, Per capita, Expenditure, Volume, SA, CNY, % of Poly 2015-19 trend, % YoY, 12M average",None,line
"China, Household survey, Urban, Per capita, Expenditure, Volume, SA, CNY, % of 2017-19 trend, % YoY, 12M average","China, Household survey, Urban, Per capita, Expenditure, Volume, SA, CNY, % of 2017-19 trend, % YoY, 12M average",None,line
"China, Household survey, Urban, Per capita, Expenditure, Volume, SA, CNY, % of Poly 2017-19 trend, % YoY, 12M average","China, Household survey, Urban, Per capita, Expenditure, Volume, SA, CNY, % of Poly 2017-19 trend, % YoY, 12M average",None,line
"China, Household survey, Urban, Per capita, Income, Disposable, SA, CNY, % of 2013-19 trend, % YoY, 12M average","China, Household survey, Urban, Per capita, Income, Disposable, SA, CNY, % of 2013-19 trend, % YoY, 12M average",None,line
"China, Household survey, Urban, Per capita, Income, Disposable, SA, CNY, % of Poly 2013-19 trend, % YoY, 12M average","China, Household survey, Urban, Per capita, Income, Disposable, SA, CNY, % of Poly 2013-19 trend, % YoY, 12M average",None,line
"China, Household survey, Urban, Per capita, Income, Disposable, SA, CNY, % of 2015-19 trend, % YoY, 12M average","China, Household survey, Urban, Per capita, Income, Disposable, SA, CNY, % of 2015-19 trend, % YoY, 12M average",None,line
"China, Household survey, Urban, Per capita, Income, Disposable, SA, CNY, % of Poly 2015-19 trend, % YoY, 12M average","China, Household survey, Urban, Per capita, Income, Disposable, SA, CNY, % of Poly 2015-19 trend, % YoY, 12M average",None,line
"China, Household survey, Urban, Per capita, Income, Disposable, SA, CNY, % of 2017-19 trend, % YoY, 12M average","China, Household survey, Urban, Per capita, Income, Disposable, SA, CNY, % of 2017-19 trend, % YoY, 12M average",None,line
"China, Household survey, Urban, Per capita, Income, Disposable, SA, CNY, % of Poly 2017-19 trend, % YoY, 12M average","China, Household survey, Urban, Per capita, Income, Disposable, SA, CNY, % of Poly 2017-19 trend, % YoY, 12M average",None,line
"China, Household survey, Urban, Per capita, Income, Disposable, Volume, SA, CNY, % of 2013-19 trend, % YoY, 12M average","China, Household survey, Urban, Per capita, Income, Disposable, Volume, SA, CNY, % of 2013-19 trend, % YoY, 12M average",None,line
"China, Household survey, Urban, Per capita, Income, Disposable, Volume, SA, CNY, % of Poly 2013-19 trend, % YoY, 12M average","China, Household survey, Urban, Per capita, Income, Disposable, Volume, SA, CNY, % of Poly 2013-19 trend, % YoY, 12M average",None,line
"China, Household survey, Urban, Per capita, Income, Disposable, Volume, SA, CNY, % of 2015-19 trend, % YoY, 12M average","China, Household survey, Urban, Per capita, Income, Disposable, Volume, SA, CNY, % of 2015-19 trend, % YoY, 12M average",None,line
"China, Household survey, Urban, Per capita, Income, Disposable, Volume, SA, CNY, % of Poly 2015-19 trend, % YoY, 12M average","China, Household survey, Urban, Per capita, Income, Disposable, Volume, SA, CNY, % of Poly 2015-19 trend, % YoY, 12M average",None,line
"China, Household survey, Urban, Per capita, Income, Disposable, Volume, SA, CNY, % of 2017-19 trend, % YoY, 12M average","China, Household survey, Urban, Per capita, Income, Disposable, Volume, SA, CNY, % of 2017-19 trend, % YoY, 12M average",None,line
"China, Household survey, Urban, Per capita, Income, Disposable, Volume, SA, CNY, % of Poly 2017-19 trend, % YoY, 12M average","China, Household survey, Urban, Per capita, Income, Disposable, Volume, SA, CNY, % of Poly 2017-19 trend, % YoY, 12M average",None,line
"China, Household survey, Urban, Per capita, Savings ratio, SA, %, % of 2013-19 trend, % YoY, 12M average","China, Household survey, Urban, Per capita, Savings ratio, SA, %, % of 2013-19 trend, % YoY, 12M average",p,line
"China, Household survey, Urban, Per capita, Savings ratio, SA, %, % of Poly 2013-19 trend, % YoY, 12M average","China, Household survey, Urban, Per capita, Savings ratio, SA, %, % of Poly 2013-19 trend, % YoY, 12M average",p,line
"China, Household survey, Urban, Per capita, Savings ratio, SA, %, % of 2015-19 trend, % YoY, 12M average","China, Household survey, Urban, Per capita, Savings ratio, SA, %, % of 2015-19 trend, % YoY, 12M average",p,line
"China, Household survey, Urban, Per capita, Savings ratio, SA, %, % of Poly 2015-19 trend, % YoY, 12M average","China, Household survey, Urban, Per capita, Savings ratio, SA, %, % of Poly 2015-19 trend, % YoY, 12M average",p,line
"China, Household survey, Urban, Per capita, Savings ratio, SA, %, % of 2017-19 trend, % YoY, 12M average","China, Household survey, Urban, Per capita, Savings ratio, SA, %, % of 2017-19 trend, % YoY, 12M average",p,line
"China, Household survey, Urban, Per capita, Savings ratio, SA, %, % of Poly 2017-19 trend, % YoY, 12M average","China, Household survey, Urban, Per capita, Savings ratio, SA, %, % of Poly 2017-19 trend, % YoY, 12M average",p,line
"China, Household survey, Rural, Per capita, Expenditure, SA, CNY, % of 2013-19 trend, % YoY, 12M average","China, Household survey, Rural, Per capita, Expenditure, SA, CNY, % of 2013-19 trend, % YoY, 12M average",None,line
"China, Household survey, Rural, Per capita, Expenditure, SA, CNY, % of Poly 2013-19 trend, % YoY, 12M average","China, Household survey, Rural, Per capita, Expenditure, SA, CNY, % of Poly 2013-19 trend, % YoY, 12M average",None,line
"China, Household survey, Rural, Per capita, Expenditure, SA, CNY, % of 2015-19 trend, % YoY, 12M average","China, Household survey, Rural, Per capita, Expenditure, SA, CNY, % of 2015-19 trend, % YoY, 12M average",None,line
"China, Household survey, Rural, Per capita, Expenditure, SA, CNY, % of Poly 2015-19 trend, % YoY, 12M average","China, Household survey, Rural, Per capita, Expenditure, SA, CNY, % of Poly 2015-19 trend, % YoY, 12M average",None,line
"China, Household survey, Rural, Per capita, Expenditure, SA, CNY, % of 2017-19 trend, % YoY, 12M average","China, Household survey, Rural, Per capita, Expenditure, SA, CNY, % of 2017-19 trend, % YoY, 12M average",None,line
"China, Household survey, Rural, Per capita, Expenditure, SA, CNY, % of Poly 2017-19 trend, % YoY, 12M average","China, Household survey, Rural, Per capita, Expenditure, SA, CNY, % of Poly 2017-19 trend, % YoY, 12M average",None,line
"China, Household survey, Rural, Per capita, Expenditure, Volume, SA, CNY, % of 2013-19 trend, % YoY, 12M average","China, Household survey, Rural, Per capita, Expenditure, Volume, SA, CNY, % of 2013-19 trend, % YoY, 12M average",None,line
"China, Household survey, Rural, Per capita, Expenditure, Volume, SA, CNY, % of Poly 2013-19 trend, % YoY, 12M average","China, Household survey, Rural, Per capita, Expenditure, Volume, SA, CNY, % of Poly 2013-19 trend, % YoY, 12M average",None,line
"China, Household survey, Rural, Per capita, Expenditure, Volume, SA, CNY, % of 2015-19 trend, % YoY, 12M average","China, Household survey, Rural, Per capita, Expenditure, Volume, SA, CNY, % of 2015-19 trend, % YoY, 12M average",None,line
"China, Household survey, Rural, Per capita, Expenditure, Volume, SA, CNY, % of Poly 2015-19 trend, % YoY, 12M average","China, Household survey, Rural, Per capita, Expenditure, Volume, SA, CNY, % of Poly 2015-19 trend, % YoY, 12M average",None,line
"China, Household survey, Rural, Per capita, Expenditure, Volume, SA, CNY, % of 2017-19 trend, % YoY, 12M average","China, Household survey, Rural, Per capita, Expenditure, Volume, SA, CNY, % of 2017-19 trend, % YoY, 12M average",None,line
"China, Household survey, Rural, Per capita, Expenditure, Volume, SA, CNY, % of Poly 2017-19 trend, % YoY, 12M average","China, Household survey, Rural, Per capita, Expenditure, Volume, SA, CNY, % of Poly 2017-19 trend, % YoY, 12M average",None,line
"China, Household survey, Rural, Per capita, Income, Disposable, SA, CNY, % of 2013-19 trend, % YoY, 12M average","China, Household survey, Rural, Per capita, Income, Disposable, SA, CNY, % of 2013-19 trend, % YoY, 12M average",None,line
"China, Household survey, Rural, Per capita, Income, Disposable, SA, CNY, % of Poly 2013-19 trend, % YoY, 12M average","China, Household survey, Rural, Per capita, Income, Disposable, SA, CNY, % of Poly 2013-19 trend, % YoY, 12M average",None,line
"China, Household survey, Rural, Per capita, Income, Disposable, SA, CNY, % of 2015-19 trend, % YoY, 12M average","China, Household survey, Rural, Per capita, Income, Disposable, SA, CNY, % of 2015-19 trend, % YoY, 12M average",None,line
"China, Household survey, Rural, Per capita, Income, Disposable, SA, CNY, % of Poly 2015-19 trend, % YoY, 12M average","China, Household survey, Rural, Per capita, Income, Disposable, SA, CNY, % of Poly 2015-19 trend, % YoY, 12M average",None,line
"China, Household survey, Rural, Per capita, Income, Disposable, SA, CNY, % of 2017-19 trend, % YoY, 12M average","China, Household survey, Rural, Per capita, Income, Disposable, SA, CNY, % of 2017-19 trend, % YoY, 12M average",None,line
"China, Household survey, Rural, Per capita, Income, Disposable, SA, CNY, % of Poly 2017-19 trend, % YoY, 12M average","China, Household survey, Rural, Per capita, Income, Disposable, SA, CNY, % of Poly 2017-19 trend, % YoY, 12M average",None,line
"China, Household survey, Rural, Per capita, Income, Disposable, Volume, SA, CNY, % of 2013-19 trend, % YoY, 12M average","China, Household survey, Rural, Per capita, Income, Disposable, Volume, SA, CNY, % of 2013-19 trend, % YoY, 12M average",None,line
"China, Household survey, Rural, Per capita, Income, Disposable, Volume, SA, CNY, % of Poly 2013-19 trend, % YoY, 12M average","China, Household survey, Rural, Per capita, Income, Disposable, Volume, SA, CNY, % of Poly 2013-19 trend, % YoY, 12M average",None,line
"China, Household survey, Rural, Per capita, Income, Disposable, Volume, SA, CNY, % of 2015-19 trend, % YoY, 12M average","China, Household survey, Rural, Per capita, Income, Disposable, Volume, SA, CNY, % of 2015-19 trend, % YoY, 12M average",None,line
"China, Household survey, Rural, Per capita, Income, Disposable, Volume, SA, CNY, % of Poly 2015-19 trend, % YoY, 12M average","China, Household survey, Rural, Per capita, Income, Disposable, Volume, SA, CNY, % of Poly 2015-19 trend, % YoY, 12M average",None,line
"China, Household survey, Rural, Per capita, Income, Disposable, Volume, SA, CNY, % of 2017-19 trend, % YoY, 12M average","China, Household survey, Rural, Per capita, Income, Disposable, Volume, SA, CNY, % of 2017-19 trend, % YoY, 12M average",None,line
"China, Household survey, Rural, Per capita, Income, Disposable, Volume, SA, CNY, % of Poly 2017-19 trend, % YoY, 12M average","China, Household survey, Rural, Per capita, Income, Disposable, Volume, SA, CNY, % of Poly 2017-19 trend, % YoY, 12M average",None,line
"China, Household survey, Rural, Per capita, Savings ratio, SA, %, % of 2013-19 trend, % YoY, 12M average","China, Household survey, Rural, Per capita, Savings ratio, SA, %, % of 2013-19 trend, % YoY, 12M average",p,line
"China, Household survey, Rural, Per capita, Savings ratio, SA, %, % of Poly 2013-19 trend, % YoY, 12M average","China, Household survey, Rural, Per capita, Savings ratio, SA, %, % of Poly 2013-19 trend, % YoY, 12M average",p,line
"China, Household survey, Rural, Per capita, Savings ratio, SA, %, % of 2015-19 trend, % YoY, 12M average","China, Household survey, Rural, Per capita, Savings ratio, SA, %, % of 2015-19 trend, % YoY, 12M average",p,line
"China, Household survey, Rural, Per capita, Savings ratio, SA, %, % of Poly 2015-19 trend, % YoY, 12M average","China, Household survey, Rural, Per capita, Savings ratio, SA, %, % of Poly 2015-19 trend, % YoY, 12M average",p,line
"China, Household survey, Rural, Per capita, Savings ratio, SA, %, % of 2017-19 trend, % YoY, 12M average","China, Household survey, Rural, Per capita, Savings ratio, SA, %, % of 2017-19 trend, % YoY, 12M average",p,line
"China, Household survey, Rural, Per capita, Savings ratio, SA, %, % of Poly 2017-19 trend, % YoY, 12M average","China, Household survey, Rural, Per capita, Savings ratio, SA, %, % of Poly 2017-19 trend, % YoY, 12M average",p,line
"China, Household survey, National, Per capita, Expenditure, SA, CNY, % of 2013-19 trend, % YoY, 12M average","China, Household survey, National, Per capita, Expenditure, SA, CNY, % of 2013-19 trend, % YoY, 12M average",None,line
"China, Household survey, National, Per capita, Expenditure, SA, CNY, % of Poly 2013-19 trend, % YoY, 12M average","China, Household survey, National, Per capita, Expenditure, SA, CNY, % of Poly 2013-19 trend, % YoY, 12M average",None,line
"China, Household survey, National, Per capita, Expenditure, SA, CNY, % of 2015-19 trend, % YoY, 12M average","China, Household survey, National, Per capita, Expenditure, SA, CNY, % of 2015-19 trend, % YoY, 12M average",None,line
"China, Household survey, National, Per capita, Expenditure, SA, CNY, % of Poly 2015-19 trend, % YoY, 12M average","China, Household survey, National, Per capita, Expenditure, SA, CNY, % of Poly 2015-19 trend, % YoY, 12M average",None,line
"China, Household survey, National, Per capita, Expenditure, SA, CNY, % of 2017-19 trend, % YoY, 12M average","China, Household survey, National, Per capita, Expenditure, SA, CNY, % of 2017-19 trend, % YoY, 12M average",None,line
"China, Household survey, National, Per capita, Expenditure, SA, CNY, % of Poly 2017-19 trend, % YoY, 12M average","China, Household survey, National, Per capita, Expenditure, SA, CNY, % of Poly 2017-19 trend, % YoY, 12M average",None,line
"China, Household survey, National, Per capita, Expenditure, Volume, SA, CNY, % of 2013-19 trend, % YoY, 12M average","China, Household survey, National, Per capita, Expenditure, Volume, SA, CNY, % of 2013-19 trend, % YoY, 12M average",None,line
"China, Household survey, National, Per capita, Expenditure, Volume, SA, CNY, % of Poly 2013-19 trend, % YoY, 12M average","China, Household survey, National, Per capita, Expenditure, Volume, SA, CNY, % of Poly 2013-19 trend, % YoY, 12M average",None,line
"China, Household survey, National, Per capita, Expenditure, Volume, SA, CNY, % of 2015-19 trend, % YoY, 12M average","China, Household survey, National, Per capita, Expenditure, Volume, SA, CNY, % of 2015-19 trend, % YoY, 12M average",None,line
"China, Household survey, National, Per capita, Expenditure, Volume, SA, CNY, % of Poly 2015-19 trend, % YoY, 12M average","China, Household survey, National, Per capita, Expenditure, Volume, SA, CNY, % of Poly 2015-19 trend, % YoY, 12M average",None,line
"China, Household survey, National, Per capita, Expenditure, Volume, SA, CNY, % of 2017-19 trend, % YoY, 12M average","China, Household survey, National, Per capita, Expenditure, Volume, SA, CNY, % of 2017-19 trend, % YoY, 12M average",None,line
"China, Household survey, National, Per capita, Expenditure, Volume, SA, CNY, % of Poly 2017-19 trend, % YoY, 12M average","China, Household survey, National, Per capita, Expenditure, Volume, SA, CNY, % of Poly 2017-19 trend, % YoY, 12M average",None,line
"China, Household survey, National, Per capita, Income, Disposable, SA, CNY, % of 2013-19 trend, % YoY, 12M average","China, Household survey, National, Per capita, Income, Disposable, SA, CNY, % of 2013-19 trend, % YoY, 12M average",None,line
"China, Household survey, National, Per capita, Income, Disposable, SA, CNY, % of Poly 2013-19 trend, % YoY, 12M average","China, Household survey, National, Per capita, Income, Disposable, SA, CNY, % of Poly 2013-19 trend, % YoY, 12M average",None,line
"China, Household survey, National, Per capita, Income, Disposable, SA, CNY, % of 2015-19 trend, % YoY, 12M average","China, Household survey, National, Per capita, Income, Disposable, SA, CNY, % of 2015-19 trend, % YoY, 12M average",None,line
"China, Household survey, National, Per capita, Income, Disposable, SA, CNY, % of Poly 2015-19 trend, % YoY, 12M average","China, Household survey, National, Per capita, Income, Disposable, SA, CNY, % of Poly 2015-19 trend, % YoY, 12M average",None,line
"China, Household survey, National, Per capita, Income, Disposable, SA, CNY, % of 2017-19 trend, % YoY, 12M average","China, Household survey, National, Per capita, Income, Disposable, SA, CNY, % of 2017-19 trend, % YoY, 12M average",None,line
"China, Household survey, National, Per capita, Income, Disposable, SA, CNY, % of Poly 2017-19 trend, % YoY, 12M average","China, Household survey, National, Per capita, Income, Disposable, SA, CNY, % of Poly 2017-19 trend, % YoY, 12M average",None,line
"China, Household survey, National, Per capita, Income, Disposable, Volume, SA, CNY, % of 2013-19 trend, % YoY, 12M average","China, Household survey, National, Per capita, Income, Disposable, Volume, SA, CNY, % of 2013-19 trend, % YoY, 12M average",None,line
"China, Household survey, National, Per capita, Income, Disposable, Volume, SA, CNY, % of Poly 2013-19 trend, % YoY, 12M average","China, Household survey, National, Per capita, Income, Disposable, Volume, SA, CNY, % of Poly 2013-19 trend, % YoY, 12M average",None,line
"China, Household survey, National, Per capita, Income, Disposable, Volume, SA, CNY, % of 2015-19 trend, % YoY, 12M average","China, Household survey, National, Per capita, Income, Disposable, Volume, SA, CNY, % of 2015-19 trend, % YoY, 12M average",None,line
"China, Household survey, National, Per capita, Income, Disposable, Volume, SA, CNY, % of Poly 2015-19 trend, % YoY, 12M average","China, Household survey, National, Per capita, Income, Disposable, Volume, SA, CNY, % of Poly 2015-19 trend, % YoY, 12M average",None,line
"China, Household survey, National, Per capita, Income, Disposable, Volume, SA, CNY, % of 2017-19 trend, % YoY, 12M average","China, Household survey, National, Per capita, Income, Disposable, Volume, SA, CNY, % of 2017-19 trend, % YoY, 12M average",None,line
"China, Household survey, National, Per capita, Income, Disposable, Volume, SA, CNY, % of Poly 2017-19 trend, % YoY, 12M average","China, Household survey, National, Per capita, Income, Disposable, Volume, SA, CNY, % of Poly 2017-19 trend, % YoY, 12M average",None,line
"China, Household survey, National, Per capita, Savings ratio, SA, %, % of 2013-19 trend, % YoY, 12M average","China, Household survey, National, Per capita, Savings ratio, SA, %, % of 2013-19 trend, % YoY, 12M average",p,line
"China, Household survey, National, Per capita, Savings ratio, SA, %, % of Poly 2013-19 trend, % YoY, 12M average","China, Household survey, National, Per capita, Savings ratio, SA, %, % of Poly 2013-19 trend, % YoY, 12M average",p,line
"China, Household survey, National, Per capita, Savings ratio, SA, %, % of 2015-19 trend, % YoY, 12M average","China, Household survey, National, Per capita, Savings ratio, SA, %, % of 2015-19 trend, % YoY, 12M average",p,line
"China, Household survey, National, Per capita, Savings ratio, SA, %, % of Poly 2015-19 trend, % YoY, 12M average","China, Household survey, National, Per capita, Savings ratio, SA, %, % of Poly 2015-19 trend, % YoY, 12M average",p,line
"China, Household survey, National, Per capita, Savings ratio, SA, %, % of 2017-19 trend, % YoY, 12M average","China, Household survey, National, Per capita, Savings ratio, SA, %, % of 2017-19 trend, % YoY, 12M average",p,line
"China, Household survey, National, Per capita, Savings ratio, SA, %, % of Poly 2017-19 trend, % YoY, 12M average","China, Household survey, National, Per capita, Savings ratio, SA, %, % of Poly 2017-19 trend, % YoY, 12M average",p,line
"China, Household survey, Rural and urban, Aggregate, Expenditure, Volume, SA, CNY bn, % of 2013-19 trend, % YoY, 12M average","China, Household survey, Rural and urban, Aggregate, Expenditure, Volume, SA, CNY bn, % of 2013-19 trend, % YoY, 12M average",None,line
"China, Household survey, Rural and urban, Aggregate, Expenditure, Volume, SA, CNY bn, % of Poly 2013-19 trend, % YoY, 12M average","China, Household survey, Rural and urban, Aggregate, Expenditure, Volume, SA, CNY bn, % of Poly 2013-19 trend, % YoY, 12M average",None,line
"China, Household survey, Rural and urban, Aggregate, Expenditure, Volume, SA, CNY bn, % of 2015-19 trend, % YoY, 12M average","China, Household survey, Rural and urban, Aggregate, Expenditure, Volume, SA, CNY bn, % of 2015-19 trend, % YoY, 12M average",None,line
"China, Household survey, Rural and urban, Aggregate, Expenditure, Volume, SA, CNY bn, % of Poly 2015-19 trend, % YoY, 12M average","China, Household survey, Rural and urban, Aggregate, Expenditure, Volume, SA, CNY bn, % of Poly 2015-19 trend, % YoY, 12M average",None,line
"China, Household survey, Rural and urban, Aggregate, Expenditure, Volume, SA, CNY bn, % of 2017-19 trend, % YoY, 12M average","China, Household survey, Rural and urban, Aggregate, Expenditure, Volume, SA, CNY bn, % of 2017-19 trend, % YoY, 12M average",None,line
"China, Household survey, Rural and urban, Aggregate, Expenditure, Volume, SA, CNY bn, % of Poly 2017-19 trend, % YoY, 12M average","China, Household survey, Rural and urban, Aggregate, Expenditure, Volume, SA, CNY bn, % of Poly 2017-19 trend, % YoY, 12M average",None,line
"China, Household survey, National, Aggregate, Expenditure, SA, CNY bn, % of 2013-19 trend, % YoY, 12M average","China, Household survey, National, Aggregate, Expenditure, SA, CNY bn, % of 2013-19 trend, % YoY, 12M average",None,line
"China, Household survey, National, Aggregate, Expenditure, SA, CNY bn, % of Poly 2013-19 trend, % YoY, 12M average","China, Household survey, National, Aggregate, Expenditure, SA, CNY bn, % of Poly 2013-19 trend, % YoY, 12M average",None,line
"China, Household survey, National, Aggregate, Expenditure, SA, CNY bn, % of 2015-19 trend, % YoY, 12M average","China, Household survey, National, Aggregate, Expenditure, SA, CNY bn, % of 2015-19 trend, % YoY, 12M average",None,line
"China, Household survey, National, Aggregate, Expenditure, SA, CNY bn, % of Poly 2015-19 trend, % YoY, 12M average","China, Household survey, National, Aggregate, Expenditure, SA, CNY bn, % of Poly 2015-19 trend, % YoY, 12M average",None,line
"China, Household survey, National, Aggregate, Expenditure, SA, CNY bn, % of 2017-19 trend, % YoY, 12M average","China, Household survey, National, Aggregate, Expenditure, SA, CNY bn, % of 2017-19 trend, % YoY, 12M average",None,line
"China, Household survey, National, Aggregate, Expenditure, SA, CNY bn, % of Poly 2017-19 trend, % YoY, 12M average","China, Household survey, National, Aggregate, Expenditure, SA, CNY bn, % of Poly 2017-19 trend, % YoY, 12M average",None,line
"China, Household survey, National, Aggregate, Income, Disposable, SA, CNY bn, % of 2013-19 trend, % YoY, 12M average","China, Household survey, National, Aggregate, Income, Disposable, SA, CNY bn, % of 2013-19 trend, % YoY, 12M average",None,line
"China, Household survey, National, Aggregate, Income, Disposable, SA, CNY bn, % of Poly 2013-19 trend, % YoY, 12M average","China, Household survey, National, Aggregate, Income, Disposable, SA, CNY bn, % of Poly 2013-19 trend, % YoY, 12M average",None,line
"China, Household survey, National, Aggregate, Income, Disposable, SA, CNY bn, % of 2015-19 trend, % YoY, 12M average","China, Household survey, National, Aggregate, Income, Disposable, SA, CNY bn, % of 2015-19 trend, % YoY, 12M average",None,line
"China, Household survey, National, Aggregate, Income, Disposable, SA, CNY bn, % of Poly 2015-19 trend, % YoY, 12M average","China, Household survey, National, Aggregate, Income, Disposable, SA, CNY bn, % of Poly 2015-19 trend, % YoY, 12M average",None,line
"China, Household survey, National, Aggregate, Income, Disposable, SA, CNY bn, % of 2017-19 trend, % YoY, 12M average","China, Household survey, National, Aggregate, Income, Disposable, SA, CNY bn, % of 2017-19 trend, % YoY, 12M average",None,line
"China, Household survey, National, Aggregate, Income, Disposable, SA, CNY bn, % of Poly 2017-19 trend, % YoY, 12M average","China, Household survey, National, Aggregate, Income, Disposable, SA, CNY bn, % of Poly 2017-19 trend, % YoY, 12M average",None,line
"China, Household survey, National, Aggregate, Expenditure, Volume, SA, CNY bn, % of 2013-19 trend, % YoY, 12M average","China, Household survey, National, Aggregate, Expenditure, Volume, SA, CNY bn, % of 2013-19 trend, % YoY, 12M average",None,line
"China, Household survey, National, Aggregate, Expenditure, Volume, SA, CNY bn, % of Poly 2013-19 trend, % YoY, 12M average","China, Household survey, National, Aggregate, Expenditure, Volume, SA, CNY bn, % of Poly 2013-19 trend, % YoY, 12M average",None,line
"China, Household survey, National, Aggregate, Expenditure, Volume, SA, CNY bn, % of 2015-19 trend, % YoY, 12M average","China, Household survey, National, Aggregate, Expenditure, Volume, SA, CNY bn, % of 2015-19 trend, % YoY, 12M average",None,line
"China, Household survey, National, Aggregate, Expenditure, Volume, SA, CNY bn, % of Poly 2015-19 trend, % YoY, 12M average","China, Household survey, National, Aggregate, Expenditure, Volume, SA, CNY bn, % of Poly 2015-19 trend, % YoY, 12M average",None,line
"China, Household survey, National, Aggregate, Expenditure, Volume, SA, CNY bn, % of 2017-19 trend, % YoY, 12M average","China, Household survey, National, Aggregate, Expenditure, Volume, SA, CNY bn, % of 2017-19 trend, % YoY, 12M average",None,line
"China, Household survey, National, Aggregate, Expenditure, Volume, SA, CNY bn, % of Poly 2017-19 trend, % YoY, 12M average","China, Household survey, National, Aggregate, Expenditure, Volume, SA, CNY bn, % of Poly 2017-19 trend, % YoY, 12M average",None,line
"China, Household survey, National, Aggregate, Income, Disposable, Volume, SA, CNY bn, % of 2013-19 trend, % YoY, 12M average","China, Household survey, National, Aggregate, Income, Disposable, Volume, SA, CNY bn, % of 2013-19 trend, % YoY, 12M average",None,line
"China, Household survey, National, Aggregate, Income, Disposable, Volume, SA, CNY bn, % of Poly 2013-19 trend, % YoY, 12M average","China, Household survey, National, Aggregate, Income, Disposable, Volume, SA, CNY bn, % of Poly 2013-19 trend, % YoY, 12M average",None,line
"China, Household survey, National, Aggregate, Income, Disposable, Volume, SA, CNY bn, % of 2015-19 trend, % YoY, 12M average","China, Household survey, National, Aggregate, Income, Disposable, Volume, SA, CNY bn, % of 2015-19 trend, % YoY, 12M average",None,line
"China, Household survey, National, Aggregate, Income, Disposable, Volume, SA, CNY bn, % of Poly 2015-19 trend, % YoY, 12M average","China, Household survey, National, Aggregate, Income, Disposable, Volume, SA, CNY bn, % of Poly 2015-19 trend, % YoY, 12M average",None,line
"China, Household survey, National, Aggregate, Income, Disposable, Volume, SA, CNY bn, % of 2017-19 trend, % YoY, 12M average","China, Household survey, National, Aggregate, Income, Disposable, Volume, SA, CNY bn, % of 2017-19 trend, % YoY, 12M average",None,line
"China, Household survey, National, Aggregate, Income, Disposable, Volume, SA, CNY bn, % of Poly 2017-19 trend, % YoY, 12M average","China, Household survey, National, Aggregate, Income, Disposable, Volume, SA, CNY bn, % of Poly 2017-19 trend, % YoY, 12M average",None,line
"China, Household survey, Urban, Excess savings per capita, CNY, 12M average","China, Household survey, Urban, Excess savings per capita, CNY, 12M average",None,line
"China, Household survey, Urban, Post-covid excess savings per capita, CNY, 12M average","China, Household survey, Urban, Post-covid excess savings per capita, CNY, 12M average",None,line
"China, Household survey, National, Excess savings per capita, CNY, 12M average","China, Household survey, National, Excess savings per capita, CNY, 12M average",None,line
"China, Household survey, National, Post-covid excess savings per capita, CNY, 12M average","China, Household survey, National, Post-covid excess savings per capita, CNY, 12M average",None,line
"China, Household survey, National, Aggregate, Income, Disposable, % of GDP, 12M average","China, Household survey, National, Aggregate, Income, Disposable, % of GDP, 12M average",p,line
"China, Household survey, Rural and urban, Aggregate, Income, Disposable, % of GDP, 12M average","China, Household survey, Rural and urban, Aggregate, Income, Disposable, % of GDP, 12M average",p,line
"China, Household survey, National, Aggregate, Expenditure, Medical, % of GDP, 12M average","China, Household survey, National, Aggregate, Expenditure, Medical, % of GDP, 12M average",p,line
"China, Household survey, National, Aggregate, Expenditure, Education, culture and recreation, % of GDP, 12M average","China, Household survey, National, Aggregate, Expenditure, Education, culture and recreation, % of GDP, 12M average",p,line
"China, Household survey, National, Aggregate, Expenditure, Transport and communication, % of GDP, 12M average","China, Household survey, National, Aggregate, Expenditure, Transport and communication, % of GDP, 12M average",p,line
"China, Household survey, National, Aggregate, Expenditure, Clothing and footwear, % of GDP, 12M average","China, Household survey, National, Aggregate, Expenditure, Clothing and footwear, % of GDP, 12M average",p,line
"China, Household survey, National, Aggregate, Expenditure, Food and tobacco, % of GDP, 12M average","China, Household survey, National, Aggregate, Expenditure, Food and tobacco, % of GDP, 12M average",p,line
"China, Household survey, National, Aggregate, Expenditure, Household equipment, furnishings and services, % of GDP, 12M average","China, Household survey, National, Aggregate, Expenditure, Household equipment, furnishings and services, % of GDP, 12M average",p,line
"China, Household survey, National, Aggregate, Expenditure, Miscellaneous, % of GDP, 12M average","China, Household survey, National, Aggregate, Expenditure, Miscellaneous, % of GDP, 12M average",p,line
"China, Household survey, National, Aggregate, Expenditure, Housing, % of GDP, 12M average","China, Household survey, National, Aggregate, Expenditure, Housing, % of GDP, 12M average",p,line
"China, Household survey, National, Aggregate, Expenditure, % of GDP, 12M average","China, Household survey, National, Aggregate, Expenditure, % of GDP, 12M average",p,line
"China, Household survey, Rural and urban, Aggregate, Expenditure, % of GDP, 12M average","China, Household survey, Rural and urban, Aggregate, Expenditure, % of GDP, 12M average",p,line
"China, Household survey, National, Aggregate, Income, Disposable, Volume, % of GDP, 12M average","China, Household survey, National, Aggregate, Income, Disposable, Volume, % of GDP, 12M average",None,line
"China, Household survey, Rural and urban, Aggregate, Income, Disposable, Volume, % of GDP, 12M average","China, Household survey, Rural and urban, Aggregate, Income, Disposable, Volume, % of GDP, 12M average",None,line
"China, Household survey, National, Aggregate, Expenditure, Medical, Volume, % of GDP, 12M average","China, Household survey, National, Aggregate, Expenditure, Medical, Volume, % of GDP, 12M average",None,line
"China, Household survey, National, Aggregate, Expenditure, Education, culture and recreation, Volume, % of GDP, 12M average","China, Household survey, National, Aggregate, Expenditure, Education, culture and recreation, Volume, % of GDP, 12M average",None,line
"China, Household survey, National, Aggregate, Expenditure, Transport and communication, Volume, % of GDP, 12M average","China, Household survey, National, Aggregate, Expenditure, Transport and communication, Volume, % of GDP, 12M average",None,line
"China, Household survey, National, Aggregate, Expenditure, Clothing and footwear, Volume, % of GDP, 12M average","China, Household survey, National, Aggregate, Expenditure, Clothing and footwear, Volume, % of GDP, 12M average",None,line
"China, Household survey, National, Aggregate, Expenditure, Food and tobacco, Volume, % of GDP, 12M average","China, Household survey, National, Aggregate, Expenditure, Food and tobacco, Volume, % of GDP, 12M average",None,line
"China, Household survey, National, Aggregate, Expenditure, Household equipment, furnishings and services, Volume, % of GDP, 12M average","China, Household survey, National, Aggregate, Expenditure, Household equipment, furnishings and services, Volume, % of GDP, 12M average",None,line
"China, Household survey, National, Aggregate, Expenditure, Miscellaneous, Volume, % of GDP, 12M average","China, Household survey, National, Aggregate, Expenditure, Miscellaneous, Volume, % of GDP, 12M average",None,line
"China, Household survey, National, Aggregate, Expenditure, Housing, Volume, % of GDP, 12M average","China, Household survey, National, Aggregate, Expenditure, Housing, Volume, % of GDP, 12M average",None,line
"China, Household survey, National, Aggregate, Expenditure, Volume, % of GDP, 12M average","China, Household survey, National, Aggregate, Expenditure, Volume, % of GDP, 12M average",None,line
"China, Household survey, Rural and urban, Aggregate, Expenditure, Volume, % of GDP, 12M average","China, Household survey, Rural and urban, Aggregate, Expenditure, Volume, % of GDP, 12M average",None,line
"China, Household survey, National, Aggregate, Income, Disposable, SA, % of GDP, 12M average","China, Household survey, National, Aggregate, Income, Disposable, SA, % of GDP, 12M average",None,line
"China, Household survey, Rural and urban, Aggregate, Income, Disposable, SA, % of GDP, 12M average","China, Household survey, Rural and urban, Aggregate, Income, Disposable, SA, % of GDP, 12M average",None,line
"China, Household survey, National, Aggregate, Expenditure, SA, % of GDP, 12M average","China, Household survey, National, Aggregate, Expenditure, SA, % of GDP, 12M average",None,line
"China, Household survey, Rural and urban, Aggregate, Expenditure, SA, % of GDP, 12M average","China, Household survey, Rural and urban, Aggregate, Expenditure, SA, % of GDP, 12M average",None,line
"China, Household survey, National, Aggregate, Income, Disposable, Volume, SA, % of GDP, 12M average","China, Household survey, National, Aggregate, Income, Disposable, Volume, SA, % of GDP, 12M average",None,line
"China, Household survey, National, Aggregate, Expenditure, Volume, SA, % of GDP, 12M average","China, Household survey, National, Aggregate, Expenditure, Volume, SA, % of GDP, 12M average",None,line
"China, Household survey, Rural and urban, Aggregate, Expenditure, Volume, SA, % of GDP, 12M average","China, Household survey, Rural and urban, Aggregate, Expenditure, Volume, SA, % of GDP, 12M average",None,line
"China, Household survey, Rural and urban, Aggregate, Expenditure, Volume, SA, % of GDP, 2013-19 trend, 12M average","China, Household survey, Rural and urban, Aggregate, Expenditure, Volume, SA, % of GDP, 2013-19 trend, 12M average",None,line
"China, Household survey, National, Aggregate, Expenditure, SA, % of GDP, 2013-19 trend, 12M average","China, Household survey, National, Aggregate, Expenditure, SA, % of GDP, 2013-19 trend, 12M average",None,line
"China, Household survey, National, Aggregate, Income, Disposable, SA, % of GDP, 2013-19 trend, 12M average","China, Household survey, National, Aggregate, Income, Disposable, SA, % of GDP, 2013-19 trend, 12M average",None,line
"China, Household survey, National, Aggregate, Expenditure, Volume, SA, % of GDP, 2013-19 trend, 12M average","China, Household survey, National, Aggregate, Expenditure, Volume, SA, % of GDP, 2013-19 trend, 12M average",None,line
"China, Household survey, National, Aggregate, Income, Disposable, Volume, SA, % of GDP, 2013-19 trend, 12M average","China, Household survey, National, Aggregate, Income, Disposable, Volume, SA, % of GDP, 2013-19 trend, 12M average",None,line
"China, Household survey, Rural and urban, Aggregate, Expenditure, Volume, SA, % of GDP, Poly 2013-19 trend, 12M average","China, Household survey, Rural and urban, Aggregate, Expenditure, Volume, SA, % of GDP, Poly 2013-19 trend, 12M average",None,line
"China, Household survey, National, Aggregate, Expenditure, SA, % of GDP, Poly 2013-19 trend, 12M average","China, Household survey, National, Aggregate, Expenditure, SA, % of GDP, Poly 2013-19 trend, 12M average",None,line
"China, Household survey, National, Aggregate, Income, Disposable, SA, % of GDP, Poly 2013-19 trend, 12M average","China, Household survey, National, Aggregate, Income, Disposable, SA, % of GDP, Poly 2013-19 trend, 12M average",None,line
"China, Household survey, National, Aggregate, Expenditure, Volume, SA, % of GDP, Poly 2013-19 trend, 12M average","China, Household survey, National, Aggregate, Expenditure, Volume, SA, % of GDP, Poly 2013-19 trend, 12M average",None,line
"China, Household survey, National, Aggregate, Income, Disposable, Volume, SA, % of GDP, Poly 2013-19 trend, 12M average","China, Household survey, National, Aggregate, Income, Disposable, Volume, SA, % of GDP, Poly 2013-19 trend, 12M average",None,line
"China, Household survey, Rural and urban, Aggregate, Expenditure, Volume, SA, % of GDP, 2015-19 trend, 12M average","China, Household survey, Rural and urban, Aggregate, Expenditure, Volume, SA, % of GDP, 2015-19 trend, 12M average",None,line
"China, Household survey, National, Aggregate, Expenditure, SA, % of GDP, 2015-19 trend, 12M average","China, Household survey, National, Aggregate, Expenditure, SA, % of GDP, 2015-19 trend, 12M average",None,line
"China, Household survey, National, Aggregate, Income, Disposable, SA, % of GDP, 2015-19 trend, 12M average","China, Household survey, National, Aggregate, Income, Disposable, SA, % of GDP, 2015-19 trend, 12M average",None,line
"China, Household survey, National, Aggregate, Expenditure, Volume, SA, % of GDP, 2015-19 trend, 12M average","China, Household survey, National, Aggregate, Expenditure, Volume, SA, % of GDP, 2015-19 trend, 12M average",None,line
"China, Household survey, National, Aggregate, Income, Disposable, Volume, SA, % of GDP, 2015-19 trend, 12M average","China, Household survey, National, Aggregate, Income, Disposable, Volume, SA, % of GDP, 2015-19 trend, 12M average",None,line
"China, Household survey, Rural and urban, Aggregate, Expenditure, Volume, SA, % of GDP, Poly 2015-19 trend, 12M average","China, Household survey, Rural and urban, Aggregate, Expenditure, Volume, SA, % of GDP, Poly 2015-19 trend, 12M average",None,line
"China, Household survey, National, Aggregate, Expenditure, SA, % of GDP, Poly 2015-19 trend, 12M average","China, Household survey, National, Aggregate, Expenditure, SA, % of GDP, Poly 2015-19 trend, 12M average",None,line
"China, Household survey, National, Aggregate, Income, Disposable, SA, % of GDP, Poly 2015-19 trend, 12M average","China, Household survey, National, Aggregate, Income, Disposable, SA, % of GDP, Poly 2015-19 trend, 12M average",None,line
"China, Household survey, National, Aggregate, Expenditure, Volume, SA, % of GDP, Poly 2015-19 trend, 12M average","China, Household survey, National, Aggregate, Expenditure, Volume, SA, % of GDP, Poly 2015-19 trend, 12M average",None,line
"China, Household survey, National, Aggregate, Income, Disposable, Volume, SA, % of GDP, Poly 2015-19 trend, 12M average","China, Household survey, National, Aggregate, Income, Disposable, Volume, SA, % of GDP, Poly 2015-19 trend, 12M average",None,line
"China, Household survey, Rural and urban, Aggregate, Expenditure, Volume, SA, % of GDP, 2017-19 trend, 12M average","China, Household survey, Rural and urban, Aggregate, Expenditure, Volume, SA, % of GDP, 2017-19 trend, 12M average",None,line
"China, Household survey, National, Aggregate, Expenditure, SA, % of GDP, 2017-19 trend, 12M average","China, Household survey, National, Aggregate, Expenditure, SA, % of GDP, 2017-19 trend, 12M average",None,line
"China, Household survey, National, Aggregate, Income, Disposable, SA, % of GDP, 2017-19 trend, 12M average","China, Household survey, National, Aggregate, Income, Disposable, SA, % of GDP, 2017-19 trend, 12M average",None,line
"China, Household survey, National, Aggregate, Expenditure, Volume, SA, % of GDP, 2017-19 trend, 12M average","China, Household survey, National, Aggregate, Expenditure, Volume, SA, % of GDP, 2017-19 trend, 12M average",None,line
"China, Household survey, National, Aggregate, Income, Disposable, Volume, SA, % of GDP, 2017-19 trend, 12M average","China, Household survey, National, Aggregate, Income, Disposable, Volume, SA, % of GDP, 2017-19 trend, 12M average",None,line
"China, Household survey, Rural and urban, Aggregate, Expenditure, Volume, SA, % of GDP, Poly 2017-19 trend, 12M average","China, Household survey, Rural and urban, Aggregate, Expenditure, Volume, SA, % of GDP, Poly 2017-19 trend, 12M average",None,line
"China, Household survey, National, Aggregate, Expenditure, SA, % of GDP, Poly 2017-19 trend, 12M average","China, Household survey, National, Aggregate, Expenditure, SA, % of GDP, Poly 2017-19 trend, 12M average",None,line
"China, Household survey, National, Aggregate, Income, Disposable, SA, % of GDP, Poly 2017-19 trend, 12M average","China, Household survey, National, Aggregate, Income, Disposable, SA, % of GDP, Poly 2017-19 trend, 12M average",None,line
"China, Household survey, National, Aggregate, Expenditure, Volume, SA, % of GDP, Poly 2017-19 trend, 12M average","China, Household survey, National, Aggregate, Expenditure, Volume, SA, % of GDP, Poly 2017-19 trend, 12M average",None,line
"China, Household survey, National, Aggregate, Income, Disposable, Volume, SA, % of GDP, Poly 2017-19 trend, 12M average","China, Household survey, National, Aggregate, Income, Disposable, Volume, SA, % of GDP, Poly 2017-19 trend, 12M average",None,line
"China, Household survey, Rural and urban, Aggregate, Expenditure, Volume, SA, % of GDP, % of 2013-19 trend, 12M average","China, Household survey, Rural and urban, Aggregate, Expenditure, Volume, SA, % of GDP, % of 2013-19 trend, 12M average",None,line
"China, Household survey, Rural and urban, Aggregate, Expenditure, Volume, SA, % of GDP, % of Poly 2013-19 trend, 12M average","China, Household survey, Rural and urban, Aggregate, Expenditure, Volume, SA, % of GDP, % of Poly 2013-19 trend, 12M average",None,line
"China, Household survey, Rural and urban, Aggregate, Expenditure, Volume, SA, % of GDP, % of 2015-19 trend, 12M average","China, Household survey, Rural and urban, Aggregate, Expenditure, Volume, SA, % of GDP, % of 2015-19 trend, 12M average",None,line
"China, Household survey, Rural and urban, Aggregate, Expenditure, Volume, SA, % of GDP, % of Poly 2015-19 trend, 12M average","China, Household survey, Rural and urban, Aggregate, Expenditure, Volume, SA, % of GDP, % of Poly 2015-19 trend, 12M average",None,line
"China, Household survey, Rural and urban, Aggregate, Expenditure, Volume, SA, % of GDP, % of 2017-19 trend, 12M average","China, Household survey, Rural and urban, Aggregate, Expenditure, Volume, SA, % of GDP, % of 2017-19 trend, 12M average",None,line
"China, Household survey, Rural and urban, Aggregate, Expenditure, Volume, SA, % of GDP, % of Poly 2017-19 trend, 12M average","China, Household survey, Rural and urban, Aggregate, Expenditure, Volume, SA, % of GDP, % of Poly 2017-19 trend, 12M average",None,line
"China, Household survey, National, Aggregate, Expenditure, SA, % of GDP, % of 2013-19 trend, 12M average","China, Household survey, National, Aggregate, Expenditure, SA, % of GDP, % of 2013-19 trend, 12M average",None,line
"China, Household survey, National, Aggregate, Expenditure, SA, % of GDP, % of Poly 2013-19 trend, 12M average","China, Household survey, National, Aggregate, Expenditure, SA, % of GDP, % of Poly 2013-19 trend, 12M average",None,line
"China, Household survey, National, Aggregate, Expenditure, SA, % of GDP, % of 2015-19 trend, 12M average","China, Household survey, National, Aggregate, Expenditure, SA, % of GDP, % of 2015-19 trend, 12M average",None,line
"China, Household survey, National, Aggregate, Expenditure, SA, % of GDP, % of Poly 2015-19 trend, 12M average","China, Household survey, National, Aggregate, Expenditure, SA, % of GDP, % of Poly 2015-19 trend, 12M average",None,line
"China, Household survey, National, Aggregate, Expenditure, SA, % of GDP, % of 2017-19 trend, 12M average","China, Household survey, National, Aggregate, Expenditure, SA, % of GDP, % of 2017-19 trend, 12M average",None,line
"China, Household survey, National, Aggregate, Expenditure, SA, % of GDP, % of Poly 2017-19 trend, 12M average","China, Household survey, National, Aggregate, Expenditure, SA, % of GDP, % of Poly 2017-19 trend, 12M average",None,line
"China, Household survey, National, Aggregate, Income, Disposable, SA, % of GDP, % of 2013-19 trend, 12M average","China, Household survey, National, Aggregate, Income, Disposable, SA, % of GDP, % of 2013-19 trend, 12M average",None,line
"China, Household survey, National, Aggregate, Income, Disposable, SA, % of GDP, % of Poly 2013-19 trend, 12M average","China, Household survey, National, Aggregate, Income, Disposable, SA, % of GDP, % of Poly 2013-19 trend, 12M average",None,line
"China, Household survey, National, Aggregate, Income, Disposable, SA, % of GDP, % of 2015-19 trend, 12M average","China, Household survey, National, Aggregate, Income, Disposable, SA, % of GDP, % of 2015-19 trend, 12M average",None,line
"China, Household survey, National, Aggregate, Income, Disposable, SA, % of GDP, % of Poly 2015-19 trend, 12M average","China, Household survey, National, Aggregate, Income, Disposable, SA, % of GDP, % of Poly 2015-19 trend, 12M average",None,line
"China, Household survey, National, Aggregate, Income, Disposable, SA, % of GDP, % of 2017-19 trend, 12M average","China, Household survey, National, Aggregate, Income, Disposable, SA, % of GDP, % of 2017-19 trend, 12M average",None,line
"China, Household survey, National, Aggregate, Income, Disposable, SA, % of GDP, % of Poly 2017-19 trend, 12M average","China, Household survey, National, Aggregate, Income, Disposable, SA, % of GDP, % of Poly 2017-19 trend, 12M average",None,line
"China, Household survey, National, Aggregate, Expenditure, Volume, SA, % of GDP, % of 2013-19 trend, 12M average","China, Household survey, National, Aggregate, Expenditure, Volume, SA, % of GDP, % of 2013-19 trend, 12M average",None,line
"China, Household survey, National, Aggregate, Expenditure, Volume, SA, % of GDP, % of Poly 2013-19 trend, 12M average","China, Household survey, National, Aggregate, Expenditure, Volume, SA, % of GDP, % of Poly 2013-19 trend, 12M average",None,line
"China, Household survey, National, Aggregate, Expenditure, Volume, SA, % of GDP, % of 2015-19 trend, 12M average","China, Household survey, National, Aggregate, Expenditure, Volume, SA, % of GDP, % of 2015-19 trend, 12M average",None,line
"China, Household survey, National, Aggregate, Expenditure, Volume, SA, % of GDP, % of Poly 2015-19 trend, 12M average","China, Household survey, National, Aggregate, Expenditure, Volume, SA, % of GDP, % of Poly 2015-19 trend, 12M average",None,line
"China, Household survey, National, Aggregate, Expenditure, Volume, SA, % of GDP, % of 2017-19 trend, 12M average","China, Household survey, National, Aggregate, Expenditure, Volume, SA, % of GDP, % of 2017-19 trend, 12M average",None,line
"China, Household survey, National, Aggregate, Expenditure, Volume, SA, % of GDP, % of Poly 2017-19 trend, 12M average","China, Household survey, National, Aggregate, Expenditure, Volume, SA, % of GDP, % of Poly 2017-19 trend, 12M average",None,line
"China, Household survey, National, Aggregate, Income, Disposable, Volume, SA, % of GDP, % of 2013-19 trend, 12M average","China, Household survey, National, Aggregate, Income, Disposable, Volume, SA, % of GDP, % of 2013-19 trend, 12M average",None,line
"China, Household survey, National, Aggregate, Income, Disposable, Volume, SA, % of GDP, % of Poly 2013-19 trend, 12M average","China, Household survey, National, Aggregate, Income, Disposable, Volume, SA, % of GDP, % of Poly 2013-19 trend, 12M average",None,line
"China, Household survey, National, Aggregate, Income, Disposable, Volume, SA, % of GDP, % of 2015-19 trend, 12M average","China, Household survey, National, Aggregate, Income, Disposable, Volume, SA, % of GDP, % of 2015-19 trend, 12M average",None,line
"China, Household survey, National, Aggregate, Income, Disposable, Volume, SA, % of GDP, % of Poly 2015-19 trend, 12M average","China, Household survey, National, Aggregate, Income, Disposable, Volume, SA, % of GDP, % of Poly 2015-19 trend, 12M average",None,line
"China, Household survey, National, Aggregate, Income, Disposable, Volume, SA, % of GDP, % of 2017-19 trend, 12M average","China, Household survey, National, Aggregate, Income, Disposable, Volume, SA, % of GDP, % of 2017-19 trend, 12M average",None,line
"China, Household survey, National, Aggregate, Income, Disposable, Volume, SA, % of GDP, % of Poly 2017-19 trend, 12M average","China, Household survey, National, Aggregate, Income, Disposable, Volume, SA, % of GDP, % of Poly 2017-19 trend, 12M average",None,line
"China, Household survey, Rural and urban, Aggregate, Expenditure, Volume, SA, % of GDP, 2013-19 trend, % YoY, 12M average","China, Household survey, Rural and urban, Aggregate, Expenditure, Volume, SA, % of GDP, 2013-19 trend, % YoY, 12M average",None,line
"China, Household survey, National, Aggregate, Expenditure, SA, % of GDP, 2013-19 trend, % YoY, 12M average","China, Household survey, National, Aggregate, Expenditure, SA, % of GDP, 2013-19 trend, % YoY, 12M average",p,line
"China, Household survey, National, Aggregate, Income, Disposable, SA, % of GDP, 2013-19 trend, % YoY, 12M average","China, Household survey, National, Aggregate, Income, Disposable, SA, % of GDP, 2013-19 trend, % YoY, 12M average",p,line
"China, Household survey, National, Aggregate, Expenditure, Volume, SA, % of GDP, 2013-19 trend, % YoY, 12M average","China, Household survey, National, Aggregate, Expenditure, Volume, SA, % of GDP, 2013-19 trend, % YoY, 12M average",None,line
"China, Household survey, National, Aggregate, Income, Disposable, Volume, SA, % of GDP, 2013-19 trend, % YoY, 12M average","China, Household survey, National, Aggregate, Income, Disposable, Volume, SA, % of GDP, 2013-19 trend, % YoY, 12M average",None,line
"China, Household survey, Rural and urban, Aggregate, Expenditure, Volume, SA, % of GDP, Poly 2013-19 trend, % YoY, 12M average","China, Household survey, Rural and urban, Aggregate, Expenditure, Volume, SA, % of GDP, Poly 2013-19 trend, % YoY, 12M average",None,line
"China, Household survey, National, Aggregate, Expenditure, SA, % of GDP, Poly 2013-19 trend, % YoY, 12M average","China, Household survey, National, Aggregate, Expenditure, SA, % of GDP, Poly 2013-19 trend, % YoY, 12M average",p,line
"China, Household survey, National, Aggregate, Income, Disposable, SA, % of GDP, Poly 2013-19 trend, % YoY, 12M average","China, Household survey, National, Aggregate, Income, Disposable, SA, % of GDP, Poly 2013-19 trend, % YoY, 12M average",p,line
"China, Household survey, National, Aggregate, Expenditure, Volume, SA, % of GDP, Poly 2013-19 trend, % YoY, 12M average","China, Household survey, National, Aggregate, Expenditure, Volume, SA, % of GDP, Poly 2013-19 trend, % YoY, 12M average",None,line
"China, Household survey, National, Aggregate, Income, Disposable, Volume, SA, % of GDP, Poly 2013-19 trend, % YoY, 12M average","China, Household survey, National, Aggregate, Income, Disposable, Volume, SA, % of GDP, Poly 2013-19 trend, % YoY, 12M average",None,line
"China, Household survey, Rural and urban, Aggregate, Expenditure, Volume, SA, % of GDP, 2015-19 trend, % YoY, 12M average","China, Household survey, Rural and urban, Aggregate, Expenditure, Volume, SA, % of GDP, 2015-19 trend, % YoY, 12M average",None,line
"China, Household survey, National, Aggregate, Expenditure, SA, % of GDP, 2015-19 trend, % YoY, 12M average","China, Household survey, National, Aggregate, Expenditure, SA, % of GDP, 2015-19 trend, % YoY, 12M average",p,line
"China, Household survey, National, Aggregate, Income, Disposable, SA, % of GDP, 2015-19 trend, % YoY, 12M average","China, Household survey, National, Aggregate, Income, Disposable, SA, % of GDP, 2015-19 trend, % YoY, 12M average",p,line
"China, Household survey, National, Aggregate, Expenditure, Volume, SA, % of GDP, 2015-19 trend, % YoY, 12M average","China, Household survey, National, Aggregate, Expenditure, Volume, SA, % of GDP, 2015-19 trend, % YoY, 12M average",None,line
"China, Household survey, National, Aggregate, Income, Disposable, Volume, SA, % of GDP, 2015-19 trend, % YoY, 12M average","China, Household survey, National, Aggregate, Income, Disposable, Volume, SA, % of GDP, 2015-19 trend, % YoY, 12M average",None,line
"China, Household survey, Rural and urban, Aggregate, Expenditure, Volume, SA, % of GDP, Poly 2015-19 trend, % YoY, 12M average","China, Household survey, Rural and urban, Aggregate, Expenditure, Volume, SA, % of GDP, Poly 2015-19 trend, % YoY, 12M average",None,line
"China, Household survey, National, Aggregate, Expenditure, SA, % of GDP, Poly 2015-19 trend, % YoY, 12M average","China, Household survey, National, Aggregate, Expenditure, SA, % of GDP, Poly 2015-19 trend, % YoY, 12M average",p,line
"China, Household survey, National, Aggregate, Income, Disposable, SA, % of GDP, Poly 2015-19 trend, % YoY, 12M average","China, Household survey, National, Aggregate, Income, Disposable, SA, % of GDP, Poly 2015-19 trend, % YoY, 12M average",p,line
"China, Household survey, National, Aggregate, Expenditure, Volume, SA, % of GDP, Poly 2015-19 trend, % YoY, 12M average","China, Household survey, National, Aggregate, Expenditure, Volume, SA, % of GDP, Poly 2015-19 trend, % YoY, 12M average",None,line
"China, Household survey, National, Aggregate, Income, Disposable, Volume, SA, % of GDP, Poly 2015-19 trend, % YoY, 12M average","China, Household survey, National, Aggregate, Income, Disposable, Volume, SA, % of GDP, Poly 2015-19 trend, % YoY, 12M average",None,line
"China, Household survey, Rural and urban, Aggregate, Expenditure, Volume, SA, % of GDP, 2017-19 trend, % YoY, 12M average","China, Household survey, Rural and urban, Aggregate, Expenditure, Volume, SA, % of GDP, 2017-19 trend, % YoY, 12M average",None,line
"China, Household survey, National, Aggregate, Expenditure, SA, % of GDP, 2017-19 trend, % YoY, 12M average","China, Household survey, National, Aggregate, Expenditure, SA, % of GDP, 2017-19 trend, % YoY, 12M average",p,line
"China, Household survey, National, Aggregate, Income, Disposable, SA, % of GDP, 2017-19 trend, % YoY, 12M average","China, Household survey, National, Aggregate, Income, Disposable, SA, % of GDP, 2017-19 trend, % YoY, 12M average",p,line
"China, Household survey, National, Aggregate, Expenditure, Volume, SA, % of GDP, 2017-19 trend, % YoY, 12M average","China, Household survey, National, Aggregate, Expenditure, Volume, SA, % of GDP, 2017-19 trend, % YoY, 12M average",None,line
"China, Household survey, National, Aggregate, Income, Disposable, Volume, SA, % of GDP, 2017-19 trend, % YoY, 12M average","China, Household survey, National, Aggregate, Income, Disposable, Volume, SA, % of GDP, 2017-19 trend, % YoY, 12M average",None,line
"China, Household survey, Rural and urban, Aggregate, Expenditure, Volume, SA, % of GDP, Poly 2017-19 trend, % YoY, 12M average","China, Household survey, Rural and urban, Aggregate, Expenditure, Volume, SA, % of GDP, Poly 2017-19 trend, % YoY, 12M average",None,line
"China, Household survey, National, Aggregate, Expenditure, SA, % of GDP, Poly 2017-19 trend, % YoY, 12M average","China, Household survey, National, Aggregate, Expenditure, SA, % of GDP, Poly 2017-19 trend, % YoY, 12M average",p,line
"China, Household survey, National, Aggregate, Income, Disposable, SA, % of GDP, Poly 2017-19 trend, % YoY, 12M average","China, Household survey, National, Aggregate, Income, Disposable, SA, % of GDP, Poly 2017-19 trend, % YoY, 12M average",p,line
"China, Household survey, National, Aggregate, Expenditure, Volume, SA, % of GDP, Poly 2017-19 trend, % YoY, 12M average","China, Household survey, National, Aggregate, Expenditure, Volume, SA, % of GDP, Poly 2017-19 trend, % YoY, 12M average",None,line
"China, Household survey, National, Aggregate, Income, Disposable, Volume, SA, % of GDP, Poly 2017-19 trend, % YoY, 12M average","China, Household survey, National, Aggregate, Income, Disposable, Volume, SA, % of GDP, Poly 2017-19 trend, % YoY, 12M average",None,line
"China, Household survey, Rural and urban, Aggregate, Expenditure, Volume, SA, % of GDP, % of 2013-19 trend, % YoY, 12M average","China, Household survey, Rural and urban, Aggregate, Expenditure, Volume, SA, % of GDP, % of 2013-19 trend, % YoY, 12M average",None,line
"China, Household survey, Rural and urban, Aggregate, Expenditure, Volume, SA, % of GDP, % of Poly 2013-19 trend, % YoY, 12M average","China, Household survey, Rural and urban, Aggregate, Expenditure, Volume, SA, % of GDP, % of Poly 2013-19 trend, % YoY, 12M average",None,line
"China, Household survey, Rural and urban, Aggregate, Expenditure, Volume, SA, % of GDP, % of 2015-19 trend, % YoY, 12M average","China, Household survey, Rural and urban, Aggregate, Expenditure, Volume, SA, % of GDP, % of 2015-19 trend, % YoY, 12M average",None,line
"China, Household survey, Rural and urban, Aggregate, Expenditure, Volume, SA, % of GDP, % of Poly 2015-19 trend, % YoY, 12M average","China, Household survey, Rural and urban, Aggregate, Expenditure, Volume, SA, % of GDP, % of Poly 2015-19 trend, % YoY, 12M average",None,line
"China, Household survey, Rural and urban, Aggregate, Expenditure, Volume, SA, % of GDP, % of 2017-19 trend, % YoY, 12M average","China, Household survey, Rural and urban, Aggregate, Expenditure, Volume, SA, % of GDP, % of 2017-19 trend, % YoY, 12M average",None,line
"China, Household survey, Rural and urban, Aggregate, Expenditure, Volume, SA, % of GDP, % of Poly 2017-19 trend, % YoY, 12M average","China, Household survey, Rural and urban, Aggregate, Expenditure, Volume, SA, % of GDP, % of Poly 2017-19 trend, % YoY, 12M average",None,line
"China, Household survey, National, Aggregate, Expenditure, SA, % of GDP, % of 2013-19 trend, % YoY, 12M average","China, Household survey, National, Aggregate, Expenditure, SA, % of GDP, % of 2013-19 trend, % YoY, 12M average",p,line
"China, Household survey, National, Aggregate, Expenditure, SA, % of GDP, % of Poly 2013-19 trend, % YoY, 12M average","China, Household survey, National, Aggregate, Expenditure, SA, % of GDP, % of Poly 2013-19 trend, % YoY, 12M average",p,line
"China, Household survey, National, Aggregate, Expenditure, SA, % of GDP, % of 2015-19 trend, % YoY, 12M average","China, Household survey, National, Aggregate, Expenditure, SA, % of GDP, % of 2015-19 trend, % YoY, 12M average",p,line
"China, Household survey, National, Aggregate, Expenditure, SA, % of GDP, % of Poly 2015-19 trend, % YoY, 12M average","China, Household survey, National, Aggregate, Expenditure, SA, % of GDP, % of Poly 2015-19 trend, % YoY, 12M average",p,line
"China, Household survey, National, Aggregate, Expenditure, SA, % of GDP, % of 2017-19 trend, % YoY, 12M average","China, Household survey, National, Aggregate, Expenditure, SA, % of GDP, % of 2017-19 trend, % YoY, 12M average",p,line
"China, Household survey, National, Aggregate, Expenditure, SA, % of GDP, % of Poly 2017-19 trend, % YoY, 12M average","China, Household survey, National, Aggregate, Expenditure, SA, % of GDP, % of Poly 2017-19 trend, % YoY, 12M average",p,line
"China, Household survey, National, Aggregate, Income, Disposable, SA, % of GDP, % of 2013-19 trend, % YoY, 12M average","China, Household survey, National, Aggregate, Income, Disposable, SA, % of GDP, % of 2013-19 trend, % YoY, 12M average",p,line
"China, Household survey, National, Aggregate, Income, Disposable, SA, % of GDP, % of Poly 2013-19 trend, % YoY, 12M average","China, Household survey, National, Aggregate, Income, Disposable, SA, % of GDP, % of Poly 2013-19 trend, % YoY, 12M average",p,line
"China, Household survey, National, Aggregate, Income, Disposable, SA, % of GDP, % of 2015-19 trend, % YoY, 12M average","China, Household survey, National, Aggregate, Income, Disposable, SA, % of GDP, % of 2015-19 trend, % YoY, 12M average",p,line
"China, Household survey, National, Aggregate, Income, Disposable, SA, % of GDP, % of Poly 2015-19 trend, % YoY, 12M average","China, Household survey, National, Aggregate, Income, Disposable, SA, % of GDP, % of Poly 2015-19 trend, % YoY, 12M average",p,line
"China, Household survey, National, Aggregate, Income, Disposable, SA, % of GDP, % of 2017-19 trend, % YoY, 12M average","China, Household survey, National, Aggregate, Income, Disposable, SA, % of GDP, % of 2017-19 trend, % YoY, 12M average",p,line
"China, Household survey, National, Aggregate, Income, Disposable, SA, % of GDP, % of Poly 2017-19 trend, % YoY, 12M average","China, Household survey, National, Aggregate, Income, Disposable, SA, % of GDP, % of Poly 2017-19 trend, % YoY, 12M average",p,line
"China, Household survey, National, Aggregate, Expenditure, Volume, SA, % of GDP, % of 2013-19 trend, % YoY, 12M average","China, Household survey, National, Aggregate, Expenditure, Volume, SA, % of GDP, % of 2013-19 trend, % YoY, 12M average",None,line
"China, Household survey, National, Aggregate, Expenditure, Volume, SA, % of GDP, % of Poly 2013-19 trend, % YoY, 12M average","China, Household survey, National, Aggregate, Expenditure, Volume, SA, % of GDP, % of Poly 2013-19 trend, % YoY, 12M average",None,line
"China, Household survey, National, Aggregate, Expenditure, Volume, SA, % of GDP, % of 2015-19 trend, % YoY, 12M average","China, Household survey, National, Aggregate, Expenditure, Volume, SA, % of GDP, % of 2015-19 trend, % YoY, 12M average",None,line
"China, Household survey, National, Aggregate, Expenditure, Volume, SA, % of GDP, % of Poly 2015-19 trend, % YoY, 12M average","China, Household survey, National, Aggregate, Expenditure, Volume, SA, % of GDP, % of Poly 2015-19 trend, % YoY, 12M average",None,line
"China, Household survey, National, Aggregate, Expenditure, Volume, SA, % of GDP, % of 2017-19 trend, % YoY, 12M average","China, Household survey, National, Aggregate, Expenditure, Volume, SA, % of GDP, % of 2017-19 trend, % YoY, 12M average",None,line
"China, Household survey, National, Aggregate, Expenditure, Volume, SA, % of GDP, % of Poly 2017-19 trend, % YoY, 12M average","China, Household survey, National, Aggregate, Expenditure, Volume, SA, % of GDP, % of Poly 2017-19 trend, % YoY, 12M average",None,line
"China, Household survey, National, Aggregate, Income, Disposable, Volume, SA, % of GDP, % of 2013-19 trend, % YoY, 12M average","China, Household survey, National, Aggregate, Income, Disposable, Volume, SA, % of GDP, % of 2013-19 trend, % YoY, 12M average",None,line
"China, Household survey, National, Aggregate, Income, Disposable, Volume, SA, % of GDP, % of Poly 2013-19 trend, % YoY, 12M average","China, Household survey, National, Aggregate, Income, Disposable, Volume, SA, % of GDP, % of Poly 2013-19 trend, % YoY, 12M average",None,line
"China, Household survey, National, Aggregate, Income, Disposable, Volume, SA, % of GDP, % of 2015-19 trend, % YoY, 12M average","China, Household survey, National, Aggregate, Income, Disposable, Volume, SA, % of GDP, % of 2015-19 trend, % YoY, 12M average",None,line
"China, Household survey, National, Aggregate, Income, Disposable, Volume, SA, % of GDP, % of Poly 2015-19 trend, % YoY, 12M average","China, Household survey, National, Aggregate, Income, Disposable, Volume, SA, % of GDP, % of Poly 2015-19 trend, % YoY, 12M average",None,line
"China, Household survey, National, Aggregate, Income, Disposable, Volume, SA, % of GDP, % of 2017-19 trend, % YoY, 12M average","China, Household survey, National, Aggregate, Income, Disposable, Volume, SA, % of GDP, % of 2017-19 trend, % YoY, 12M average",None,line
"China, Household survey, National, Aggregate, Income, Disposable, Volume, SA, % of GDP, % of Poly 2017-19 trend, % YoY, 12M average","China, Household survey, National, Aggregate, Income, Disposable, Volume, SA, % of GDP, % of Poly 2017-19 trend, % YoY, 12M average",None,line
"China, National, Per capita, Expenditure, Clothing and footwear, YTD, CNY, 12M average","China, National, Per capita, Expenditure, Clothing and footwear, YTD, CNY, 12M average",None,line
"China, National, Per capita, Expenditure, Education, culture and recreation, YTD, CNY, 12M average","China, National, Per capita, Expenditure, Education, culture and recreation, YTD, CNY, 12M average",None,line
"China, National, Per capita, Expenditure, Food and tobacco, YTD, CNY, 12M average","China, National, Per capita, Expenditure, Food and tobacco, YTD, CNY, 12M average",None,line
"China, National, Per capita, Expenditure, Household equipment, furnishings and services, YTD, CNY, 12M average","China, National, Per capita, Expenditure, Household equipment, furnishings and services, YTD, CNY, 12M average",None,line
"China, National, Per capita, Expenditure, Housing, YTD, CNY, 12M average","China, National, Per capita, Expenditure, Housing, YTD, CNY, 12M average",None,line
"China, National, Per capita, Expenditure, Medical, YTD, CNY, 12M average","China, National, Per capita, Expenditure, Medical, YTD, CNY, 12M average",None,line
"China, National, Per capita, Expenditure, Miscellaneous, YTD, CNY, 12M average","China, National, Per capita, Expenditure, Miscellaneous, YTD, CNY, 12M average",None,line
"China, National, Per capita, Expenditure, Transport and communication, YTD, CNY, 12M average","China, National, Per capita, Expenditure, Transport and communication, YTD, CNY, 12M average",None,line
"China, National, Per capita, Expenditure, YTD, CNY, 12M average","China, National, Per capita, Expenditure, YTD, CNY, 12M average",None,line
"China, National, Per capita, Income, Business, YTD, CNY, 12M average","China, National, Per capita, Income, Business, YTD, CNY, 12M average",None,line
"China, National, Per capita, Income, Disposable, Median, YTD, CNY, 12M average","China, National, Per capita, Income, Disposable, Median, YTD, CNY, 12M average",None,line
"China, National, Per capita, Income, Disposable, YTD, CNY, 12M average","China, National, Per capita, Income, Disposable, YTD, CNY, 12M average",None,line
"China, National, Per capita, Income, Property, YTD, CNY, 12M average","China, National, Per capita, Income, Property, YTD, CNY, 12M average",None,line
"China, National, Per capita, Income, Transfer, YTD, CNY, 12M average","China, National, Per capita, Income, Transfer, YTD, CNY, 12M average",None,line
"China, National, Per capita, Income, Wages, YTD, CNY, 12M average","China, National, Per capita, Income, Wages, YTD, CNY, 12M average",None,line
"China, Rural, Per capita, Expenditure, Clothing and footwear, YTD, CNY, 12M average","China, Rural, Per capita, Expenditure, Clothing and footwear, YTD, CNY, 12M average",None,line
"China, Rural, Per capita, Expenditure, Education, culture and recreation, YTD, CNY, 12M average","China, Rural, Per capita, Expenditure, Education, culture and recreation, YTD, CNY, 12M average",None,line
"China, Rural, Per capita, Expenditure, Food and tobacco, YTD, CNY, 12M average","China, Rural, Per capita, Expenditure, Food and tobacco, YTD, CNY, 12M average",None,line
"China, Rural, Per capita, Expenditure, Household equipment, furnishings and services, YTD, CNY, 12M average","China, Rural, Per capita, Expenditure, Household equipment, furnishings and services, YTD, CNY, 12M average",None,line
"China, Rural, Per capita, Expenditure, Housing, YTD, CNY, 12M average","China, Rural, Per capita, Expenditure, Housing, YTD, CNY, 12M average",None,line
"China, Rural, Per capita, Expenditure, Medical, YTD, CNY, 12M average","China, Rural, Per capita, Expenditure, Medical, YTD, CNY, 12M average",None,line
"China, Rural, Per capita, Expenditure, Miscellaneous, YTD, CNY, 12M average","China, Rural, Per capita, Expenditure, Miscellaneous, YTD, CNY, 12M average",None,line
"China, Rural, Per capita, Expenditure, Transport and communication, YTD, CNY, 12M average","China, Rural, Per capita, Expenditure, Transport and communication, YTD, CNY, 12M average",None,line
"China, Rural, Per capita, Expenditure, YTD, CNY, 12M average","China, Rural, Per capita, Expenditure, YTD, CNY, 12M average",None,line
"China, Rural, Per capita, Income, Business, YTD, CNY, 12M average","China, Rural, Per capita, Income, Business, YTD, CNY, 12M average",None,line
"China, Rural, Per capita, Income, Disposable, Median, YTD, CNY, 12M average","China, Rural, Per capita, Income, Disposable, Median, YTD, CNY, 12M average",None,line
"China, Rural, Per capita, Income, Disposable, YTD, CNY, 12M average","China, Rural, Per capita, Income, Disposable, YTD, CNY, 12M average",None,line
"China, Rural, Per capita, Income, Property, YTD, CNY, 12M average","China, Rural, Per capita, Income, Property, YTD, CNY, 12M average",None,line
"China, Rural, Per capita, Income, Transfer, YTD, CNY, 12M average","China, Rural, Per capita, Income, Transfer, YTD, CNY, 12M average",None,line
"China, Rural, Per capita, Income, Wages, YTD, CNY, 12M average","China, Rural, Per capita, Income, Wages, YTD, CNY, 12M average",None,line
"China, Urban, Per capita, Expenditure, Clothing and footwear, YTD, CNY, 12M average","China, Urban, Per capita, Expenditure, Clothing and footwear, YTD, CNY, 12M average",None,line
"China, Urban, Per capita, Expenditure, Education, culture and recreation, YTD, CNY, 12M average","China, Urban, Per capita, Expenditure, Education, culture and recreation, YTD, CNY, 12M average",None,line
"China, Urban, Per capita, Expenditure, Food and tobacco, YTD, CNY, 12M average","China, Urban, Per capita, Expenditure, Food and tobacco, YTD, CNY, 12M average",None,line
"China, Urban, Per capita, Expenditure, Household equipment, furnishings and services, YTD, CNY, 12M average","China, Urban, Per capita, Expenditure, Household equipment, furnishings and services, YTD, CNY, 12M average",None,line
"China, Urban, Per capita, Expenditure, Housing, YTD, CNY, 12M average","China, Urban, Per capita, Expenditure, Housing, YTD, CNY, 12M average",None,line
"China, Urban, Per capita, Expenditure, Medical, YTD, CNY, 12M average","China, Urban, Per capita, Expenditure, Medical, YTD, CNY, 12M average",None,line
"China, Urban, Per capita, Expenditure, Miscellaneous, YTD, CNY, 12M average","China, Urban, Per capita, Expenditure, Miscellaneous, YTD, CNY, 12M average",None,line
"China, Urban, Per capita, Expenditure, Transport and communication, YTD, CNY, 12M average","China, Urban, Per capita, Expenditure, Transport and communication, YTD, CNY, 12M average",None,line
"China, Urban, Per capita, Expenditure, YTD, CNY, 12M average","China, Urban, Per capita, Expenditure, YTD, CNY, 12M average",None,line
"China, Urban, Per capita, Income, Business, YTD, CNY, 12M average","China, Urban, Per capita, Income, Business, YTD, CNY, 12M average",None,line
"China, Urban, Per capita, Income, Disposable, Median, YTD, CNY, 12M average","China, Urban, Per capita, Income, Disposable, Median, YTD, CNY, 12M average",None,line
"China, Urban, Per capita, Income, Disposable, YTD, CNY, 12M average","China, Urban, Per capita, Income, Disposable, YTD, CNY, 12M average",None,line
"China, Urban, Per capita, Income, Property, YTD, CNY, 12M average","China, Urban, Per capita, Income, Property, YTD, CNY, 12M average",None,line
"China, Urban, Per capita, Income, Transfer, YTD, CNY, 12M average","China, Urban, Per capita, Income, Transfer, YTD, CNY, 12M average",None,line
"China, Urban, Per capita, Income, Wages, YTD, CNY, 12M average","China, Urban, Per capita, Income, Wages, YTD, CNY, 12M average",None,line
"China, NGDP, Activity, USD bn, 12M average","China, NGDP, Activity, USD bn, 12M average",None,line
"China, NGDP, Activity, SA, USD bn, 12M average","China, NGDP, Activity, SA, USD bn, 12M average",None,line
"China, NGDP, Activity, CNY bn, 12M sum, 12M average","China, NGDP, Activity, CNY bn, 12M sum, 12M average",None,line
"China, NGDP, Activity, USD bn, 12M sum, 12M average","China, NGDP, Activity, USD bn, 12M sum, 12M average",None,line
"China, NGDP, Activity, SA, % QoQ, 12M average","China, NGDP, Activity, SA, % QoQ, 12M average",None,line
"China, NGDP, Activity, index, 12M average","China, NGDP, Activity, index, 12M average",,line
"China, RGDP, Activity, index, 12M average","China, RGDP, Activity, index, 12M average",,line
"China, GDP, Activity, Deflator, 12M average","China, GDP, Activity, Deflator, 12M average",,line
"China, GDP, Activity, Deflator, % YoY, 12M average","China, GDP, Activity, Deflator, % YoY, 12M average",None,line
"China, GDP, Activity, Deflator, % YoY, approx, 12M average","China, GDP, Activity, Deflator, % YoY, approx, 12M average",None,line
"China, GDP, Activity, Deflator, SA, 12M average","China, GDP, Activity, Deflator, SA, 12M average",,line
"China, GDP, Activity, Deflator, SA, % YoY, 12M average","China, GDP, Activity, Deflator, SA, % YoY, 12M average",None,line
"China, GDP, Activity, NGDP and RGDP % YoY gap, ppts, 12M average","China, GDP, Activity, NGDP and RGDP % YoY gap, ppts, 12M average",None,line
"China, RGDP, Activity, CNY bn, YoY chg, 12M average","China, RGDP, Activity, CNY bn, YoY chg, 12M average",None,line
"China, RGDP, Expenditure, Domestic Demand, Final Consumption Expenditure, CNY bn, YoY chg, 12M average","China, RGDP, Expenditure, Domestic Demand, Final Consumption Expenditure, CNY bn, YoY chg, 12M average",None,line
"China, RGDP, Expenditure, Domestic Demand, Gross Capital Formation, CNY bn, YoY chg, 12M average","China, RGDP, Expenditure, Domestic Demand, Gross Capital Formation, CNY bn, YoY chg, 12M average",None,line
"China, RGDP, Expenditure, Net Exports of Goods and Services, CNY bn, YoY chg, 12M average","China, RGDP, Expenditure, Net Exports of Goods and Services, CNY bn, YoY chg, 12M average",None,line
"China, NGDP, Activity, SA, % of GDP, 12M average","China, NGDP, Activity, SA, % of GDP, 12M average",None,line
"China, NGDP, Activity, Secondary, Construction, SA, % of GDP, 12M average","China, NGDP, Activity, Secondary, Construction, SA, % of GDP, 12M average",None,line
"China, NGDP, Activity, Tertiary, Accommodation and food services, SA, % of GDP, 12M average","China, NGDP, Activity, Tertiary, Accommodation and food services, SA, % of GDP, 12M average",None,line
"China, NGDP, Activity, Tertiary, Wholesale and retail trade, SA, % of GDP, 12M average","China, NGDP, Activity, Tertiary, Wholesale and retail trade, SA, % of GDP, 12M average",None,line
"China, NGDP, Activity, Secondary, Industry, Manufacturing, SA, % of GDP, 12M average","China, NGDP, Activity, Secondary, Industry, Manufacturing, SA, % of GDP, 12M average",None,line
"China, NGDP, Activity, Tertiary, Real estate, SA, % of GDP, 12M average","China, NGDP, Activity, Tertiary, Real estate, SA, % of GDP, 12M average",None,line
"China, NGDP, Activity, Tertiary, SA, % of GDP, 12M average","China, NGDP, Activity, Tertiary, SA, % of GDP, 12M average",None,line
"China, NGDP, Activity, Secondary, SA, % of GDP, 12M average","China, NGDP, Activity, Secondary, SA, % of GDP, 12M average",None,line
"China, RGDP, Activity, index, HP filter trend, 12M average","China, RGDP, Activity, index, HP filter trend, 12M average",,line
"China, RGDP, Activity, output gap, ppts, 12M average","China, RGDP, Activity, output gap, ppts, 12M average",,line
"China, NGDP, Activity, HP filter trend, 12M average","China, NGDP, Activity, HP filter trend, 12M average",,line
"China, RGDP, Revisions, % QoQ, Mar-2017, 12M average","China, RGDP, Revisions, % QoQ, Mar-2017, 12M average",None,line
"China, RGDP, Revisions, % QoQ, Jun-2017, 12M average","China, RGDP, Revisions, % QoQ, Jun-2017, 12M average",None,line
"China, RGDP, Revisions, % QoQ, Sep-2017, 12M average","China, RGDP, Revisions, % QoQ, Sep-2017, 12M average",None,line
"China, RGDP, Revisions, % QoQ, Dec-2017, 12M average","China, RGDP, Revisions, % QoQ, Dec-2017, 12M average",None,line
"China, RGDP, Revisions, % QoQ, Mar-2018, 12M average","China, RGDP, Revisions, % QoQ, Mar-2018, 12M average",None,line
"China, RGDP, Revisions, % QoQ, Jun-2018, 12M average","China, RGDP, Revisions, % QoQ, Jun-2018, 12M average",None,line
"China, RGDP, Revisions, % QoQ, Sep-2018, 12M average","China, RGDP, Revisions, % QoQ, Sep-2018, 12M average",None,line
"China, RGDP, Revisions, % QoQ, Dec-2018, 12M average","China, RGDP, Revisions, % QoQ, Dec-2018, 12M average",None,line
"China, RGDP, Revisions, % QoQ, Mar-2019, 12M average","China, RGDP, Revisions, % QoQ, Mar-2019, 12M average",None,line
"China, RGDP, Revisions, % QoQ, Jun-2019, 12M average","China, RGDP, Revisions, % QoQ, Jun-2019, 12M average",None,line
"China, RGDP, Revisions, % QoQ, Sep-2019, 12M average","China, RGDP, Revisions, % QoQ, Sep-2019, 12M average",None,line
"China, RGDP, Revisions, % QoQ, Dec-2019, 12M average","China, RGDP, Revisions, % QoQ, Dec-2019, 12M average",None,line
"China, RGDP, Revisions, % QoQ, Mar-2020, 12M average","China, RGDP, Revisions, % QoQ, Mar-2020, 12M average",None,line
"China, RGDP, Revisions, % QoQ, Jun-2020, 12M average","China, RGDP, Revisions, % QoQ, Jun-2020, 12M average",None,line
"China, RGDP, Revisions, % QoQ, Sep-2020, 12M average","China, RGDP, Revisions, % QoQ, Sep-2020, 12M average",None,line
"China, RGDP, Revisions, % QoQ, Dec-2020, 12M average","China, RGDP, Revisions, % QoQ, Dec-2020, 12M average",None,line
"China, RGDP, Revisions, % QoQ, Mar-2021, 12M average","China, RGDP, Revisions, % QoQ, Mar-2021, 12M average",None,line
"China, RGDP, Revisions, % QoQ, Jun-2021, 12M average","China, RGDP, Revisions, % QoQ, Jun-2021, 12M average",None,line
"China, RGDP, Revisions, % QoQ, Sep-2021, 12M average","China, RGDP, Revisions, % QoQ, Sep-2021, 12M average",None,line
"China, RGDP, Revisions, % QoQ, Dec-2021, 12M average","China, RGDP, Revisions, % QoQ, Dec-2021, 12M average",None,line
"China, RGDP, Revisions, % QoQ, Mar-2022, 12M average","China, RGDP, Revisions, % QoQ, Mar-2022, 12M average",None,line
"China, RGDP, Revisions, % QoQ, Jun-2022, 12M average","China, RGDP, Revisions, % QoQ, Jun-2022, 12M average",None,line
"China, RGDP, Revisions, % QoQ, Sep-2022, 12M average","China, RGDP, Revisions, % QoQ, Sep-2022, 12M average",None,line
"China, RGDP, Revisions, % QoQ, Dec-2022, 12M average","China, RGDP, Revisions, % QoQ, Dec-2022, 12M average",None,line
"China, RGDP, Revisions, % QoQ, Mar-2023, 12M average","China, RGDP, Revisions, % QoQ, Mar-2023, 12M average",None,line
"China, RGDP, Revisions, % QoQ, Jun-2023, 12M average","China, RGDP, Revisions, % QoQ, Jun-2023, 12M average",None,line
"China, RGDP, Revisions, % QoQ, Sep-2023, 12M average","China, RGDP, Revisions, % QoQ, Sep-2023, 12M average",None,line
"China, RGDP, Revisions, % QoQ, Dec-2023, 12M average","China, RGDP, Revisions, % QoQ, Dec-2023, 12M average",None,line
"China, RGDP, Revisions, % QoQ, Mar-2024, 12M average","China, RGDP, Revisions, % QoQ, Mar-2024, 12M average",None,line
"China, RGDP, Revisions, % QoQ, Jun-2024, 12M average","China, RGDP, Revisions, % QoQ, Jun-2024, 12M average",None,line
"China, RGDP, Revisions, % QoQ, Sep-2024, 12M average","China, RGDP, Revisions, % QoQ, Sep-2024, 12M average",None,line
"China, RGDP, Revisions, % QoQ, Dec-2024, 12M average","China, RGDP, Revisions, % QoQ, Dec-2024, 12M average",None,line
"China, RGDP, Revisions, % QoQ, Mar-2025, 12M average","China, RGDP, Revisions, % QoQ, Mar-2025, 12M average",None,line
"China, RGDP, Revisions, % QoQ, Jun-2025, 12M average","China, RGDP, Revisions, % QoQ, Jun-2025, 12M average",None,line
"China, RGDP, Revisions, % QoQ, Sep-2025, 12M average","China, RGDP, Revisions, % QoQ, Sep-2025, 12M average",None,line
"China, RGDP, Revisions, % QoQ, Dec-2025, 12M average","China, RGDP, Revisions, % QoQ, Dec-2025, 12M average",None,line
"China, RGDP, Revisions, % QoQ, Mar-2026, 12M average","China, RGDP, Revisions, % QoQ, Mar-2026, 12M average",None,line
"China, RGDP, Revisions, % QoQ, Jun-2026, 12M average","China, RGDP, Revisions, % QoQ, Jun-2026, 12M average",None,line
"China, RGDP, Revisions, Index, Mar-2017, 12M average","China, RGDP, Revisions, Index, Mar-2017, 12M average",None,line
"China, RGDP, Revisions, Index, Jun-2017, 12M average","China, RGDP, Revisions, Index, Jun-2017, 12M average",None,line
"China, RGDP, Revisions, Index, Sep-2017, 12M average","China, RGDP, Revisions, Index, Sep-2017, 12M average",None,line
"China, RGDP, Revisions, Index, Dec-2017, 12M average","China, RGDP, Revisions, Index, Dec-2017, 12M average",None,line
"China, RGDP, Revisions, Index, Mar-2018, 12M average","China, RGDP, Revisions, Index, Mar-2018, 12M average",None,line
"China, RGDP, Revisions, Index, Jun-2018, 12M average","China, RGDP, Revisions, Index, Jun-2018, 12M average",None,line
"China, RGDP, Revisions, Index, Sep-2018, 12M average","China, RGDP, Revisions, Index, Sep-2018, 12M average",None,line
"China, RGDP, Revisions, Index, Dec-2018, 12M average","China, RGDP, Revisions, Index, Dec-2018, 12M average",None,line
"China, RGDP, Revisions, Index, Mar-2019, 12M average","China, RGDP, Revisions, Index, Mar-2019, 12M average",None,line
"China, RGDP, Revisions, Index, Jun-2019, 12M average","China, RGDP, Revisions, Index, Jun-2019, 12M average",None,line
"China, RGDP, Revisions, Index, Sep-2019, 12M average","China, RGDP, Revisions, Index, Sep-2019, 12M average",None,line
"China, RGDP, Revisions, Index, Dec-2019, 12M average","China, RGDP, Revisions, Index, Dec-2019, 12M average",None,line
"China, RGDP, Revisions, Index, Mar-2020, 12M average","China, RGDP, Revisions, Index, Mar-2020, 12M average",None,line
"China, RGDP, Revisions, Index, Jun-2020, 12M average","China, RGDP, Revisions, Index, Jun-2020, 12M average",None,line
"China, RGDP, Revisions, Index, Sep-2020, 12M average","China, RGDP, Revisions, Index, Sep-2020, 12M average",None,line
"China, RGDP, Revisions, Index, Dec-2020, 12M average","China, RGDP, Revisions, Index, Dec-2020, 12M average",None,line
"China, RGDP, Revisions, Index, Mar-2021, 12M average","China, RGDP, Revisions, Index, Mar-2021, 12M average",None,line
"China, RGDP, Revisions, Index, Jun-2021, 12M average","China, RGDP, Revisions, Index, Jun-2021, 12M average",None,line
"China, RGDP, Revisions, Index, Sep-2021, 12M average","China, RGDP, Revisions, Index, Sep-2021, 12M average",None,line
"China, RGDP, Revisions, Index, Dec-2021, 12M average","China, RGDP, Revisions, Index, Dec-2021, 12M average",None,line
"China, RGDP, Revisions, Index, Mar-2022, 12M average","China, RGDP, Revisions, Index, Mar-2022, 12M average",None,line
"China, RGDP, Revisions, Index, Jun-2022, 12M average","China, RGDP, Revisions, Index, Jun-2022, 12M average",None,line
"China, RGDP, Revisions, Index, Sep-2022, 12M average","China, RGDP, Revisions, Index, Sep-2022, 12M average",None,line
"China, RGDP, Revisions, Index, Dec-2022, 12M average","China, RGDP, Revisions, Index, Dec-2022, 12M average",,line
"China, RGDP, Revisions, Index, Mar-2023, 12M average","China, RGDP, Revisions, Index, Mar-2023, 12M average",,line
"China, RGDP, Revisions, Index, Jun-2023, 12M average","China, RGDP, Revisions, Index, Jun-2023, 12M average",,line
"China, RGDP, Revisions, Index, Sep-2023, 12M average","China, RGDP, Revisions, Index, Sep-2023, 12M average",,line
"China, RGDP, Revisions, Index, Dec-2023, 12M average","China, RGDP, Revisions, Index, Dec-2023, 12M average",,line
"China, RGDP, Revisions, Index, Mar-2024, 12M average","China, RGDP, Revisions, Index, Mar-2024, 12M average",,line
"China, RGDP, Revisions, Index, Jun-2024, 12M average","China, RGDP, Revisions, Index, Jun-2024, 12M average",,line
"China, RGDP, Revisions, Index, Sep-2024, 12M average","China, RGDP, Revisions, Index, Sep-2024, 12M average",,line
"China, RGDP, Revisions, Index, Dec-2024, 12M average","China, RGDP, Revisions, Index, Dec-2024, 12M average",None,line
"China, RGDP, Revisions, Index, Mar-2025, 12M average","China, RGDP, Revisions, Index, Mar-2025, 12M average",None,line
"China, RGDP, Revisions, Index, Jun-2025, 12M average","China, RGDP, Revisions, Index, Jun-2025, 12M average",None,line
"China, RGDP, Revisions, Index, Sep-2025, 12M average","China, RGDP, Revisions, Index, Sep-2025, 12M average",None,line
"China, RGDP, Revisions, Index, Dec-2025, 12M average","China, RGDP, Revisions, Index, Dec-2025, 12M average",None,line
"China, RGDP, Revisions, Index, Mar-2026, 12M average","China, RGDP, Revisions, Index, Mar-2026, 12M average",None,line
"China, RGDP, Revisions, Index, Jun-2026, 12M average","China, RGDP, Revisions, Index, Jun-2026, 12M average",None,line
"China, NGDP, Activity, Primary, Agriculture, CNY tn, 12M average","China, NGDP, Activity, Primary, Agriculture, CNY tn, 12M average",None,line
"China, NGDP, Activity, Primary, Agriculture, CNY tn, YTD, 12M average","China, NGDP, Activity, Primary, Agriculture, CNY tn, YTD, 12M average",None,line
"China, NGDP, Activity, CNY tn, 12M average","China, NGDP, Activity, CNY tn, 12M average",None,line
"China, NGDP, Activity, CNY tn, YTD, 12M average","China, NGDP, Activity, CNY tn, YTD, 12M average",None,line
"China, NGDP, Activity, Secondary, Construction, CNY tn, 12M average","China, NGDP, Activity, Secondary, Construction, CNY tn, 12M average",None,line
"China, NGDP, Activity, Secondary, Construction, CNY tn, YTD, 12M average","China, NGDP, Activity, Secondary, Construction, CNY tn, YTD, 12M average",None,line
"China, NGDP, Activity, Secondary, Industry, CNY tn, 12M average","China, NGDP, Activity, Secondary, Industry, CNY tn, 12M average",None,line
"China, NGDP, Activity, Secondary, Industry, CNY tn, YTD, 12M average","China, NGDP, Activity, Secondary, Industry, CNY tn, YTD, 12M average",None,line
"China, NGDP, Activity, Secondary, Industry, Manufacturing, CNY tn, 12M average","China, NGDP, Activity, Secondary, Industry, Manufacturing, CNY tn, 12M average",None,line
"China, NGDP, Activity, Secondary, Industry, Manufacturing, CNY tn, YTD, 12M average","China, NGDP, Activity, Secondary, Industry, Manufacturing, CNY tn, YTD, 12M average",None,line
"China, NGDP, Activity, Other, CNY tn, 12M average","China, NGDP, Activity, Other, CNY tn, 12M average",None,line
"China, NGDP, Activity, Other, CNY tn, YTD, 12M average","China, NGDP, Activity, Other, CNY tn, YTD, 12M average",None,line
"China, NGDP, Activity, Primary, CNY tn, 12M average","China, NGDP, Activity, Primary, CNY tn, 12M average",None,line
"China, NGDP, Activity, Primary, CNY tn, YTD, 12M average","China, NGDP, Activity, Primary, CNY tn, YTD, 12M average",None,line
"China, NGDP, Activity, Primary, Primary, Agriculture, CNY tn, 12M average","China, NGDP, Activity, Primary, Primary, Agriculture, CNY tn, 12M average",None,line
"China, NGDP, Activity, Primary, Primary, Agriculture, CNY tn, YTD, 12M average","China, NGDP, Activity, Primary, Primary, Agriculture, CNY tn, YTD, 12M average",None,line
"China, NGDP, Activity, Secondary, CNY tn, 12M average","China, NGDP, Activity, Secondary, CNY tn, 12M average",None,line
"China, NGDP, Activity, Secondary, CNY tn, YTD, 12M average","China, NGDP, Activity, Secondary, CNY tn, YTD, 12M average",None,line
"China, NGDP, Activity, Storage and Post, CNY tn, 12M average","China, NGDP, Activity, Storage and Post, CNY tn, 12M average",None,line
"China, NGDP, Activity, Storage and Post, CNY tn, YTD, 12M average","China, NGDP, Activity, Storage and Post, CNY tn, YTD, 12M average",None,line
"China, NGDP, Activity, Tertiary, CNY tn, 12M average","China, NGDP, Activity, Tertiary, CNY tn, 12M average",None,line
"China, NGDP, Activity, Tertiary, CNY tn, YTD, 12M average","China, NGDP, Activity, Tertiary, CNY tn, YTD, 12M average",None,line
"China, RGDP, Activity, CNY tn, 12M average","China, RGDP, Activity, CNY tn, 12M average",None,line
"China, RGDP, Activity, CNY tn, YTD, 12M average","China, RGDP, Activity, CNY tn, YTD, 12M average",None,line
"China, RGDP, Activity, Primary, CNY tn, 12M average","China, RGDP, Activity, Primary, CNY tn, 12M average",None,line
"China, RGDP, Activity, Primary, CNY tn, YTD, 12M average","China, RGDP, Activity, Primary, CNY tn, YTD, 12M average",None,line
"China, RGDP, Activity, Secondary, CNY tn, 12M average","China, RGDP, Activity, Secondary, CNY tn, 12M average",None,line
"China, RGDP, Activity, Secondary, CNY tn, YTD, 12M average","China, RGDP, Activity, Secondary, CNY tn, YTD, 12M average",None,line
"China, RGDP, Activity, Tertiary, CNY tn, 12M average","China, RGDP, Activity, Tertiary, CNY tn, 12M average",None,line
"China, RGDP, Activity, Tertiary, CNY tn, YTD, 12M average","China, RGDP, Activity, Tertiary, CNY tn, YTD, 12M average",None,line
"China, NGDP, Activity, Tertiary, Finance and insurance, CNY tn, 12M average","China, NGDP, Activity, Tertiary, Finance and insurance, CNY tn, 12M average",None,line
"China, NGDP, Activity, Tertiary, Finance and insurance, CNY tn, YTD, 12M average","China, NGDP, Activity, Tertiary, Finance and insurance, CNY tn, YTD, 12M average",None,line
"China, NGDP, Activity, Tertiary, Accommodation and food services, CNY tn, 12M average","China, NGDP, Activity, Tertiary, Accommodation and food services, CNY tn, 12M average",None,line
"China, NGDP, Activity, Tertiary, Accommodation and food services, CNY tn, YTD, 12M average","China, NGDP, Activity, Tertiary, Accommodation and food services, CNY tn, YTD, 12M average",None,line
"China, NGDP, Activity, Tertiary, Information and communication, CNY tn, 12M average","China, NGDP, Activity, Tertiary, Information and communication, CNY tn, 12M average",None,line
"China, NGDP, Activity, Tertiary, Information and communication, CNY tn, YTD, 12M average","China, NGDP, Activity, Tertiary, Information and communication, CNY tn, YTD, 12M average",None,line
"China, NGDP, Activity, Tertiary, Leasing and Business Services, CNY tn, 12M average","China, NGDP, Activity, Tertiary, Leasing and Business Services, CNY tn, 12M average",None,line
"China, NGDP, Activity, Tertiary, Leasing and Business Services, CNY tn, YTD, 12M average","China, NGDP, Activity, Tertiary, Leasing and Business Services, CNY tn, YTD, 12M average",None,line
"China, NGDP, Activity, Tertiary, Others, CNY tn, 12M average","China, NGDP, Activity, Tertiary, Others, CNY tn, 12M average",None,line
"China, NGDP, Activity, Tertiary, Others, CNY tn, YTD, 12M average","China, NGDP, Activity, Tertiary, Others, CNY tn, YTD, 12M average",None,line
"China, NGDP, Activity, Tertiary, Real estate, CNY tn, 12M average","China, NGDP, Activity, Tertiary, Real estate, CNY tn, 12M average",None,line
"China, NGDP, Activity, Tertiary, Real estate, CNY tn, YTD, 12M average","China, NGDP, Activity, Tertiary, Real estate, CNY tn, YTD, 12M average",None,line
"China, NGDP, Activity, Tertiary, Transportation and storage, CNY tn, 12M average","China, NGDP, Activity, Tertiary, Transportation and storage, CNY tn, 12M average",None,line
"China, NGDP, Activity, Tertiary, Transportation and storage, CNY tn, YTD, 12M average","China, NGDP, Activity, Tertiary, Transportation and storage, CNY tn, YTD, 12M average",None,line
"China, NGDP, Activity, Tertiary, Wholesale and retail trade, CNY tn, 12M average","China, NGDP, Activity, Tertiary, Wholesale and retail trade, CNY tn, 12M average",None,line
"China, NGDP, Activity, Tertiary, Wholesale and retail trade, CNY tn, YTD, 12M average","China, NGDP, Activity, Tertiary, Wholesale and retail trade, CNY tn, YTD, 12M average",None,line
"China, NGDP, Activity, SA, CNY tn, 12M average","China, NGDP, Activity, SA, CNY tn, 12M average",None,line
"China, NGDP, Activity, Secondary, Construction, SA, CNY tn, 12M average","China, NGDP, Activity, Secondary, Construction, SA, CNY tn, 12M average",None,line
"China, NGDP, Activity, Tertiary, Accommodation and food services, SA, CNY tn, 12M average","China, NGDP, Activity, Tertiary, Accommodation and food services, SA, CNY tn, 12M average",None,line
"China, NGDP, Activity, Tertiary, Wholesale and retail trade, SA, CNY tn, 12M average","China, NGDP, Activity, Tertiary, Wholesale and retail trade, SA, CNY tn, 12M average",None,line
"China, NGDP, Activity, Secondary, Industry, Manufacturing, SA, CNY tn, 12M average","China, NGDP, Activity, Secondary, Industry, Manufacturing, SA, CNY tn, 12M average",None,line
"China, NGDP, Activity, Tertiary, Real estate, SA, CNY tn, 12M average","China, NGDP, Activity, Tertiary, Real estate, SA, CNY tn, 12M average",None,line
"China, NGDP, Activity, Tertiary, SA, CNY tn, 12M average","China, NGDP, Activity, Tertiary, SA, CNY tn, 12M average",None,line
"China, NGDP, Activity, Secondary, SA, CNY tn, 12M average","China, NGDP, Activity, Secondary, SA, CNY tn, 12M average",None,line
"China, RGDP, Activity, SA, CNY tn, 12M average","China, RGDP, Activity, SA, CNY tn, 12M average",None,line
"China, RGDP, Activity, Tertiary, SA, CNY tn, 12M average","China, RGDP, Activity, Tertiary, SA, CNY tn, 12M average",None,line
"China, RGDP, Activity, Primary, SA, CNY tn, 12M average","China, RGDP, Activity, Primary, SA, CNY tn, 12M average",None,line
"China, RGDP, Activity, Secondary, SA, CNY tn, 12M average","China, RGDP, Activity, Secondary, SA, CNY tn, 12M average",None,line
"China, Household survey, National, Aggregate, Income, Disposable, CNY tn, 12M average","China, Household survey, National, Aggregate, Income, Disposable, CNY tn, 12M average",None,line
"China, Household survey, National, Aggregate, Income, Disposable, SA, CNY tn, 12M average","China, Household survey, National, Aggregate, Income, Disposable, SA, CNY tn, 12M average",None,line
"China, Household survey, Rural and urban, Aggregate, Income, Disposable, CNY tn, 12M average","China, Household survey, Rural and urban, Aggregate, Income, Disposable, CNY tn, 12M average",None,line
"China, Household survey, Rural and urban, Aggregate, Income, Disposable, SA, CNY tn, 12M average","China, Household survey, Rural and urban, Aggregate, Income, Disposable, SA, CNY tn, 12M average",None,line
"China, Household survey, National, Aggregate, Expenditure, Medical, CNY tn, 12M average","China, Household survey, National, Aggregate, Expenditure, Medical, CNY tn, 12M average",None,line
"China, Household survey, National, Aggregate, Expenditure, Education, culture and recreation, CNY tn, 12M average","China, Household survey, National, Aggregate, Expenditure, Education, culture and recreation, CNY tn, 12M average",None,line
"China, Household survey, National, Aggregate, Expenditure, Transport and communication, CNY tn, 12M average","China, Household survey, National, Aggregate, Expenditure, Transport and communication, CNY tn, 12M average",None,line
"China, Household survey, National, Aggregate, Expenditure, Clothing and footwear, CNY tn, 12M average","China, Household survey, National, Aggregate, Expenditure, Clothing and footwear, CNY tn, 12M average",None,line
"China, Household survey, National, Aggregate, Expenditure, Food and tobacco, CNY tn, 12M average","China, Household survey, National, Aggregate, Expenditure, Food and tobacco, CNY tn, 12M average",None,line
"China, Household survey, National, Aggregate, Expenditure, Household equipment, furnishings and services, CNY tn, 12M average","China, Household survey, National, Aggregate, Expenditure, Household equipment, furnishings and services, CNY tn, 12M average",None,line
"China, Household survey, National, Aggregate, Expenditure, Miscellaneous, CNY tn, 12M average","China, Household survey, National, Aggregate, Expenditure, Miscellaneous, CNY tn, 12M average",None,line
"China, Household survey, National, Aggregate, Expenditure, Housing, CNY tn, 12M average","China, Household survey, National, Aggregate, Expenditure, Housing, CNY tn, 12M average",None,line
"China, Household survey, National, Aggregate, Expenditure, CNY tn, 12M average","China, Household survey, National, Aggregate, Expenditure, CNY tn, 12M average",None,line
"China, Household survey, National, Aggregate, Expenditure, SA, CNY tn, 12M average","China, Household survey, National, Aggregate, Expenditure, SA, CNY tn, 12M average",None,line
"China, Household survey, Rural and urban, Aggregate, Expenditure, CNY tn, 12M average","China, Household survey, Rural and urban, Aggregate, Expenditure, CNY tn, 12M average",None,line
"China, Household survey, Rural and urban, Aggregate, Expenditure, SA, CNY tn, 12M average","China, Household survey, Rural and urban, Aggregate, Expenditure, SA, CNY tn, 12M average",None,line
"China, Household survey, National, Aggregate, Income, Disposable, Volume, CNY tn, 12M average","China, Household survey, National, Aggregate, Income, Disposable, Volume, CNY tn, 12M average",None,line
"China, Household survey, Rural and urban, Aggregate, Income, Disposable, Volume, CNY tn, 12M average","China, Household survey, Rural and urban, Aggregate, Income, Disposable, Volume, CNY tn, 12M average",None,line
"China, Household survey, National, Aggregate, Expenditure, Medical, Volume, CNY tn, 12M average","China, Household survey, National, Aggregate, Expenditure, Medical, Volume, CNY tn, 12M average",None,line
"China, Household survey, National, Aggregate, Expenditure, Education, culture and recreation, Volume, CNY tn, 12M average","China, Household survey, National, Aggregate, Expenditure, Education, culture and recreation, Volume, CNY tn, 12M average",None,line
"China, Household survey, National, Aggregate, Expenditure, Transport and communication, Volume, CNY tn, 12M average","China, Household survey, National, Aggregate, Expenditure, Transport and communication, Volume, CNY tn, 12M average",None,line
"China, Household survey, National, Aggregate, Expenditure, Clothing and footwear, Volume, CNY tn, 12M average","China, Household survey, National, Aggregate, Expenditure, Clothing and footwear, Volume, CNY tn, 12M average",None,line
"China, Household survey, National, Aggregate, Expenditure, Food and tobacco, Volume, CNY tn, 12M average","China, Household survey, National, Aggregate, Expenditure, Food and tobacco, Volume, CNY tn, 12M average",None,line
"China, Household survey, National, Aggregate, Expenditure, Household equipment, furnishings and services, Volume, CNY tn, 12M average","China, Household survey, National, Aggregate, Expenditure, Household equipment, furnishings and services, Volume, CNY tn, 12M average",None,line
"China, Household survey, National, Aggregate, Expenditure, Miscellaneous, Volume, CNY tn, 12M average","China, Household survey, National, Aggregate, Expenditure, Miscellaneous, Volume, CNY tn, 12M average",None,line
"China, Household survey, National, Aggregate, Expenditure, Housing, Volume, CNY tn, 12M average","China, Household survey, National, Aggregate, Expenditure, Housing, Volume, CNY tn, 12M average",None,line
"China, Household survey, National, Aggregate, Expenditure, Volume, CNY tn, 12M average","China, Household survey, National, Aggregate, Expenditure, Volume, CNY tn, 12M average",None,line
"China, Household survey, Rural and urban, Aggregate, Expenditure, Volume, CNY tn, 12M average","China, Household survey, Rural and urban, Aggregate, Expenditure, Volume, CNY tn, 12M average",None,line
"China, Household survey, National, Aggregate, Income, Disposable, Volume, SA, CNY tn, 12M average","China, Household survey, National, Aggregate, Income, Disposable, Volume, SA, CNY tn, 12M average",None,line
"China, Household survey, National, Aggregate, Expenditure, Volume, SA, CNY tn, 12M average","China, Household survey, National, Aggregate, Expenditure, Volume, SA, CNY tn, 12M average",None,line
"China, Household survey, Rural and urban, Aggregate, Expenditure, Volume, SA, CNY tn, 12M average","China, Household survey, Rural and urban, Aggregate, Expenditure, Volume, SA, CNY tn, 12M average",None,line
"China, Household survey, Rural and urban, Aggregate, Expenditure, Volume, SA, CNY tn, 2013-19 trend, 12M average","China, Household survey, Rural and urban, Aggregate, Expenditure, Volume, SA, CNY tn, 2013-19 trend, 12M average",None,line
"China, Household survey, National, Aggregate, Expenditure, SA, CNY tn, 2013-19 trend, 12M average","China, Household survey, National, Aggregate, Expenditure, SA, CNY tn, 2013-19 trend, 12M average",None,line
"China, Household survey, National, Aggregate, Income, Disposable, SA, CNY tn, 2013-19 trend, 12M average","China, Household survey, National, Aggregate, Income, Disposable, SA, CNY tn, 2013-19 trend, 12M average",None,line
"China, Household survey, National, Aggregate, Expenditure, Volume, SA, CNY tn, 2013-19 trend, 12M average","China, Household survey, National, Aggregate, Expenditure, Volume, SA, CNY tn, 2013-19 trend, 12M average",None,line
"China, Household survey, National, Aggregate, Income, Disposable, Volume, SA, CNY tn, 2013-19 trend, 12M average","China, Household survey, National, Aggregate, Income, Disposable, Volume, SA, CNY tn, 2013-19 trend, 12M average",None,line
"China, Household survey, Rural and urban, Aggregate, Expenditure, Volume, SA, CNY tn, Poly 2013-19 trend, 12M average","China, Household survey, Rural and urban, Aggregate, Expenditure, Volume, SA, CNY tn, Poly 2013-19 trend, 12M average",None,line
"China, Household survey, National, Aggregate, Expenditure, SA, CNY tn, Poly 2013-19 trend, 12M average","China, Household survey, National, Aggregate, Expenditure, SA, CNY tn, Poly 2013-19 trend, 12M average",None,line
"China, Household survey, National, Aggregate, Income, Disposable, SA, CNY tn, Poly 2013-19 trend, 12M average","China, Household survey, National, Aggregate, Income, Disposable, SA, CNY tn, Poly 2013-19 trend, 12M average",None,line
"China, Household survey, National, Aggregate, Expenditure, Volume, SA, CNY tn, Poly 2013-19 trend, 12M average","China, Household survey, National, Aggregate, Expenditure, Volume, SA, CNY tn, Poly 2013-19 trend, 12M average",None,line
"China, Household survey, National, Aggregate, Income, Disposable, Volume, SA, CNY tn, Poly 2013-19 trend, 12M average","China, Household survey, National, Aggregate, Income, Disposable, Volume, SA, CNY tn, Poly 2013-19 trend, 12M average",None,line
"China, Household survey, Rural and urban, Aggregate, Expenditure, Volume, SA, CNY tn, 2015-19 trend, 12M average","China, Household survey, Rural and urban, Aggregate, Expenditure, Volume, SA, CNY tn, 2015-19 trend, 12M average",None,line
"China, Household survey, National, Aggregate, Expenditure, SA, CNY tn, 2015-19 trend, 12M average","China, Household survey, National, Aggregate, Expenditure, SA, CNY tn, 2015-19 trend, 12M average",None,line
"China, Household survey, National, Aggregate, Income, Disposable, SA, CNY tn, 2015-19 trend, 12M average","China, Household survey, National, Aggregate, Income, Disposable, SA, CNY tn, 2015-19 trend, 12M average",None,line
"China, Household survey, National, Aggregate, Expenditure, Volume, SA, CNY tn, 2015-19 trend, 12M average","China, Household survey, National, Aggregate, Expenditure, Volume, SA, CNY tn, 2015-19 trend, 12M average",None,line
"China, Household survey, National, Aggregate, Income, Disposable, Volume, SA, CNY tn, 2015-19 trend, 12M average","China, Household survey, National, Aggregate, Income, Disposable, Volume, SA, CNY tn, 2015-19 trend, 12M average",None,line
"China, Household survey, Rural and urban, Aggregate, Expenditure, Volume, SA, CNY tn, Poly 2015-19 trend, 12M average","China, Household survey, Rural and urban, Aggregate, Expenditure, Volume, SA, CNY tn, Poly 2015-19 trend, 12M average",None,line
"China, Household survey, National, Aggregate, Expenditure, SA, CNY tn, Poly 2015-19 trend, 12M average","China, Household survey, National, Aggregate, Expenditure, SA, CNY tn, Poly 2015-19 trend, 12M average",None,line
"China, Household survey, National, Aggregate, Income, Disposable, SA, CNY tn, Poly 2015-19 trend, 12M average","China, Household survey, National, Aggregate, Income, Disposable, SA, CNY tn, Poly 2015-19 trend, 12M average",None,line
"China, Household survey, National, Aggregate, Expenditure, Volume, SA, CNY tn, Poly 2015-19 trend, 12M average","China, Household survey, National, Aggregate, Expenditure, Volume, SA, CNY tn, Poly 2015-19 trend, 12M average",None,line
"China, Household survey, National, Aggregate, Income, Disposable, Volume, SA, CNY tn, Poly 2015-19 trend, 12M average","China, Household survey, National, Aggregate, Income, Disposable, Volume, SA, CNY tn, Poly 2015-19 trend, 12M average",None,line
"China, Household survey, Rural and urban, Aggregate, Expenditure, Volume, SA, CNY tn, 2017-19 trend, 12M average","China, Household survey, Rural and urban, Aggregate, Expenditure, Volume, SA, CNY tn, 2017-19 trend, 12M average",None,line
"China, Household survey, National, Aggregate, Expenditure, SA, CNY tn, 2017-19 trend, 12M average","China, Household survey, National, Aggregate, Expenditure, SA, CNY tn, 2017-19 trend, 12M average",None,line
"China, Household survey, National, Aggregate, Income, Disposable, SA, CNY tn, 2017-19 trend, 12M average","China, Household survey, National, Aggregate, Income, Disposable, SA, CNY tn, 2017-19 trend, 12M average",None,line
"China, Household survey, National, Aggregate, Expenditure, Volume, SA, CNY tn, 2017-19 trend, 12M average","China, Household survey, National, Aggregate, Expenditure, Volume, SA, CNY tn, 2017-19 trend, 12M average",None,line
"China, Household survey, National, Aggregate, Income, Disposable, Volume, SA, CNY tn, 2017-19 trend, 12M average","China, Household survey, National, Aggregate, Income, Disposable, Volume, SA, CNY tn, 2017-19 trend, 12M average",None,line
"China, Household survey, Rural and urban, Aggregate, Expenditure, Volume, SA, CNY tn, Poly 2017-19 trend, 12M average","China, Household survey, Rural and urban, Aggregate, Expenditure, Volume, SA, CNY tn, Poly 2017-19 trend, 12M average",None,line
"China, Household survey, National, Aggregate, Expenditure, SA, CNY tn, Poly 2017-19 trend, 12M average","China, Household survey, National, Aggregate, Expenditure, SA, CNY tn, Poly 2017-19 trend, 12M average",None,line
"China, Household survey, National, Aggregate, Income, Disposable, SA, CNY tn, Poly 2017-19 trend, 12M average","China, Household survey, National, Aggregate, Income, Disposable, SA, CNY tn, Poly 2017-19 trend, 12M average",None,line
"China, Household survey, National, Aggregate, Expenditure, Volume, SA, CNY tn, Poly 2017-19 trend, 12M average","China, Household survey, National, Aggregate, Expenditure, Volume, SA, CNY tn, Poly 2017-19 trend, 12M average",None,line
"China, Household survey, National, Aggregate, Income, Disposable, Volume, SA, CNY tn, Poly 2017-19 trend, 12M average","China, Household survey, National, Aggregate, Income, Disposable, Volume, SA, CNY tn, Poly 2017-19 trend, 12M average",None,line
"China, NGDP, Activity, CNY tn, 12M sum, 12M average","China, NGDP, Activity, CNY tn, 12M sum, 12M average",None,line
"China, RGDP, Activity, CNY tn, YoY chg, 12M average","China, RGDP, Activity, CNY tn, YoY chg, 12M average",None,line
"China, RGDP, Expenditure, Domestic Demand, Final Consumption Expenditure, CNY tn, YoY chg, 12M average","China, RGDP, Expenditure, Domestic Demand, Final Consumption Expenditure, CNY tn, YoY chg, 12M average",None,line
"China, RGDP, Expenditure, Domestic Demand, Gross Capital Formation, CNY tn, YoY chg, 12M average","China, RGDP, Expenditure, Domestic Demand, Gross Capital Formation, CNY tn, YoY chg, 12M average",None,line
"China, RGDP, Expenditure, Net Exports of Goods and Services, CNY tn, YoY chg, 12M average","China, RGDP, Expenditure, Net Exports of Goods and Services, CNY tn, YoY chg, 12M average",None,line
"China, RGDP, Activity, Actual and forecast, SA, CNY bn","China, RGDP, Activity, Actual and forecast, SA, CNY bn",None,line
"China, RGDP, Activity, Actual and forecast, SA, CNY, Index","China, RGDP, Activity, Actual and forecast, SA, CNY, Index",None,line
