name,display_name,data_type,chart_type
"Korea, NGDP, Expenditure, Domestic demand, Final consumption expenditure, KRW bn","Korea, NGDP, Expenditure, Domestic demand, Final consumption expenditure, KRW bn",None,line
"Korea, NGDP, Expenditure, Domestic demand, Final consumption expenditure, SA, KRW bn","Korea, NGDP, Expenditure, Domestic demand, Final consumption expenditure, SA, KRW bn",None,line
"Korea, NGDP, Expenditure, Domestic demand, Government consumption, KRW bn","Korea, NGDP, Expenditure, Domestic demand, Government consumption, KRW bn",None,line
"Korea, NGDP, Expenditure, Domestic demand, Government consumption, SA, KRW bn","Korea, NGDP, Expenditure, Domestic demand, Government consumption, SA, KRW bn",None,line
"Korea, NGDP, Expenditure, Domestic demand, Gross capital formation, Gross fixed capital formation, Buildings and structures, KRW bn","Korea, NGDP, Expenditure, Domestic demand, Gross capital formation, Gross fixed capital formation, Buildings and structures, KRW bn",None,line
"Korea, NGDP, Expenditure, Domestic demand, Gross capital formation, Gross fixed capital formation, Buildings and structures, SA, KRW bn","Korea, NGDP, Expenditure, Domestic demand, Gross capital formation, Gross fixed capital formation, Buildings and structures, SA, KRW bn",None,line
"Korea, NGDP, Expenditure, Domestic demand, Gross capital formation, Gross fixed capital formation, Facilities investment, KRW bn","Korea, NGDP, Expenditure, Domestic demand, Gross capital formation, Gross fixed capital formation, Facilities investment, KRW bn",None,line
"Korea, NGDP, Expenditure, Domestic demand, Gross capital formation, Gross fixed capital formation, Facilities investment, SA, KRW bn","Korea, NGDP, Expenditure, Domestic demand, Gross capital formation, Gross fixed capital formation, Facilities investment, SA, KRW bn",None,line
"Korea, NGDP, Expenditure, Domestic demand, Gross capital formation, Gross fixed capital formation, Public, KRW bn","Korea, NGDP, Expenditure, Domestic demand, Gross capital formation, Gross fixed capital formation, Public, KRW bn",None,line
"Korea, NGDP, Expenditure, Domestic demand, Gross capital formation, Gross fixed capital formation, Public, SA, KRW bn","Korea, NGDP, Expenditure, Domestic demand, Gross capital formation, Gross fixed capital formation, Public, SA, KRW bn",None,line
"Korea, NGDP, Expenditure, Domestic demand, Gross capital formation, Gross fixed capital formation, Intellectual property products, KRW bn","Korea, NGDP, Expenditure, Domestic demand, Gross capital formation, Gross fixed capital formation, Intellectual property products, KRW bn",None,line
"Korea, NGDP, Expenditure, Domestic demand, Gross capital formation, Gross fixed capital formation, Intellectual property products, SA, KRW bn","Korea, NGDP, Expenditure, Domestic demand, Gross capital formation, Gross fixed capital formation, Intellectual property products, SA, KRW bn",None,line
"Korea, NGDP, Expenditure, Domestic demand, Gross capital formation, Gross fixed capital formation, KRW bn","Korea, NGDP, Expenditure, Domestic demand, Gross capital formation, Gross fixed capital formation, KRW bn",None,line
"Korea, NGDP, Expenditure, Domestic demand, Gross capital formation, Gross fixed capital formation, Private, KRW bn","Korea, NGDP, Expenditure, Domestic demand, Gross capital formation, Gross fixed capital formation, Private, KRW bn",None,line
"Korea, NGDP, Expenditure, Domestic demand, Gross capital formation, Gross fixed capital formation, Private, SA, KRW bn","Korea, NGDP, Expenditure, Domestic demand, Gross capital formation, Gross fixed capital formation, Private, SA, KRW bn",None,line
"Korea, NGDP, Expenditure, Domestic demand, Gross capital formation, Gross fixed capital formation, SA, KRW bn","Korea, NGDP, Expenditure, Domestic demand, Gross capital formation, Gross fixed capital formation, SA, KRW bn",None,line
"Korea, NGDP, Expenditure, Domestic demand, Gross capital formation, Inventories, KRW bn","Korea, NGDP, Expenditure, Domestic demand, Gross capital formation, Inventories, KRW bn",None,line
"Korea, NGDP, Expenditure, Domestic demand, Gross capital formation, Inventories, SA, KRW bn","Korea, NGDP, Expenditure, Domestic demand, Gross capital formation, Inventories, SA, KRW bn",None,line
"Korea, NGDP, Expenditure, Domestic demand, Gross capital formation, KRW bn","Korea, NGDP, Expenditure, Domestic demand, Gross capital formation, KRW bn",None,line
"Korea, NGDP, Expenditure, Domestic demand, Gross capital formation, SA, KRW bn","Korea, NGDP, Expenditure, Domestic demand, Gross capital formation, SA, KRW bn",None,line
"Korea, NGDP, Expenditure, Domestic demand, Private consumption, Household consumption, KRW bn","Korea, NGDP, Expenditure, Domestic demand, Private consumption, Household consumption, KRW bn",None,line
"Korea, NGDP, Expenditure, Domestic demand, Private consumption, Household consumption, SA, KRW bn","Korea, NGDP, Expenditure, Domestic demand, Private consumption, Household consumption, SA, KRW bn",None,line
"Korea, NGDP, Expenditure, Domestic demand, Private consumption, KRW bn","Korea, NGDP, Expenditure, Domestic demand, Private consumption, KRW bn",None,line
"Korea, NGDP, Expenditure, Domestic demand, Private consumption, Non-profit institutions serving households, KRW bn","Korea, NGDP, Expenditure, Domestic demand, Private consumption, Non-profit institutions serving households, KRW bn",None,line
"Korea, NGDP, Expenditure, Domestic demand, Private consumption, Non-profit institutions serving households, SA, KRW bn","Korea, NGDP, Expenditure, Domestic demand, Private consumption, Non-profit institutions serving households, SA, KRW bn",None,line
"Korea, NGDP, Expenditure, Domestic demand, Private consumption, SA, KRW bn","Korea, NGDP, Expenditure, Domestic demand, Private consumption, SA, KRW bn",None,line
"Korea, NGDP, Expenditure, GDP, SA, KRW bn","Korea, NGDP, Expenditure, GDP, SA, KRW bn",None,line
"Korea, NGDP, Expenditure, KRW bn","Korea, NGDP, Expenditure, KRW bn",None,line
"Korea, NGDP, Expenditure, Net exports of goods and services, Exports of goods and services, Goods, KRW bn","Korea, NGDP, Expenditure, Net exports of goods and services, Exports of goods and services, Goods, KRW bn",None,line
"Korea, NGDP, Expenditure, Net exports of goods and services, Exports of goods and services, Goods, SA, KRW bn","Korea, NGDP, Expenditure, Net exports of goods and services, Exports of goods and services, Goods, SA, KRW bn",None,line
"Korea, NGDP, Expenditure, Net exports of goods and services, Exports of goods and services, KRW bn","Korea, NGDP, Expenditure, Net exports of goods and services, Exports of goods and services, KRW bn",None,line
"Korea, NGDP, Expenditure, Net exports of goods and services, Exports of goods and services, SA, KRW bn","Korea, NGDP, Expenditure, Net exports of goods and services, Exports of goods and services, SA, KRW bn",None,line
"Korea, NGDP, Expenditure, Net exports of goods and services, Exports of goods and services, Services, KRW bn","Korea, NGDP, Expenditure, Net exports of goods and services, Exports of goods and services, Services, KRW bn",None,line
"Korea, NGDP, Expenditure, Net exports of goods and services, Exports of goods and services, Services, SA, KRW bn","Korea, NGDP, Expenditure, Net exports of goods and services, Exports of goods and services, Services, SA, KRW bn",None,line
"Korea, NGDP, Expenditure, Net exports of goods and services, Imports of goods and services, Goods, KRW bn","Korea, NGDP, Expenditure, Net exports of goods and services, Imports of goods and services, Goods, KRW bn",None,line
"Korea, NGDP, Expenditure, Net exports of goods and services, Imports of goods and services, Goods, SA, KRW bn","Korea, NGDP, Expenditure, Net exports of goods and services, Imports of goods and services, Goods, SA, KRW bn",None,line
"Korea, NGDP, Expenditure, Net exports of goods and services, Imports of goods and services, KRW bn","Korea, NGDP, Expenditure, Net exports of goods and services, Imports of goods and services, KRW bn",None,line
"Korea, NGDP, Expenditure, Net exports of goods and services, Imports of goods and services, SA, KRW bn","Korea, NGDP, Expenditure, Net exports of goods and services, Imports of goods and services, SA, KRW bn",None,line
"Korea, NGDP, Expenditure, Net exports of goods and services, Imports of goods and services, Services, KRW bn","Korea, NGDP, Expenditure, Net exports of goods and services, Imports of goods and services, Services, KRW bn",None,line
"Korea, NGDP, Expenditure, Net exports of goods and services, Imports of goods and services, Services, SA, KRW bn","Korea, NGDP, Expenditure, Net exports of goods and services, Imports of goods and services, Services, SA, KRW bn",None,line
"Korea, NGDP, Expenditure, SA, KRW bn","Korea, NGDP, Expenditure, SA, KRW bn",None,line
"Korea, NGDP, Expenditure, Statistical discrepancy, KRW bn","Korea, NGDP, Expenditure, Statistical discrepancy, KRW bn",None,line
"Korea, NGDP, Expenditure, Statistical discrepancy, SA, KRW bn","Korea, NGDP, Expenditure, Statistical discrepancy, SA, KRW bn",None,line
"Korea, NGDP, Income, Compensation of employees, KRW bn","Korea, NGDP, Income, Compensation of employees, KRW bn",None,line
"Korea, NGDP, Income, Compensation of employees, SA, KRW bn","Korea, NGDP, Income, Compensation of employees, SA, KRW bn",None,line
"Korea, NGDP, Income, Gross operating surplus, KRW bn","Korea, NGDP, Income, Gross operating surplus, KRW bn",None,line
"Korea, NGDP, Income, Gross operating surplus, SA, KRW bn","Korea, NGDP, Income, Gross operating surplus, SA, KRW bn",None,line
"Korea, NGDP, Income, Nominal gross domestic product, KRW bn","Korea, NGDP, Income, Nominal gross domestic product, KRW bn",None,line
"Korea, NGDP, Income, SA, KRW bn","Korea, NGDP, Income, SA, KRW bn",None,line
"Korea, NGDP, Income, Taxes on production and imports less subsidies, KRW bn","Korea, NGDP, Income, Taxes on production and imports less subsidies, KRW bn",None,line
"Korea, NGDP, Income, Taxes on production and imports less subsidies, SA, KRW bn","Korea, NGDP, Income, Taxes on production and imports less subsidies, SA, KRW bn",None,line
"Korea, RGDP, Expenditure, Contribution to % QoQ chg, Ppts","Korea, RGDP, Expenditure, Contribution to % QoQ chg, Ppts",None,bar
"Korea, RGDP, Expenditure, Contribution to % QoQ chg, ppts","Korea, RGDP, Expenditure, Contribution to % QoQ chg, ppts",None,bar
"Korea, RGDP, Expenditure, Contribution to % YoY chg, Ppts","Korea, RGDP, Expenditure, Contribution to % YoY chg, Ppts",None,bar
"Korea, RGDP, Expenditure, Contribution to % YoY chg, ppts","Korea, RGDP, Expenditure, Contribution to % YoY chg, ppts",None,bar
"Korea, RGDP, Expenditure, Domestic demand, Contribution to % QoQ chg, Ppts","Korea, RGDP, Expenditure, Domestic demand, Contribution to % QoQ chg, Ppts",None,bar
"Korea, RGDP, Expenditure, Domestic demand, Contribution to % QoQ chg, ppts","Korea, RGDP, Expenditure, Domestic demand, Contribution to % QoQ chg, ppts",None,bar
"Korea, RGDP, Expenditure, Domestic demand, Contribution to % YoY chg, Ppts","Korea, RGDP, Expenditure, Domestic demand, Contribution to % YoY chg, Ppts",None,bar
"Korea, RGDP, Expenditure, Domestic demand, Contribution to % YoY chg, ppts","Korea, RGDP, Expenditure, Domestic demand, Contribution to % YoY chg, ppts",None,bar
"Korea, RGDP, Expenditure, Domestic demand, Final consumption expenditure, Contribution to % QoQ chg, Ppts","Korea, RGDP, Expenditure, Domestic demand, Final consumption expenditure, Contribution to % QoQ chg, Ppts",None,bar
"Korea, RGDP, Expenditure, Domestic demand, Final consumption expenditure, Contribution to % QoQ chg, ppts","Korea, RGDP, Expenditure, Domestic demand, Final consumption expenditure, Contribution to % QoQ chg, ppts",None,bar
"Korea, RGDP, Expenditure, Domestic demand, Final consumption expenditure, Contribution to % YoY chg, Ppts","Korea, RGDP, Expenditure, Domestic demand, Final consumption expenditure, Contribution to % YoY chg, Ppts",None,bar
"Korea, RGDP, Expenditure, Domestic demand, Final consumption expenditure, Contribution to % YoY chg, ppts","Korea, RGDP, Expenditure, Domestic demand, Final consumption expenditure, Contribution to % YoY chg, ppts",None,bar
"Korea, RGDP, Expenditure, Domestic demand, Final consumption expenditure, KRW bn","Korea, RGDP, Expenditure, Domestic demand, Final consumption expenditure, KRW bn",None,line
"Korea, RGDP, Expenditure, Domestic demand, Final consumption expenditure, SA, KRW bn","Korea, RGDP, Expenditure, Domestic demand, Final consumption expenditure, SA, KRW bn",None,line
"Korea, RGDP, Expenditure, Domestic demand, Government consumption, Contribution to % QoQ chg, Ppts","Korea, RGDP, Expenditure, Domestic demand, Government consumption, Contribution to % QoQ chg, Ppts",None,bar
"Korea, RGDP, Expenditure, Domestic demand, Government consumption, Contribution to % QoQ chg, ppts","Korea, RGDP, Expenditure, Domestic demand, Government consumption, Contribution to % QoQ chg, ppts",None,bar
"Korea, RGDP, Expenditure, Domestic demand, Government consumption, Contribution to % YoY chg, Ppts","Korea, RGDP, Expenditure, Domestic demand, Government consumption, Contribution to % YoY chg, Ppts",None,bar
"Korea, RGDP, Expenditure, Domestic demand, Government consumption, Contribution to % YoY chg, ppts","Korea, RGDP, Expenditure, Domestic demand, Government consumption, Contribution to % YoY chg, ppts",None,bar
"Korea, RGDP, Expenditure, Domestic demand, Government consumption, KRW bn","Korea, RGDP, Expenditure, Domestic demand, Government consumption, KRW bn",None,line
"Korea, RGDP, Expenditure, Domestic demand, Government consumption, SA, KRW bn","Korea, RGDP, Expenditure, Domestic demand, Government consumption, SA, KRW bn",None,line
"Korea, RGDP, Expenditure, Domestic demand, Gross capital formation, Contribution to % QoQ chg, Ppts","Korea, RGDP, Expenditure, Domestic demand, Gross capital formation, Contribution to % QoQ chg, Ppts",None,bar
"Korea, RGDP, Expenditure, Domestic demand, Gross capital formation, Contribution to % QoQ chg, ppts","Korea, RGDP, Expenditure, Domestic demand, Gross capital formation, Contribution to % QoQ chg, ppts",None,bar
"Korea, RGDP, Expenditure, Domestic demand, Gross capital formation, Contribution to % YoY chg, Ppts","Korea, RGDP, Expenditure, Domestic demand, Gross capital formation, Contribution to % YoY chg, Ppts",None,bar
"Korea, RGDP, Expenditure, Domestic demand, Gross capital formation, Contribution to % YoY chg, ppts","Korea, RGDP, Expenditure, Domestic demand, Gross capital formation, Contribution to % YoY chg, ppts",None,bar
"Korea, RGDP, Expenditure, Domestic demand, Gross capital formation, Gross fixed capital formation, Buildings and structures, Contribution to % QoQ chg, Ppts","Korea, RGDP, Expenditure, Domestic demand, Gross capital formation, Gross fixed capital formation, Buildings and structures, Contribution to % QoQ chg, Ppts",None,bar
"Korea, RGDP, Expenditure, Domestic demand, Gross capital formation, Gross fixed capital formation, Buildings and structures, Contribution to % QoQ chg, ppts","Korea, RGDP, Expenditure, Domestic demand, Gross capital formation, Gross fixed capital formation, Buildings and structures, Contribution to % QoQ chg, ppts",None,bar
"Korea, RGDP, Expenditure, Domestic demand, Gross capital formation, Gross fixed capital formation, Buildings and structures, Contribution to % YoY chg, Ppts","Korea, RGDP, Expenditure, Domestic demand, Gross capital formation, Gross fixed capital formation, Buildings and structures, Contribution to % YoY chg, Ppts",None,bar
"Korea, RGDP, Expenditure, Domestic demand, Gross capital formation, Gross fixed capital formation, Buildings and structures, Contribution to % YoY chg, ppts","Korea, RGDP, Expenditure, Domestic demand, Gross capital formation, Gross fixed capital formation, Buildings and structures, Contribution to % YoY chg, ppts",None,bar
"Korea, RGDP, Expenditure, Domestic demand, Gross capital formation, Gross fixed capital formation, Buildings and structures, KRW bn","Korea, RGDP, Expenditure, Domestic demand, Gross capital formation, Gross fixed capital formation, Buildings and structures, KRW bn",None,line
"Korea, RGDP, Expenditure, Domestic demand, Gross capital formation, Gross fixed capital formation, Buildings and structures, SA, KRW bn","Korea, RGDP, Expenditure, Domestic demand, Gross capital formation, Gross fixed capital formation, Buildings and structures, SA, KRW bn",None,line
"Korea, RGDP, Expenditure, Domestic demand, Gross capital formation, Gross fixed capital formation, Contribution to % QoQ chg, Ppts","Korea, RGDP, Expenditure, Domestic demand, Gross capital formation, Gross fixed capital formation, Contribution to % QoQ chg, Ppts",None,bar
"Korea, RGDP, Expenditure, Domestic demand, Gross capital formation, Gross fixed capital formation, Contribution to % QoQ chg, ppts","Korea, RGDP, Expenditure, Domestic demand, Gross capital formation, Gross fixed capital formation, Contribution to % QoQ chg, ppts",None,bar
"Korea, RGDP, Expenditure, Domestic demand, Gross capital formation, Gross fixed capital formation, Contribution to % YoY chg, Ppts","Korea, RGDP, Expenditure, Domestic demand, Gross capital formation, Gross fixed capital formation, Contribution to % YoY chg, Ppts",None,bar
"Korea, RGDP, Expenditure, Domestic demand, Gross capital formation, Gross fixed capital formation, Contribution to % YoY chg, ppts","Korea, RGDP, Expenditure, Domestic demand, Gross capital formation, Gross fixed capital formation, Contribution to % YoY chg, ppts",None,bar
"Korea, RGDP, Expenditure, Domestic demand, Gross capital formation, Gross fixed capital formation, Facilities investment, Contribution to % QoQ chg, Ppts","Korea, RGDP, Expenditure, Domestic demand, Gross capital formation, Gross fixed capital formation, Facilities investment, Contribution to % QoQ chg, Ppts",None,bar
"Korea, RGDP, Expenditure, Domestic demand, Gross capital formation, Gross fixed capital formation, Facilities investment, Contribution to % QoQ chg, ppts","Korea, RGDP, Expenditure, Domestic demand, Gross capital formation, Gross fixed capital formation, Facilities investment, Contribution to % QoQ chg, ppts",None,bar
"Korea, RGDP, Expenditure, Domestic demand, Gross capital formation, Gross fixed capital formation, Facilities investment, Contribution to % YoY chg, Ppts","Korea, RGDP, Expenditure, Domestic demand, Gross capital formation, Gross fixed capital formation, Facilities investment, Contribution to % YoY chg, Ppts",None,bar
"Korea, RGDP, Expenditure, Domestic demand, Gross capital formation, Gross fixed capital formation, Facilities investment, Contribution to % YoY chg, ppts","Korea, RGDP, Expenditure, Domestic demand, Gross capital formation, Gross fixed capital formation, Facilities investment, Contribution to % YoY chg, ppts",None,bar
"Korea, RGDP, Expenditure, Domestic demand, Gross capital formation, Gross fixed capital formation, Facilities investment, KRW bn","Korea, RGDP, Expenditure, Domestic demand, Gross capital formation, Gross fixed capital formation, Facilities investment, KRW bn",None,line
"Korea, RGDP, Expenditure, Domestic demand, Gross capital formation, Gross fixed capital formation, Facilities investment, SA, KRW bn","Korea, RGDP, Expenditure, Domestic demand, Gross capital formation, Gross fixed capital formation, Facilities investment, SA, KRW bn",None,line
"Korea, RGDP, Expenditure, Domestic demand, Gross capital formation, Gross fixed capital formation, Public, Contribution to % QoQ chg, Ppts","Korea, RGDP, Expenditure, Domestic demand, Gross capital formation, Gross fixed capital formation, Public, Contribution to % QoQ chg, Ppts",None,bar
"Korea, RGDP, Expenditure, Domestic demand, Gross capital formation, Gross fixed capital formation, Public, Contribution to % QoQ chg, ppts","Korea, RGDP, Expenditure, Domestic demand, Gross capital formation, Gross fixed capital formation, Public, Contribution to % QoQ chg, ppts",None,bar
"Korea, RGDP, Expenditure, Domestic demand, Gross capital formation, Gross fixed capital formation, Public, Contribution to % YoY chg, Ppts","Korea, RGDP, Expenditure, Domestic demand, Gross capital formation, Gross fixed capital formation, Public, Contribution to % YoY chg, Ppts",None,bar
"Korea, RGDP, Expenditure, Domestic demand, Gross capital formation, Gross fixed capital formation, Public, Contribution to % YoY chg, ppts","Korea, RGDP, Expenditure, Domestic demand, Gross capital formation, Gross fixed capital formation, Public, Contribution to % YoY chg, ppts",None,bar
"Korea, RGDP, Expenditure, Domestic demand, Gross capital formation, Gross fixed capital formation, Public, KRW bn","Korea, RGDP, Expenditure, Domestic demand, Gross capital formation, Gross fixed capital formation, Public, KRW bn",None,line
"Korea, RGDP, Expenditure, Domestic demand, Gross capital formation, Gross fixed capital formation, Public, SA, KRW bn","Korea, RGDP, Expenditure, Domestic demand, Gross capital formation, Gross fixed capital formation, Public, SA, KRW bn",None,line
"Korea, RGDP, Expenditure, Domestic demand, Gross capital formation, Gross fixed capital formation, Intellectual property products, Contribution to % QoQ chg, Ppts","Korea, RGDP, Expenditure, Domestic demand, Gross capital formation, Gross fixed capital formation, Intellectual property products, Contribution to % QoQ chg, Ppts",None,bar
"Korea, RGDP, Expenditure, Domestic demand, Gross capital formation, Gross fixed capital formation, Intellectual property products, Contribution to % QoQ chg, ppts","Korea, RGDP, Expenditure, Domestic demand, Gross capital formation, Gross fixed capital formation, Intellectual property products, Contribution to % QoQ chg, ppts",None,bar
"Korea, RGDP, Expenditure, Domestic demand, Gross capital formation, Gross fixed capital formation, Intellectual property products, Contribution to % YoY chg, Ppts","Korea, RGDP, Expenditure, Domestic demand, Gross capital formation, Gross fixed capital formation, Intellectual property products, Contribution to % YoY chg, Ppts",None,bar
"Korea, RGDP, Expenditure, Domestic demand, Gross capital formation, Gross fixed capital formation, Intellectual property products, Contribution to % YoY chg, ppts","Korea, RGDP, Expenditure, Domestic demand, Gross capital formation, Gross fixed capital formation, Intellectual property products, Contribution to % YoY chg, ppts",None,bar
"Korea, RGDP, Expenditure, Domestic demand, Gross capital formation, Gross fixed capital formation, Intellectual property products, KRW bn","Korea, RGDP, Expenditure, Domestic demand, Gross capital formation, Gross fixed capital formation, Intellectual property products, KRW bn",None,line
"Korea, RGDP, Expenditure, Domestic demand, Gross capital formation, Gross fixed capital formation, Intellectual property products, SA, KRW bn","Korea, RGDP, Expenditure, Domestic demand, Gross capital formation, Gross fixed capital formation, Intellectual property products, SA, KRW bn",None,line
"Korea, RGDP, Expenditure, Domestic demand, Gross capital formation, Gross fixed capital formation, KRW bn","Korea, RGDP, Expenditure, Domestic demand, Gross capital formation, Gross fixed capital formation, KRW bn",None,line
"Korea, RGDP, Expenditure, Domestic demand, Gross capital formation, Gross fixed capital formation, Private, Contribution to % QoQ chg, Ppts","Korea, RGDP, Expenditure, Domestic demand, Gross capital formation, Gross fixed capital formation, Private, Contribution to % QoQ chg, Ppts",None,bar
"Korea, RGDP, Expenditure, Domestic demand, Gross capital formation, Gross fixed capital formation, Private, Contribution to % QoQ chg, ppts","Korea, RGDP, Expenditure, Domestic demand, Gross capital formation, Gross fixed capital formation, Private, Contribution to % QoQ chg, ppts",None,bar
"Korea, RGDP, Expenditure, Domestic demand, Gross capital formation, Gross fixed capital formation, Private, Contribution to % YoY chg, Ppts","Korea, RGDP, Expenditure, Domestic demand, Gross capital formation, Gross fixed capital formation, Private, Contribution to % YoY chg, Ppts",None,bar
"Korea, RGDP, Expenditure, Domestic demand, Gross capital formation, Gross fixed capital formation, Private, Contribution to % YoY chg, ppts","Korea, RGDP, Expenditure, Domestic demand, Gross capital formation, Gross fixed capital formation, Private, Contribution to % YoY chg, ppts",None,bar
"Korea, RGDP, Expenditure, Domestic demand, Gross capital formation, Gross fixed capital formation, Private, KRW bn","Korea, RGDP, Expenditure, Domestic demand, Gross capital formation, Gross fixed capital formation, Private, KRW bn",None,line
"Korea, RGDP, Expenditure, Domestic demand, Gross capital formation, Gross fixed capital formation, Private, SA, KRW bn","Korea, RGDP, Expenditure, Domestic demand, Gross capital formation, Gross fixed capital formation, Private, SA, KRW bn",None,line
"Korea, RGDP, Expenditure, Domestic demand, Gross capital formation, Gross fixed capital formation, SA, KRW bn","Korea, RGDP, Expenditure, Domestic demand, Gross capital formation, Gross fixed capital formation, SA, KRW bn",None,line
"Korea, RGDP, Expenditure, Domestic demand, Gross capital formation, Inventories, Contribution to % QoQ chg, Ppts","Korea, RGDP, Expenditure, Domestic demand, Gross capital formation, Inventories, Contribution to % QoQ chg, Ppts",None,bar
"Korea, RGDP, Expenditure, Domestic demand, Gross capital formation, Inventories, Contribution to % QoQ chg, ppts","Korea, RGDP, Expenditure, Domestic demand, Gross capital formation, Inventories, Contribution to % QoQ chg, ppts",None,bar
"Korea, RGDP, Expenditure, Domestic demand, Gross capital formation, Inventories, Contribution to % YoY chg, Ppts","Korea, RGDP, Expenditure, Domestic demand, Gross capital formation, Inventories, Contribution to % YoY chg, Ppts",None,bar
"Korea, RGDP, Expenditure, Domestic demand, Gross capital formation, Inventories, Contribution to % YoY chg, ppts","Korea, RGDP, Expenditure, Domestic demand, Gross capital formation, Inventories, Contribution to % YoY chg, ppts",None,bar
"Korea, RGDP, Expenditure, Domestic demand, Gross capital formation, Inventories, KRW bn","Korea, RGDP, Expenditure, Domestic demand, Gross capital formation, Inventories, KRW bn",None,line
"Korea, RGDP, Expenditure, Domestic demand, Gross capital formation, Inventories, SA, KRW bn","Korea, RGDP, Expenditure, Domestic demand, Gross capital formation, Inventories, SA, KRW bn",None,line
"Korea, RGDP, Expenditure, Domestic demand, Gross capital formation, KRW bn","Korea, RGDP, Expenditure, Domestic demand, Gross capital formation, KRW bn",None,line
"Korea, RGDP, Expenditure, Domestic demand, Gross capital formation, SA, KRW bn","Korea, RGDP, Expenditure, Domestic demand, Gross capital formation, SA, KRW bn",None,line
"Korea, RGDP, Expenditure, Domestic demand, Private consumption, Contribution to % QoQ chg, Ppts","Korea, RGDP, Expenditure, Domestic demand, Private consumption, Contribution to % QoQ chg, Ppts",None,bar
"Korea, RGDP, Expenditure, Domestic demand, Private consumption, Contribution to % QoQ chg, ppts","Korea, RGDP, Expenditure, Domestic demand, Private consumption, Contribution to % QoQ chg, ppts",None,bar
"Korea, RGDP, Expenditure, Domestic demand, Private consumption, Contribution to % YoY chg, Ppts","Korea, RGDP, Expenditure, Domestic demand, Private consumption, Contribution to % YoY chg, Ppts",None,bar
"Korea, RGDP, Expenditure, Domestic demand, Private consumption, Contribution to % YoY chg, ppts","Korea, RGDP, Expenditure, Domestic demand, Private consumption, Contribution to % YoY chg, ppts",None,bar
"Korea, RGDP, Expenditure, Domestic demand, Private consumption, Household consumption, Contribution to % QoQ chg, Ppts","Korea, RGDP, Expenditure, Domestic demand, Private consumption, Household consumption, Contribution to % QoQ chg, Ppts",None,bar
"Korea, RGDP, Expenditure, Domestic demand, Private consumption, Household consumption, Contribution to % QoQ chg, ppts","Korea, RGDP, Expenditure, Domestic demand, Private consumption, Household consumption, Contribution to % QoQ chg, ppts",None,bar
"Korea, RGDP, Expenditure, Domestic demand, Private consumption, Household consumption, Contribution to % YoY chg, Ppts","Korea, RGDP, Expenditure, Domestic demand, Private consumption, Household consumption, Contribution to % YoY chg, Ppts",None,bar
"Korea, RGDP, Expenditure, Domestic demand, Private consumption, Household consumption, Contribution to % YoY chg, ppts","Korea, RGDP, Expenditure, Domestic demand, Private consumption, Household consumption, Contribution to % YoY chg, ppts",None,bar
"Korea, RGDP, Expenditure, Domestic demand, Private consumption, Household consumption, KRW bn","Korea, RGDP, Expenditure, Domestic demand, Private consumption, Household consumption, KRW bn",None,line
"Korea, RGDP, Expenditure, Domestic demand, Private consumption, Household consumption, SA, KRW bn","Korea, RGDP, Expenditure, Domestic demand, Private consumption, Household consumption, SA, KRW bn",None,line
"Korea, RGDP, Expenditure, Domestic demand, Private consumption, KRW bn","Korea, RGDP, Expenditure, Domestic demand, Private consumption, KRW bn",None,line
"Korea, RGDP, Expenditure, Domestic demand, Private consumption, Non-profit institutions serving households, Contribution to % QoQ chg, Ppts","Korea, RGDP, Expenditure, Domestic demand, Private consumption, Non-profit institutions serving households, Contribution to % QoQ chg, Ppts",None,bar
"Korea, RGDP, Expenditure, Domestic demand, Private consumption, Non-profit institutions serving households, Contribution to % QoQ chg, ppts","Korea, RGDP, Expenditure, Domestic demand, Private consumption, Non-profit institutions serving households, Contribution to % QoQ chg, ppts",None,bar
"Korea, RGDP, Expenditure, Domestic demand, Private consumption, Non-profit institutions serving households, Contribution to % YoY chg, Ppts","Korea, RGDP, Expenditure, Domestic demand, Private consumption, Non-profit institutions serving households, Contribution to % YoY chg, Ppts",None,bar
"Korea, RGDP, Expenditure, Domestic demand, Private consumption, Non-profit institutions serving households, Contribution to % YoY chg, ppts","Korea, RGDP, Expenditure, Domestic demand, Private consumption, Non-profit institutions serving households, Contribution to % YoY chg, ppts",None,bar
"Korea, RGDP, Expenditure, Domestic demand, Private consumption, Non-profit institutions serving households, KRW bn","Korea, RGDP, Expenditure, Domestic demand, Private consumption, Non-profit institutions serving households, KRW bn",None,line
"Korea, RGDP, Expenditure, Domestic demand, Private consumption, Non-profit institutions serving households, SA, KRW bn","Korea, RGDP, Expenditure, Domestic demand, Private consumption, Non-profit institutions serving households, SA, KRW bn",None,line
"Korea, RGDP, Expenditure, Domestic demand, Private consumption, SA, KRW bn","Korea, RGDP, Expenditure, Domestic demand, Private consumption, SA, KRW bn",None,line
"Korea, RGDP, Expenditure, Domestic demand, Private, Contribution to % QoQ chg, Ppts","Korea, RGDP, Expenditure, Domestic demand, Private, Contribution to % QoQ chg, Ppts",None,bar
"Korea, RGDP, Expenditure, Domestic demand, Private, Contribution to % QoQ chg, ppts","Korea, RGDP, Expenditure, Domestic demand, Private, Contribution to % QoQ chg, ppts",None,bar
"Korea, RGDP, Expenditure, Domestic demand, Private, Contribution to % YoY chg, Ppts","Korea, RGDP, Expenditure, Domestic demand, Private, Contribution to % YoY chg, Ppts",None,bar
"Korea, RGDP, Expenditure, Domestic demand, Private, Contribution to % YoY chg, ppts","Korea, RGDP, Expenditure, Domestic demand, Private, Contribution to % YoY chg, ppts",None,bar
"Korea, RGDP, Expenditure, Domestic demand, Public, Contribution to % QoQ chg, Ppts","Korea, RGDP, Expenditure, Domestic demand, Public, Contribution to % QoQ chg, Ppts",None,bar
"Korea, RGDP, Expenditure, Domestic demand, Public, Contribution to % QoQ chg, ppts","Korea, RGDP, Expenditure, Domestic demand, Public, Contribution to % QoQ chg, ppts",None,bar
"Korea, RGDP, Expenditure, Domestic demand, Public, Contribution to % YoY chg, Ppts","Korea, RGDP, Expenditure, Domestic demand, Public, Contribution to % YoY chg, Ppts",None,bar
"Korea, RGDP, Expenditure, Domestic demand, Public, Contribution to % YoY chg, ppts","Korea, RGDP, Expenditure, Domestic demand, Public, Contribution to % YoY chg, ppts",None,bar
"Korea, RGDP, Expenditure, KRW bn","Korea, RGDP, Expenditure, KRW bn",None,line
"Korea, RGDP, Expenditure, Net exports of goods and services, Contribution to % QoQ chg, Ppts","Korea, RGDP, Expenditure, Net exports of goods and services, Contribution to % QoQ chg, Ppts",None,bar
"Korea, RGDP, Expenditure, Net exports of goods and services, Contribution to % QoQ chg, ppts","Korea, RGDP, Expenditure, Net exports of goods and services, Contribution to % QoQ chg, ppts",None,bar
"Korea, RGDP, Expenditure, Net exports of goods and services, Contribution to % YoY chg, Ppts","Korea, RGDP, Expenditure, Net exports of goods and services, Contribution to % YoY chg, Ppts",None,bar
"Korea, RGDP, Expenditure, Net exports of goods and services, Contribution to % YoY chg, ppts","Korea, RGDP, Expenditure, Net exports of goods and services, Contribution to % YoY chg, ppts",None,bar
"Korea, RGDP, Expenditure, Net exports of goods and services, Exports of goods and services, Contribution to % QoQ chg, Ppts","Korea, RGDP, Expenditure, Net exports of goods and services, Exports of goods and services, Contribution to % QoQ chg, Ppts",None,bar
"Korea, RGDP, Expenditure, Net exports of goods and services, Exports of goods and services, Contribution to % QoQ chg, ppts","Korea, RGDP, Expenditure, Net exports of goods and services, Exports of goods and services, Contribution to % QoQ chg, ppts",None,bar
"Korea, RGDP, Expenditure, Net exports of goods and services, Exports of goods and services, Contribution to % YoY chg, Ppts","Korea, RGDP, Expenditure, Net exports of goods and services, Exports of goods and services, Contribution to % YoY chg, Ppts",None,bar
"Korea, RGDP, Expenditure, Net exports of goods and services, Exports of goods and services, Contribution to % YoY chg, ppts","Korea, RGDP, Expenditure, Net exports of goods and services, Exports of goods and services, Contribution to % YoY chg, ppts",None,bar
"Korea, RGDP, Expenditure, Net exports of goods and services, Exports of goods and services, Goods, Contribution to % QoQ chg, Ppts","Korea, RGDP, Expenditure, Net exports of goods and services, Exports of goods and services, Goods, Contribution to % QoQ chg, Ppts",None,bar
"Korea, RGDP, Expenditure, Net exports of goods and services, Exports of goods and services, Goods, Contribution to % QoQ chg, ppts","Korea, RGDP, Expenditure, Net exports of goods and services, Exports of goods and services, Goods, Contribution to % QoQ chg, ppts",None,bar
"Korea, RGDP, Expenditure, Net exports of goods and services, Exports of goods and services, Goods, Contribution to % YoY chg, Ppts","Korea, RGDP, Expenditure, Net exports of goods and services, Exports of goods and services, Goods, Contribution to % YoY chg, Ppts",None,bar
"Korea, RGDP, Expenditure, Net exports of goods and services, Exports of goods and services, Goods, Contribution to % YoY chg, ppts","Korea, RGDP, Expenditure, Net exports of goods and services, Exports of goods and services, Goods, Contribution to % YoY chg, ppts",None,bar
"Korea, RGDP, Expenditure, Net exports of goods and services, Exports of goods and services, Goods, KRW bn","Korea, RGDP, Expenditure, Net exports of goods and services, Exports of goods and services, Goods, KRW bn",None,line
"Korea, RGDP, Expenditure, Net exports of goods and services, Exports of goods and services, Goods, SA, KRW bn","Korea, RGDP, Expenditure, Net exports of goods and services, Exports of goods and services, Goods, SA, KRW bn",None,line
"Korea, RGDP, Expenditure, Net exports of goods and services, Exports of goods and services, KRW bn","Korea, RGDP, Expenditure, Net exports of goods and services, Exports of goods and services, KRW bn",None,line
"Korea, RGDP, Expenditure, Net exports of goods and services, Exports of goods and services, SA, KRW bn","Korea, RGDP, Expenditure, Net exports of goods and services, Exports of goods and services, SA, KRW bn",None,line
"Korea, RGDP, Expenditure, Net exports of goods and services, Exports of goods and services, Services, Contribution to % QoQ chg, Ppts","Korea, RGDP, Expenditure, Net exports of goods and services, Exports of goods and services, Services, Contribution to % QoQ chg, Ppts",None,bar
"Korea, RGDP, Expenditure, Net exports of goods and services, Exports of goods and services, Services, Contribution to % QoQ chg, ppts","Korea, RGDP, Expenditure, Net exports of goods and services, Exports of goods and services, Services, Contribution to % QoQ chg, ppts",None,bar
"Korea, RGDP, Expenditure, Net exports of goods and services, Exports of goods and services, Services, Contribution to % YoY chg, Ppts","Korea, RGDP, Expenditure, Net exports of goods and services, Exports of goods and services, Services, Contribution to % YoY chg, Ppts",None,bar
"Korea, RGDP, Expenditure, Net exports of goods and services, Exports of goods and services, Services, Contribution to % YoY chg, ppts","Korea, RGDP, Expenditure, Net exports of goods and services, Exports of goods and services, Services, Contribution to % YoY chg, ppts",None,bar
"Korea, RGDP, Expenditure, Net exports of goods and services, Exports of goods and services, Services, KRW bn","Korea, RGDP, Expenditure, Net exports of goods and services, Exports of goods and services, Services, KRW bn",None,line
"Korea, RGDP, Expenditure, Net exports of goods and services, Exports of goods and services, Services, SA, KRW bn","Korea, RGDP, Expenditure, Net exports of goods and services, Exports of goods and services, Services, SA, KRW bn",None,line
"Korea, RGDP, Expenditure, Net exports of goods and services, Imports of goods and services, Contribution to % QoQ chg, Ppts","Korea, RGDP, Expenditure, Net exports of goods and services, Imports of goods and services, Contribution to % QoQ chg, Ppts",None,bar
"Korea, RGDP, Expenditure, Net exports of goods and services, Imports of goods and services, Contribution to % QoQ chg, ppts","Korea, RGDP, Expenditure, Net exports of goods and services, Imports of goods and services, Contribution to % QoQ chg, ppts",None,bar
"Korea, RGDP, Expenditure, Net exports of goods and services, Imports of goods and services, Contribution to % YoY chg, Ppts","Korea, RGDP, Expenditure, Net exports of goods and services, Imports of goods and services, Contribution to % YoY chg, Ppts",None,bar
"Korea, RGDP, Expenditure, Net exports of goods and services, Imports of goods and services, Contribution to % YoY chg, ppts","Korea, RGDP, Expenditure, Net exports of goods and services, Imports of goods and services, Contribution to % YoY chg, ppts",None,bar
"Korea, RGDP, Expenditure, Net exports of goods and services, Imports of goods and services, Goods, Contribution to % QoQ chg, Ppts","Korea, RGDP, Expenditure, Net exports of goods and services, Imports of goods and services, Goods, Contribution to % QoQ chg, Ppts",None,bar
"Korea, RGDP, Expenditure, Net exports of goods and services, Imports of goods and services, Goods, Contribution to % QoQ chg, ppts","Korea, RGDP, Expenditure, Net exports of goods and services, Imports of goods and services, Goods, Contribution to % QoQ chg, ppts",None,bar
"Korea, RGDP, Expenditure, Net exports of goods and services, Imports of goods and services, Goods, Contribution to % YoY chg, Ppts","Korea, RGDP, Expenditure, Net exports of goods and services, Imports of goods and services, Goods, Contribution to % YoY chg, Ppts",None,bar
"Korea, RGDP, Expenditure, Net exports of goods and services, Imports of goods and services, Goods, Contribution to % YoY chg, ppts","Korea, RGDP, Expenditure, Net exports of goods and services, Imports of goods and services, Goods, Contribution to % YoY chg, ppts",None,bar
"Korea, RGDP, Expenditure, Net exports of goods and services, Imports of goods and services, Goods, KRW bn","Korea, RGDP, Expenditure, Net exports of goods and services, Imports of goods and services, Goods, KRW bn",None,line
"Korea, RGDP, Expenditure, Net exports of goods and services, Imports of goods and services, Goods, SA, KRW bn","Korea, RGDP, Expenditure, Net exports of goods and services, Imports of goods and services, Goods, SA, KRW bn",None,line
"Korea, RGDP, Expenditure, Net exports of goods and services, Imports of goods and services, KRW bn","Korea, RGDP, Expenditure, Net exports of goods and services, Imports of goods and services, KRW bn",None,line
"Korea, RGDP, Expenditure, Net exports of goods and services, Imports of goods and services, SA, KRW bn","Korea, RGDP, Expenditure, Net exports of goods and services, Imports of goods and services, SA, KRW bn",None,line
"Korea, RGDP, Expenditure, Net exports of goods and services, Imports of goods and services, Services, Contribution to % QoQ chg, Ppts","Korea, RGDP, Expenditure, Net exports of goods and services, Imports of goods and services, Services, Contribution to % QoQ chg, Ppts",None,bar
"Korea, RGDP, Expenditure, Net exports of goods and services, Imports of goods and services, Services, Contribution to % QoQ chg, ppts","Korea, RGDP, Expenditure, Net exports of goods and services, Imports of goods and services, Services, Contribution to % QoQ chg, ppts",None,bar
"Korea, RGDP, Expenditure, Net exports of goods and services, Imports of goods and services, Services, Contribution to % YoY chg, Ppts","Korea, RGDP, Expenditure, Net exports of goods and services, Imports of goods and services, Services, Contribution to % YoY chg, Ppts",None,bar
"Korea, RGDP, Expenditure, Net exports of goods and services, Imports of goods and services, Services, Contribution to % YoY chg, ppts","Korea, RGDP, Expenditure, Net exports of goods and services, Imports of goods and services, Services, Contribution to % YoY chg, ppts",None,bar
"Korea, RGDP, Expenditure, Net exports of goods and services, Imports of goods and services, Services, KRW bn","Korea, RGDP, Expenditure, Net exports of goods and services, Imports of goods and services, Services, KRW bn",None,line
"Korea, RGDP, Expenditure, Net exports of goods and services, Imports of goods and services, Services, SA, KRW bn","Korea, RGDP, Expenditure, Net exports of goods and services, Imports of goods and services, Services, SA, KRW bn",None,line
"Korea, RGDP, Expenditure, SA, KRW bn","Korea, RGDP, Expenditure, SA, KRW bn",None,line
"Korea, RGDP, Expenditure, Statistical discrepancy, Contribution to % QoQ chg, Ppts","Korea, RGDP, Expenditure, Statistical discrepancy, Contribution to % QoQ chg, Ppts",None,bar
"Korea, RGDP, Expenditure, Statistical discrepancy, Contribution to % QoQ chg, ppts","Korea, RGDP, Expenditure, Statistical discrepancy, Contribution to % QoQ chg, ppts",None,bar
"Korea, RGDP, Expenditure, Statistical discrepancy, Contribution to % YoY chg, Ppts","Korea, RGDP, Expenditure, Statistical discrepancy, Contribution to % YoY chg, Ppts",None,bar
"Korea, RGDP, Expenditure, Statistical discrepancy, Contribution to % YoY chg, ppts","Korea, RGDP, Expenditure, Statistical discrepancy, Contribution to % YoY chg, ppts",None,bar
"Korea, RGDP, Expenditure, Statistical discrepancy, KRW bn","Korea, RGDP, Expenditure, Statistical discrepancy, KRW bn",None,line
"Korea, RGDP, Expenditure, Statistical discrepancy, SA, KRW bn","Korea, RGDP, Expenditure, Statistical discrepancy, SA, KRW bn",None,line
"Korea, NGDP, Expenditure, Domestic demand, Gross capital formation, Gross fixed capital formation, Construction, Building construction, Non-residential buildings, SA, KRW bn","Korea, NGDP, Expenditure, Domestic demand, Gross capital formation, Gross fixed capital formation, Construction, Building construction, Non-residential buildings, SA, KRW bn",None,line
"Korea, NGDP, Expenditure, Domestic demand, Gross capital formation, Gross fixed capital formation, Construction, Building construction, Residential, SA, KRW bn","Korea, NGDP, Expenditure, Domestic demand, Gross capital formation, Gross fixed capital formation, Construction, Building construction, Residential, SA, KRW bn",None,line
"Korea, NGDP, Expenditure, Domestic demand, Gross capital formation, Gross fixed capital formation, Construction, Building construction, SA, KRW bn","Korea, NGDP, Expenditure, Domestic demand, Gross capital formation, Gross fixed capital formation, Construction, Building construction, SA, KRW bn",None,line
"Korea, NGDP, Expenditure, Domestic demand, Gross capital formation, Gross fixed capital formation, Construction, Civil engineering, SA, KRW bn","Korea, NGDP, Expenditure, Domestic demand, Gross capital formation, Gross fixed capital formation, Construction, Civil engineering, SA, KRW bn",None,line
"Korea, NGDP, Expenditure, Domestic demand, Gross capital formation, Gross fixed capital formation, Construction, SA, KRW bn","Korea, NGDP, Expenditure, Domestic demand, Gross capital formation, Gross fixed capital formation, Construction, SA, KRW bn",None,line
"Korea, NGDP, Expenditure, Domestic demand, Gross capital formation, Gross fixed capital formation, Facilities investment, Other machinery and equipment, SA, KRW bn","Korea, NGDP, Expenditure, Domestic demand, Gross capital formation, Gross fixed capital formation, Facilities investment, Other machinery and equipment, SA, KRW bn",None,line
"Korea, NGDP, Expenditure, Domestic demand, Gross capital formation, Gross fixed capital formation, Facilities investment, Transport equipment, SA, KRW bn","Korea, NGDP, Expenditure, Domestic demand, Gross capital formation, Gross fixed capital formation, Facilities investment, Transport equipment, SA, KRW bn",None,line
"Korea, NGDP, Expenditure, Domestic demand, Gross capital formation, Gross fixed capital formation, Intellectual property products, Other intellectual property products, SA, KRW bn","Korea, NGDP, Expenditure, Domestic demand, Gross capital formation, Gross fixed capital formation, Intellectual property products, Other intellectual property products, SA, KRW bn",None,line
"Korea, NGDP, Expenditure, Domestic demand, Gross capital formation, Gross fixed capital formation, Intellectual property products, Research and development, SA, KRW bn","Korea, NGDP, Expenditure, Domestic demand, Gross capital formation, Gross fixed capital formation, Intellectual property products, Research and development, SA, KRW bn",None,line
"Korea, NGDP, Expenditure, Domestic demand, Private consumption, Household consumption, Direct purchases abroad by resident households, SA, KRW bn","Korea, NGDP, Expenditure, Domestic demand, Private consumption, Household consumption, Direct purchases abroad by resident households, SA, KRW bn",None,line
"Korea, NGDP, Expenditure, Domestic demand, Private consumption, Household consumption, Direct purchases in the domestic market by non-resident households, SA, KRW bn","Korea, NGDP, Expenditure, Domestic demand, Private consumption, Household consumption, Direct purchases in the domestic market by non-resident households, SA, KRW bn",None,line
"Korea, NGDP, Expenditure, Domestic demand, Private consumption, Household consumption, Domestic final consumption, Durable goods, SA, KRW bn","Korea, NGDP, Expenditure, Domestic demand, Private consumption, Household consumption, Domestic final consumption, Durable goods, SA, KRW bn",None,line
"Korea, NGDP, Expenditure, Domestic demand, Private consumption, Household consumption, Domestic final consumption, Non-durable goods, SA, KRW bn","Korea, NGDP, Expenditure, Domestic demand, Private consumption, Household consumption, Domestic final consumption, Non-durable goods, SA, KRW bn",None,line
"Korea, NGDP, Expenditure, Domestic demand, Private consumption, Household consumption, Domestic final consumption, SA, KRW bn","Korea, NGDP, Expenditure, Domestic demand, Private consumption, Household consumption, Domestic final consumption, SA, KRW bn",None,line
"Korea, NGDP, Expenditure, Domestic demand, Private consumption, Household consumption, Domestic final consumption, Semi-durable goods, SA, KRW bn","Korea, NGDP, Expenditure, Domestic demand, Private consumption, Household consumption, Domestic final consumption, Semi-durable goods, SA, KRW bn",None,line
"Korea, NGDP, Expenditure, Domestic demand, Private consumption, Household consumption, Domestic final consumption, Services, SA, KRW bn","Korea, NGDP, Expenditure, Domestic demand, Private consumption, Household consumption, Domestic final consumption, Services, SA, KRW bn",None,line
"Korea, RGDP, Expenditure, Domestic demand, Gross capital formation, Gross fixed capital formation, Construction, Building construction, Non-residential buildings, SA, KRW bn","Korea, RGDP, Expenditure, Domestic demand, Gross capital formation, Gross fixed capital formation, Construction, Building construction, Non-residential buildings, SA, KRW bn",None,line
"Korea, RGDP, Expenditure, Domestic demand, Gross capital formation, Gross fixed capital formation, Construction, Building construction, Residential, SA, KRW bn","Korea, RGDP, Expenditure, Domestic demand, Gross capital formation, Gross fixed capital formation, Construction, Building construction, Residential, SA, KRW bn",None,line
"Korea, RGDP, Expenditure, Domestic demand, Gross capital formation, Gross fixed capital formation, Construction, Building construction, SA, KRW bn","Korea, RGDP, Expenditure, Domestic demand, Gross capital formation, Gross fixed capital formation, Construction, Building construction, SA, KRW bn",None,line
"Korea, RGDP, Expenditure, Domestic demand, Gross capital formation, Gross fixed capital formation, Construction, Civil engineering, SA, KRW bn","Korea, RGDP, Expenditure, Domestic demand, Gross capital formation, Gross fixed capital formation, Construction, Civil engineering, SA, KRW bn",None,line
"Korea, RGDP, Expenditure, Domestic demand, Gross capital formation, Gross fixed capital formation, Construction, SA, KRW bn","Korea, RGDP, Expenditure, Domestic demand, Gross capital formation, Gross fixed capital formation, Construction, SA, KRW bn",None,line
"Korea, RGDP, Expenditure, Domestic demand, Gross capital formation, Gross fixed capital formation, Facilities investment, Other machinery and equipment, SA, KRW bn","Korea, RGDP, Expenditure, Domestic demand, Gross capital formation, Gross fixed capital formation, Facilities investment, Other machinery and equipment, SA, KRW bn",None,line
"Korea, RGDP, Expenditure, Domestic demand, Gross capital formation, Gross fixed capital formation, Facilities investment, Transport equipment, SA, KRW bn","Korea, RGDP, Expenditure, Domestic demand, Gross capital formation, Gross fixed capital formation, Facilities investment, Transport equipment, SA, KRW bn",None,line
"Korea, RGDP, Expenditure, Domestic demand, Gross capital formation, Gross fixed capital formation, Intellectual property products, Other intellectual property products, SA, KRW bn","Korea, RGDP, Expenditure, Domestic demand, Gross capital formation, Gross fixed capital formation, Intellectual property products, Other intellectual property products, SA, KRW bn",None,line
"Korea, RGDP, Expenditure, Domestic demand, Gross capital formation, Gross fixed capital formation, Intellectual property products, Research and development, SA, KRW bn","Korea, RGDP, Expenditure, Domestic demand, Gross capital formation, Gross fixed capital formation, Intellectual property products, Research and development, SA, KRW bn",None,line
"Korea, RGDP, Expenditure, Domestic demand, Private consumption, Household consumption, Direct purchases abroad by resident households, SA, KRW bn","Korea, RGDP, Expenditure, Domestic demand, Private consumption, Household consumption, Direct purchases abroad by resident households, SA, KRW bn",None,line
"Korea, RGDP, Expenditure, Domestic demand, Private consumption, Household consumption, Direct purchases in the domestic market by non-resident households, SA, KRW bn","Korea, RGDP, Expenditure, Domestic demand, Private consumption, Household consumption, Direct purchases in the domestic market by non-resident households, SA, KRW bn",None,line
"Korea, RGDP, Expenditure, Domestic demand, Private consumption, Household consumption, Domestic final consumption, Durable goods, SA, KRW bn","Korea, RGDP, Expenditure, Domestic demand, Private consumption, Household consumption, Domestic final consumption, Durable goods, SA, KRW bn",None,line
"Korea, RGDP, Expenditure, Domestic demand, Private consumption, Household consumption, Domestic final consumption, Non-durable goods, SA, KRW bn","Korea, RGDP, Expenditure, Domestic demand, Private consumption, Household consumption, Domestic final consumption, Non-durable goods, SA, KRW bn",None,line
"Korea, RGDP, Expenditure, Domestic demand, Private consumption, Household consumption, Domestic final consumption, SA, KRW bn","Korea, RGDP, Expenditure, Domestic demand, Private consumption, Household consumption, Domestic final consumption, SA, KRW bn",None,line
"Korea, RGDP, Expenditure, Domestic demand, Private consumption, Household consumption, Domestic final consumption, Semi-durable goods, SA, KRW bn","Korea, RGDP, Expenditure, Domestic demand, Private consumption, Household consumption, Domestic final consumption, Semi-durable goods, SA, KRW bn",None,line
"Korea, RGDP, Expenditure, Domestic demand, Private consumption, Household consumption, Domestic final consumption, Services, SA, KRW bn","Korea, RGDP, Expenditure, Domestic demand, Private consumption, Household consumption, Domestic final consumption, Services, SA, KRW bn",None,line
"Korea, NGDP, Activity, Gross value added at basic prices, KRW bn","Korea, NGDP, Activity, Gross value added at basic prices, KRW bn",None,line
"Korea, NGDP, Activity, Gross value added at basic prices, SA, KRW bn","Korea, NGDP, Activity, Gross value added at basic prices, SA, KRW bn",None,line
"Korea, NGDP, Activity, KRW bn","Korea, NGDP, Activity, KRW bn",None,line
"Korea, NGDP, Activity, Mining, quarrying and manufacturing, KRW bn","Korea, NGDP, Activity, Mining, quarrying and manufacturing, KRW bn",None,line
"Korea, NGDP, Activity, Mining, quarrying and manufacturing, SA, KRW bn","Korea, NGDP, Activity, Mining, quarrying and manufacturing, SA, KRW bn",None,line
"Korea, NGDP, Activity, Net factor income from the rest of the world, KRW bn","Korea, NGDP, Activity, Net factor income from the rest of the world, KRW bn",None,line
"Korea, NGDP, Activity, Net factor income from the rest of the world, SA, KRW bn","Korea, NGDP, Activity, Net factor income from the rest of the world, SA, KRW bn",None,line
"Korea, NGDP, Activity, Primary, Agriculture, Animals, KRW bn","Korea, NGDP, Activity, Primary, Agriculture, Animals, KRW bn",None,line
"Korea, NGDP, Activity, Primary, Agriculture, Cultivation, KRW bn","Korea, NGDP, Activity, Primary, Agriculture, Cultivation, KRW bn",None,line
"Korea, NGDP, Activity, Primary, Agriculture, Fishing and aquaculture, KRW bn","Korea, NGDP, Activity, Primary, Agriculture, Fishing and aquaculture, KRW bn",None,line
"Korea, NGDP, Activity, Primary, Agriculture, Forestry and logging, KRW bn","Korea, NGDP, Activity, Primary, Agriculture, Forestry and logging, KRW bn",None,line
"Korea, NGDP, Activity, Primary, Agriculture, KRW bn","Korea, NGDP, Activity, Primary, Agriculture, KRW bn",None,line
"Korea, NGDP, Activity, Primary, Agriculture, SA, KRW bn","Korea, NGDP, Activity, Primary, Agriculture, SA, KRW bn",None,line
"Korea, NGDP, Activity, Primary, Mining, KRW bn","Korea, NGDP, Activity, Primary, Mining, KRW bn",None,line
"Korea, NGDP, Activity, Primary, Mining, SA, KRW bn","Korea, NGDP, Activity, Primary, Mining, SA, KRW bn",None,line
"Korea, NGDP, Activity, SA, KRW bn","Korea, NGDP, Activity, SA, KRW bn",None,line
"Korea, NGDP, Activity, Secondary, Construction, Building construction and repair, Building repair, KRW bn","Korea, NGDP, Activity, Secondary, Construction, Building construction and repair, Building repair, KRW bn",None,line
"Korea, NGDP, Activity, Secondary, Construction, Building construction and repair, Building repair, SA, KRW bn","Korea, NGDP, Activity, Secondary, Construction, Building construction and repair, Building repair, SA, KRW bn",None,line
"Korea, NGDP, Activity, Secondary, Construction, Building construction and repair, KRW bn","Korea, NGDP, Activity, Secondary, Construction, Building construction and repair, KRW bn",None,line
"Korea, NGDP, Activity, Secondary, Construction, Building construction and repair, Non-residential, KRW bn","Korea, NGDP, Activity, Secondary, Construction, Building construction and repair, Non-residential, KRW bn",None,line
"Korea, NGDP, Activity, Secondary, Construction, Building construction and repair, Non-residential, SA, KRW bn","Korea, NGDP, Activity, Secondary, Construction, Building construction and repair, Non-residential, SA, KRW bn",None,line
"Korea, NGDP, Activity, Secondary, Construction, Building construction and repair, Residential, KRW bn","Korea, NGDP, Activity, Secondary, Construction, Building construction and repair, Residential, KRW bn",None,line
"Korea, NGDP, Activity, Secondary, Construction, Building construction and repair, Residential, SA, KRW bn","Korea, NGDP, Activity, Secondary, Construction, Building construction and repair, Residential, SA, KRW bn",None,line
"Korea, NGDP, Activity, Secondary, Construction, Building construction and repair, SA, KRW bn","Korea, NGDP, Activity, Secondary, Construction, Building construction and repair, SA, KRW bn",None,line
"Korea, NGDP, Activity, Secondary, Construction, Civil engineering, KRW bn","Korea, NGDP, Activity, Secondary, Construction, Civil engineering, KRW bn",None,line
"Korea, NGDP, Activity, Secondary, Construction, Civil engineering, SA, KRW bn","Korea, NGDP, Activity, Secondary, Construction, Civil engineering, SA, KRW bn",None,line
"Korea, NGDP, Activity, Secondary, Construction, KRW bn","Korea, NGDP, Activity, Secondary, Construction, KRW bn",None,line
"Korea, NGDP, Activity, Secondary, Construction, SA, KRW bn","Korea, NGDP, Activity, Secondary, Construction, SA, KRW bn",None,line
"Korea, NGDP, Activity, Secondary, Manufacturing, Basic metals, KRW bn","Korea, NGDP, Activity, Secondary, Manufacturing, Basic metals, KRW bn",None,line
"Korea, NGDP, Activity, Secondary, Manufacturing, Basic metals, SA, KRW bn","Korea, NGDP, Activity, Secondary, Manufacturing, Basic metals, SA, KRW bn",None,line
"Korea, NGDP, Activity, Secondary, Manufacturing, Chemicals and chemical products, KRW bn","Korea, NGDP, Activity, Secondary, Manufacturing, Chemicals and chemical products, KRW bn",None,line
"Korea, NGDP, Activity, Secondary, Manufacturing, Chemicals and chemical products, SA, KRW bn","Korea, NGDP, Activity, Secondary, Manufacturing, Chemicals and chemical products, SA, KRW bn",None,line
"Korea, NGDP, Activity, Secondary, Manufacturing, Coke and refined petroleum products, KRW bn","Korea, NGDP, Activity, Secondary, Manufacturing, Coke and refined petroleum products, KRW bn",None,line
"Korea, NGDP, Activity, Secondary, Manufacturing, Coke and refined petroleum products, SA, KRW bn","Korea, NGDP, Activity, Secondary, Manufacturing, Coke and refined petroleum products, SA, KRW bn",None,line
"Korea, NGDP, Activity, Secondary, Manufacturing, Computer, electronic and optical products, KRW bn","Korea, NGDP, Activity, Secondary, Manufacturing, Computer, electronic and optical products, KRW bn",None,line
"Korea, NGDP, Activity, Secondary, Manufacturing, Computer, electronic and optical products, SA, KRW bn","Korea, NGDP, Activity, Secondary, Manufacturing, Computer, electronic and optical products, SA, KRW bn",None,line
"Korea, NGDP, Activity, Secondary, Manufacturing, Electrical equipment, KRW bn","Korea, NGDP, Activity, Secondary, Manufacturing, Electrical equipment, KRW bn",None,line
"Korea, NGDP, Activity, Secondary, Manufacturing, Electrical equipment, SA, KRW bn","Korea, NGDP, Activity, Secondary, Manufacturing, Electrical equipment, SA, KRW bn",None,line
"Korea, NGDP, Activity, Secondary, Manufacturing, Fabricated metal products, KRW bn","Korea, NGDP, Activity, Secondary, Manufacturing, Fabricated metal products, KRW bn",None,line
"Korea, NGDP, Activity, Secondary, Manufacturing, Fabricated metal products, SA, KRW bn","Korea, NGDP, Activity, Secondary, Manufacturing, Fabricated metal products, SA, KRW bn",None,line
"Korea, NGDP, Activity, Secondary, Manufacturing, Food, beverages products, KRW bn","Korea, NGDP, Activity, Secondary, Manufacturing, Food, beverages products, KRW bn",None,line
"Korea, NGDP, Activity, Secondary, Manufacturing, Food, beverages products, SA, KRW bn","Korea, NGDP, Activity, Secondary, Manufacturing, Food, beverages products, SA, KRW bn",None,line
"Korea, NGDP, Activity, Secondary, Manufacturing, KRW bn","Korea, NGDP, Activity, Secondary, Manufacturing, KRW bn",None,line
"Korea, NGDP, Activity, Secondary, Manufacturing, Machinery and equipment, KRW bn","Korea, NGDP, Activity, Secondary, Manufacturing, Machinery and equipment, KRW bn",None,line
"Korea, NGDP, Activity, Secondary, Manufacturing, Machinery and equipment, SA, KRW bn","Korea, NGDP, Activity, Secondary, Manufacturing, Machinery and equipment, SA, KRW bn",None,line
"Korea, NGDP, Activity, Secondary, Manufacturing, Non-metallic mineral products, KRW bn","Korea, NGDP, Activity, Secondary, Manufacturing, Non-metallic mineral products, KRW bn",None,line
"Korea, NGDP, Activity, Secondary, Manufacturing, Non-metallic mineral products, SA, KRW bn","Korea, NGDP, Activity, Secondary, Manufacturing, Non-metallic mineral products, SA, KRW bn",None,line
"Korea, NGDP, Activity, Secondary, Manufacturing, Other Manufacturing, repair and installation of machinery and equipment, KRW bn","Korea, NGDP, Activity, Secondary, Manufacturing, Other Manufacturing, repair and installation of machinery and equipment, KRW bn",None,line
"Korea, NGDP, Activity, Secondary, Manufacturing, Other Manufacturing, repair and installation of machinery and equipment, SA, KRW bn","Korea, NGDP, Activity, Secondary, Manufacturing, Other Manufacturing, repair and installation of machinery and equipment, SA, KRW bn",None,line
"Korea, NGDP, Activity, Secondary, Manufacturing, SA, KRW bn","Korea, NGDP, Activity, Secondary, Manufacturing, SA, KRW bn",None,line
"Korea, NGDP, Activity, Secondary, Manufacturing, Textile and leather products, KRW bn","Korea, NGDP, Activity, Secondary, Manufacturing, Textile and leather products, KRW bn",None,line
"Korea, NGDP, Activity, Secondary, Manufacturing, Textile and leather products, SA, KRW bn","Korea, NGDP, Activity, Secondary, Manufacturing, Textile and leather products, SA, KRW bn",None,line
"Korea, NGDP, Activity, Secondary, Manufacturing, Transportation equipment, KRW bn","Korea, NGDP, Activity, Secondary, Manufacturing, Transportation equipment, KRW bn",None,line
"Korea, NGDP, Activity, Secondary, Manufacturing, Transportation equipment, SA, KRW bn","Korea, NGDP, Activity, Secondary, Manufacturing, Transportation equipment, SA, KRW bn",None,line
"Korea, NGDP, Activity, Secondary, Manufacturing, Wood and paper products, printing and reproduction of recorded media, KRW bn","Korea, NGDP, Activity, Secondary, Manufacturing, Wood and paper products, printing and reproduction of recorded media, KRW bn",None,line
"Korea, NGDP, Activity, Secondary, Manufacturing, Wood and paper products, printing and reproduction of recorded media, SA, KRW bn","Korea, NGDP, Activity, Secondary, Manufacturing, Wood and paper products, printing and reproduction of recorded media, SA, KRW bn",None,line
"Korea, NGDP, Activity, Secondary, Utilities, Electricity, KRW bn","Korea, NGDP, Activity, Secondary, Utilities, Electricity, KRW bn",None,line
"Korea, NGDP, Activity, Secondary, Utilities, Electricity, SA, KRW bn","Korea, NGDP, Activity, Secondary, Utilities, Electricity, SA, KRW bn",None,line
"Korea, NGDP, Activity, Secondary, Utilities, Gas, steam and air conditioning supply, KRW bn","Korea, NGDP, Activity, Secondary, Utilities, Gas, steam and air conditioning supply, KRW bn",None,line
"Korea, NGDP, Activity, Secondary, Utilities, Gas, steam and air conditioning supply, SA, KRW bn","Korea, NGDP, Activity, Secondary, Utilities, Gas, steam and air conditioning supply, SA, KRW bn",None,line
"Korea, NGDP, Activity, Secondary, Utilities, KRW bn","Korea, NGDP, Activity, Secondary, Utilities, KRW bn",None,line
"Korea, NGDP, Activity, Secondary, Utilities, SA, KRW bn","Korea, NGDP, Activity, Secondary, Utilities, SA, KRW bn",None,line
"Korea, NGDP, Activity, Secondary, Utilities, Water supply, sewerage, waste management and remediation activities, KRW bn","Korea, NGDP, Activity, Secondary, Utilities, Water supply, sewerage, waste management and remediation activities, KRW bn",None,line
"Korea, NGDP, Activity, Secondary, Utilities, Water supply, sewerage, waste management and remediation activities, SA, KRW bn","Korea, NGDP, Activity, Secondary, Utilities, Water supply, sewerage, waste management and remediation activities, SA, KRW bn",None,line
"Korea, NGDP, Activity, Taxes less subsidies on products, KRW bn","Korea, NGDP, Activity, Taxes less subsidies on products, KRW bn",None,line
"Korea, NGDP, Activity, Taxes less subsidies on products, SA, KRW bn","Korea, NGDP, Activity, Taxes less subsidies on products, SA, KRW bn",None,line
"Korea, NGDP, Activity, Tertiary, Accommodation and food services, KRW bn","Korea, NGDP, Activity, Tertiary, Accommodation and food services, KRW bn",None,line
"Korea, NGDP, Activity, Tertiary, Accommodation and food services, SA, KRW bn","Korea, NGDP, Activity, Tertiary, Accommodation and food services, SA, KRW bn",None,line
"Korea, NGDP, Activity, Tertiary, Arts, sports and recreation, KRW bn","Korea, NGDP, Activity, Tertiary, Arts, sports and recreation, KRW bn",None,line
"Korea, NGDP, Activity, Tertiary, Arts, sports and recreation, SA, KRW bn","Korea, NGDP, Activity, Tertiary, Arts, sports and recreation, SA, KRW bn",None,line
"Korea, NGDP, Activity, Tertiary, Business activities, Business support services, KRW bn","Korea, NGDP, Activity, Tertiary, Business activities, Business support services, KRW bn",None,line
"Korea, NGDP, Activity, Tertiary, Business activities, Business support services, SA, KRW bn","Korea, NGDP, Activity, Tertiary, Business activities, Business support services, SA, KRW bn",None,line
"Korea, NGDP, Activity, Tertiary, Business activities, KRW bn","Korea, NGDP, Activity, Tertiary, Business activities, KRW bn",None,line
"Korea, NGDP, Activity, Tertiary, Business activities, Professional, scientific and technical services, KRW bn","Korea, NGDP, Activity, Tertiary, Business activities, Professional, scientific and technical services, KRW bn",None,line
"Korea, NGDP, Activity, Tertiary, Business activities, Professional, scientific and technical services, SA, KRW bn","Korea, NGDP, Activity, Tertiary, Business activities, Professional, scientific and technical services, SA, KRW bn",None,line
"Korea, NGDP, Activity, Tertiary, Business activities, SA, KRW bn","Korea, NGDP, Activity, Tertiary, Business activities, SA, KRW bn",None,line
"Korea, NGDP, Activity, Tertiary, Cultural and other services, KRW bn","Korea, NGDP, Activity, Tertiary, Cultural and other services, KRW bn",None,line
"Korea, NGDP, Activity, Tertiary, Cultural and other services, SA, KRW bn","Korea, NGDP, Activity, Tertiary, Cultural and other services, SA, KRW bn",None,line
"Korea, NGDP, Activity, Tertiary, Education, KRW bn","Korea, NGDP, Activity, Tertiary, Education, KRW bn",None,line
"Korea, NGDP, Activity, Tertiary, Education, SA, KRW bn","Korea, NGDP, Activity, Tertiary, Education, SA, KRW bn",None,line
"Korea, NGDP, Activity, Tertiary, Finance and insurance, KRW bn","Korea, NGDP, Activity, Tertiary, Finance and insurance, KRW bn",None,line
"Korea, NGDP, Activity, Tertiary, Finance and insurance, SA, KRW bn","Korea, NGDP, Activity, Tertiary, Finance and insurance, SA, KRW bn",None,line
"Korea, NGDP, Activity, Tertiary, Human health and social work, KRW bn","Korea, NGDP, Activity, Tertiary, Human health and social work, KRW bn",None,line
"Korea, NGDP, Activity, Tertiary, Human health and social work, SA, KRW bn","Korea, NGDP, Activity, Tertiary, Human health and social work, SA, KRW bn",None,line
"Korea, NGDP, Activity, Tertiary, Information and communication, Communication, KRW bn","Korea, NGDP, Activity, Tertiary, Information and communication, Communication, KRW bn",None,line
"Korea, NGDP, Activity, Tertiary, Information and communication, Communication, SA, KRW bn","Korea, NGDP, Activity, Tertiary, Information and communication, Communication, SA, KRW bn",None,line
"Korea, NGDP, Activity, Tertiary, Information and communication, KRW bn","Korea, NGDP, Activity, Tertiary, Information and communication, KRW bn",None,line
"Korea, NGDP, Activity, Tertiary, Information and communication, Publishing, broadcasting, motion picture, video and television programme production, and information service, KRW bn","Korea, NGDP, Activity, Tertiary, Information and communication, Publishing, broadcasting, motion picture, video and television programme production, and information service, KRW bn",None,line
"Korea, NGDP, Activity, Tertiary, Information and communication, Publishing, broadcasting, motion picture, video and television programme production, and information service, SA, KRW bn","Korea, NGDP, Activity, Tertiary, Information and communication, Publishing, broadcasting, motion picture, video and television programme production, and information service, SA, KRW bn",None,line
"Korea, NGDP, Activity, Tertiary, Information and communication, SA, KRW bn","Korea, NGDP, Activity, Tertiary, Information and communication, SA, KRW bn",None,line
"Korea, NGDP, Activity, Tertiary, KRW bn","Korea, NGDP, Activity, Tertiary, KRW bn",None,line
"Korea, NGDP, Activity, Tertiary, Other services, KRW bn","Korea, NGDP, Activity, Tertiary, Other services, KRW bn",None,line
"Korea, NGDP, Activity, Tertiary, Other services, SA, KRW bn","Korea, NGDP, Activity, Tertiary, Other services, SA, KRW bn",None,line
"Korea, NGDP, Activity, Tertiary, Public administration, defence and social security, KRW bn","Korea, NGDP, Activity, Tertiary, Public administration, defence and social security, KRW bn",None,line
"Korea, NGDP, Activity, Tertiary, Public administration, defence and social security, SA, KRW bn","Korea, NGDP, Activity, Tertiary, Public administration, defence and social security, SA, KRW bn",None,line
"Korea, NGDP, Activity, Tertiary, Real estate, KRW bn","Korea, NGDP, Activity, Tertiary, Real estate, KRW bn",None,line
"Korea, NGDP, Activity, Tertiary, Real estate, SA, KRW bn","Korea, NGDP, Activity, Tertiary, Real estate, SA, KRW bn",None,line
"Korea, NGDP, Activity, Tertiary, SA, KRW bn","Korea, NGDP, Activity, Tertiary, SA, KRW bn",None,line
"Korea, NGDP, Activity, Tertiary, Transportation and storage, KRW bn","Korea, NGDP, Activity, Tertiary, Transportation and storage, KRW bn",None,line
"Korea, NGDP, Activity, Tertiary, Transportation and storage, SA, KRW bn","Korea, NGDP, Activity, Tertiary, Transportation and storage, SA, KRW bn",None,line
"Korea, NGDP, Activity, Tertiary, Wholesale and retail trade, KRW bn","Korea, NGDP, Activity, Tertiary, Wholesale and retail trade, KRW bn",None,line
"Korea, NGDP, Activity, Tertiary, Wholesale and retail trade, SA, KRW bn","Korea, NGDP, Activity, Tertiary, Wholesale and retail trade, SA, KRW bn",None,line
"Korea, NGDP, Activity, Tertiary, Wholesale and retail trade, accommodation and food services, KRW bn","Korea, NGDP, Activity, Tertiary, Wholesale and retail trade, accommodation and food services, KRW bn",None,line
"Korea, NGDP, Activity, Tertiary, Wholesale and retail trade, accommodation and food services, SA, KRW bn","Korea, NGDP, Activity, Tertiary, Wholesale and retail trade, accommodation and food services, SA, KRW bn",None,line
"Korea, NGDP, Activity, gdp_at_market_prices, KRW bn","Korea, NGDP, Activity, gdp_at_market_prices, KRW bn",None,line
"Korea, NGDP, Activity, gdp_at_market_prices, SA, KRW bn","Korea, NGDP, Activity, gdp_at_market_prices, SA, KRW bn",None,line
"Korea, NGDP, Activity, gni, KRW bn","Korea, NGDP, Activity, gni, KRW bn",None,line
"Korea, NGDP, Activity, gni, SA, KRW bn","Korea, NGDP, Activity, gni, SA, KRW bn",None,line
"Korea, NGDP, Activity, gross_value_added_at_basic_prices, KRW bn","Korea, NGDP, Activity, gross_value_added_at_basic_prices, KRW bn",None,line
"Korea, NGDP, Activity, gross_value_added_at_basic_prices, SA, KRW bn","Korea, NGDP, Activity, gross_value_added_at_basic_prices, SA, KRW bn",None,line
"Korea, NGDP, Activity, mining_and_manufacturing, KRW bn","Korea, NGDP, Activity, mining_and_manufacturing, KRW bn",None,line
"Korea, NGDP, Activity, mining_and_manufacturing, SA, KRW bn","Korea, NGDP, Activity, mining_and_manufacturing, SA, KRW bn",None,line
"Korea, NGDP, Activity, net_factor_income_from_the_rest_of_the_w, KRW bn","Korea, NGDP, Activity, net_factor_income_from_the_rest_of_the_w, KRW bn",None,line
"Korea, NGDP, Activity, net_factor_income_from_the_rest_of_the_w, SA, KRW bn","Korea, NGDP, Activity, net_factor_income_from_the_rest_of_the_w, SA, KRW bn",None,line
"Korea, NGDP, Activity, primary>agriculture, KRW bn","Korea, NGDP, Activity, primary>agriculture, KRW bn",None,line
"Korea, NGDP, Activity, primary>agriculture, SA, KRW bn","Korea, NGDP, Activity, primary>agriculture, SA, KRW bn",None,line
"Korea, NGDP, Activity, primary>agriculture>animals, KRW bn","Korea, NGDP, Activity, primary>agriculture>animals, KRW bn",None,line
"Korea, NGDP, Activity, primary>agriculture>cultivation, KRW bn","Korea, NGDP, Activity, primary>agriculture>cultivation, KRW bn",None,line
"Korea, NGDP, Activity, primary>agriculture>fishing_and_aquaculture, KRW bn","Korea, NGDP, Activity, primary>agriculture>fishing_and_aquaculture, KRW bn",None,line
"Korea, NGDP, Activity, primary>agriculture>forestry_and_logging, KRW bn","Korea, NGDP, Activity, primary>agriculture>forestry_and_logging, KRW bn",None,line
"Korea, NGDP, Activity, primary>mining_and_quarrying, KRW bn","Korea, NGDP, Activity, primary>mining_and_quarrying, KRW bn",None,line
"Korea, NGDP, Activity, primary>mining_and_quarrying, SA, KRW bn","Korea, NGDP, Activity, primary>mining_and_quarrying, SA, KRW bn",None,line
"Korea, NGDP, Activity, secondary>construction, KRW bn","Korea, NGDP, Activity, secondary>construction, KRW bn",None,line
"Korea, NGDP, Activity, secondary>construction, SA, KRW bn","Korea, NGDP, Activity, secondary>construction, SA, KRW bn",None,line
"Korea, NGDP, Activity, secondary>construction>building_construction_and_repair, KRW bn","Korea, NGDP, Activity, secondary>construction>building_construction_and_repair, KRW bn",None,line
"Korea, NGDP, Activity, secondary>construction>building_construction_and_repair, SA, KRW bn","Korea, NGDP, Activity, secondary>construction>building_construction_and_repair, SA, KRW bn",None,line
"Korea, NGDP, Activity, secondary>construction>building_construction_and_repair>building_repair, KRW bn","Korea, NGDP, Activity, secondary>construction>building_construction_and_repair>building_repair, KRW bn",None,line
"Korea, NGDP, Activity, secondary>construction>building_construction_and_repair>building_repair, SA, KRW bn","Korea, NGDP, Activity, secondary>construction>building_construction_and_repair>building_repair, SA, KRW bn",None,line
"Korea, NGDP, Activity, secondary>construction>building_construction_and_repair>non_residential, KRW bn","Korea, NGDP, Activity, secondary>construction>building_construction_and_repair>non_residential, KRW bn",None,line
"Korea, NGDP, Activity, secondary>construction>building_construction_and_repair>non_residential, SA, KRW bn","Korea, NGDP, Activity, secondary>construction>building_construction_and_repair>non_residential, SA, KRW bn",None,line
"Korea, NGDP, Activity, secondary>construction>building_construction_and_repair>residential, KRW bn","Korea, NGDP, Activity, secondary>construction>building_construction_and_repair>residential, KRW bn",None,line
"Korea, NGDP, Activity, secondary>construction>building_construction_and_repair>residential, SA, KRW bn","Korea, NGDP, Activity, secondary>construction>building_construction_and_repair>residential, SA, KRW bn",None,line
"Korea, NGDP, Activity, secondary>construction>civil_engineering, KRW bn","Korea, NGDP, Activity, secondary>construction>civil_engineering, KRW bn",None,line
"Korea, NGDP, Activity, secondary>construction>civil_engineering, SA, KRW bn","Korea, NGDP, Activity, secondary>construction>civil_engineering, SA, KRW bn",None,line
"Korea, NGDP, Activity, secondary>manufacturing, KRW bn","Korea, NGDP, Activity, secondary>manufacturing, KRW bn",None,line
"Korea, NGDP, Activity, secondary>manufacturing, SA, KRW bn","Korea, NGDP, Activity, secondary>manufacturing, SA, KRW bn",None,line
"Korea, NGDP, Activity, secondary>manufacturing>basic_metals, KRW bn","Korea, NGDP, Activity, secondary>manufacturing>basic_metals, KRW bn",None,line
"Korea, NGDP, Activity, secondary>manufacturing>basic_metals, SA, KRW bn","Korea, NGDP, Activity, secondary>manufacturing>basic_metals, SA, KRW bn",None,line
"Korea, NGDP, Activity, secondary>manufacturing>chemicals_and_chemical_products, KRW bn","Korea, NGDP, Activity, secondary>manufacturing>chemicals_and_chemical_products, KRW bn",None,line
"Korea, NGDP, Activity, secondary>manufacturing>chemicals_and_chemical_products, SA, KRW bn","Korea, NGDP, Activity, secondary>manufacturing>chemicals_and_chemical_products, SA, KRW bn",None,line
"Korea, NGDP, Activity, secondary>manufacturing>coke_and_refined_petroleum_products, KRW bn","Korea, NGDP, Activity, secondary>manufacturing>coke_and_refined_petroleum_products, KRW bn",None,line
"Korea, NGDP, Activity, secondary>manufacturing>coke_and_refined_petroleum_products, SA, KRW bn","Korea, NGDP, Activity, secondary>manufacturing>coke_and_refined_petroleum_products, SA, KRW bn",None,line
"Korea, NGDP, Activity, secondary>manufacturing>computer_and_electronics, KRW bn","Korea, NGDP, Activity, secondary>manufacturing>computer_and_electronics, KRW bn",None,line
"Korea, NGDP, Activity, secondary>manufacturing>computer_and_electronics, SA, KRW bn","Korea, NGDP, Activity, secondary>manufacturing>computer_and_electronics, SA, KRW bn",None,line
"Korea, NGDP, Activity, secondary>manufacturing>electrical_equipment, KRW bn","Korea, NGDP, Activity, secondary>manufacturing>electrical_equipment, KRW bn",None,line
"Korea, NGDP, Activity, secondary>manufacturing>electrical_equipment, SA, KRW bn","Korea, NGDP, Activity, secondary>manufacturing>electrical_equipment, SA, KRW bn",None,line
"Korea, NGDP, Activity, secondary>manufacturing>fabricated_metal_products, KRW bn","Korea, NGDP, Activity, secondary>manufacturing>fabricated_metal_products, KRW bn",None,line
"Korea, NGDP, Activity, secondary>manufacturing>fabricated_metal_products, SA, KRW bn","Korea, NGDP, Activity, secondary>manufacturing>fabricated_metal_products, SA, KRW bn",None,line
"Korea, NGDP, Activity, secondary>manufacturing>food_beverages_products, KRW bn","Korea, NGDP, Activity, secondary>manufacturing>food_beverages_products, KRW bn",None,line
"Korea, NGDP, Activity, secondary>manufacturing>food_beverages_products, SA, KRW bn","Korea, NGDP, Activity, secondary>manufacturing>food_beverages_products, SA, KRW bn",None,line
"Korea, NGDP, Activity, secondary>manufacturing>machinery_and_equipment, KRW bn","Korea, NGDP, Activity, secondary>manufacturing>machinery_and_equipment, KRW bn",None,line
"Korea, NGDP, Activity, secondary>manufacturing>machinery_and_equipment, SA, KRW bn","Korea, NGDP, Activity, secondary>manufacturing>machinery_and_equipment, SA, KRW bn",None,line
"Korea, NGDP, Activity, secondary>manufacturing>other_manufacturing_repair_and_installat, KRW bn","Korea, NGDP, Activity, secondary>manufacturing>other_manufacturing_repair_and_installat, KRW bn",None,line
"Korea, NGDP, Activity, secondary>manufacturing>other_manufacturing_repair_and_installat, SA, KRW bn","Korea, NGDP, Activity, secondary>manufacturing>other_manufacturing_repair_and_installat, SA, KRW bn",None,line
"Korea, NGDP, Activity, secondary>manufacturing>other_non_metallic_mineral_products, KRW bn","Korea, NGDP, Activity, secondary>manufacturing>other_non_metallic_mineral_products, KRW bn",None,line
"Korea, NGDP, Activity, secondary>manufacturing>other_non_metallic_mineral_products, SA, KRW bn","Korea, NGDP, Activity, secondary>manufacturing>other_non_metallic_mineral_products, SA, KRW bn",None,line
"Korea, NGDP, Activity, secondary>manufacturing>textile_and_leather_products, KRW bn","Korea, NGDP, Activity, secondary>manufacturing>textile_and_leather_products, KRW bn",None,line
"Korea, NGDP, Activity, secondary>manufacturing>textile_and_leather_products, SA, KRW bn","Korea, NGDP, Activity, secondary>manufacturing>textile_and_leather_products, SA, KRW bn",None,line
"Korea, NGDP, Activity, secondary>manufacturing>transportation_equipment, KRW bn","Korea, NGDP, Activity, secondary>manufacturing>transportation_equipment, KRW bn",None,line
"Korea, NGDP, Activity, secondary>manufacturing>transportation_equipment, SA, KRW bn","Korea, NGDP, Activity, secondary>manufacturing>transportation_equipment, SA, KRW bn",None,line
"Korea, NGDP, Activity, secondary>manufacturing>wood_and_paper_products_printing_and_rep, KRW bn","Korea, NGDP, Activity, secondary>manufacturing>wood_and_paper_products_printing_and_rep, KRW bn",None,line
"Korea, NGDP, Activity, secondary>manufacturing>wood_and_paper_products_printing_and_rep, SA, KRW bn","Korea, NGDP, Activity, secondary>manufacturing>wood_and_paper_products_printing_and_rep, SA, KRW bn",None,line
"Korea, NGDP, Activity, secondary>utilities, KRW bn","Korea, NGDP, Activity, secondary>utilities, KRW bn",None,line
"Korea, NGDP, Activity, secondary>utilities, SA, KRW bn","Korea, NGDP, Activity, secondary>utilities, SA, KRW bn",None,line
"Korea, NGDP, Activity, secondary>utilities>electricity, KRW bn","Korea, NGDP, Activity, secondary>utilities>electricity, KRW bn",None,line
"Korea, NGDP, Activity, secondary>utilities>electricity, SA, KRW bn","Korea, NGDP, Activity, secondary>utilities>electricity, SA, KRW bn",None,line
"Korea, NGDP, Activity, secondary>utilities>gas_steam_and_air_conditioning_supply, KRW bn","Korea, NGDP, Activity, secondary>utilities>gas_steam_and_air_conditioning_supply, KRW bn",None,line
"Korea, NGDP, Activity, secondary>utilities>gas_steam_and_air_conditioning_supply, SA, KRW bn","Korea, NGDP, Activity, secondary>utilities>gas_steam_and_air_conditioning_supply, SA, KRW bn",None,line
"Korea, NGDP, Activity, secondary>utilities>water_supply_sewerage_waste_management_a, KRW bn","Korea, NGDP, Activity, secondary>utilities>water_supply_sewerage_waste_management_a, KRW bn",None,line
"Korea, NGDP, Activity, secondary>utilities>water_supply_sewerage_waste_management_a, SA, KRW bn","Korea, NGDP, Activity, secondary>utilities>water_supply_sewerage_waste_management_a, SA, KRW bn",None,line
"Korea, NGDP, Activity, taxes_less_subsidies_on_products, KRW bn","Korea, NGDP, Activity, taxes_less_subsidies_on_products, KRW bn",None,line
"Korea, NGDP, Activity, taxes_less_subsidies_on_products, SA, KRW bn","Korea, NGDP, Activity, taxes_less_subsidies_on_products, SA, KRW bn",None,line
"Korea, NGDP, Activity, tertiary, KRW bn","Korea, NGDP, Activity, tertiary, KRW bn",None,line
"Korea, NGDP, Activity, tertiary, SA, KRW bn","Korea, NGDP, Activity, tertiary, SA, KRW bn",None,line
"Korea, NGDP, Activity, tertiary>accommodation_and_food_services_2, KRW bn","Korea, NGDP, Activity, tertiary>accommodation_and_food_services_2, KRW bn",None,line
"Korea, NGDP, Activity, tertiary>accommodation_and_food_services_2, SA, KRW bn","Korea, NGDP, Activity, tertiary>accommodation_and_food_services_2, SA, KRW bn",None,line
"Korea, NGDP, Activity, tertiary>arts_sports_and_recreation, KRW bn","Korea, NGDP, Activity, tertiary>arts_sports_and_recreation, KRW bn",None,line
"Korea, NGDP, Activity, tertiary>arts_sports_and_recreation, SA, KRW bn","Korea, NGDP, Activity, tertiary>arts_sports_and_recreation, SA, KRW bn",None,line
"Korea, NGDP, Activity, tertiary>business_activities, KRW bn","Korea, NGDP, Activity, tertiary>business_activities, KRW bn",None,line
"Korea, NGDP, Activity, tertiary>business_activities, SA, KRW bn","Korea, NGDP, Activity, tertiary>business_activities, SA, KRW bn",None,line
"Korea, NGDP, Activity, tertiary>business_activities>business_support_services, KRW bn","Korea, NGDP, Activity, tertiary>business_activities>business_support_services, KRW bn",None,line
"Korea, NGDP, Activity, tertiary>business_activities>business_support_services, SA, KRW bn","Korea, NGDP, Activity, tertiary>business_activities>business_support_services, SA, KRW bn",None,line
"Korea, NGDP, Activity, tertiary>business_activities>professional_scientific_and_technical_se, KRW bn","Korea, NGDP, Activity, tertiary>business_activities>professional_scientific_and_technical_se, KRW bn",None,line
"Korea, NGDP, Activity, tertiary>business_activities>professional_scientific_and_technical_se, SA, KRW bn","Korea, NGDP, Activity, tertiary>business_activities>professional_scientific_and_technical_se, SA, KRW bn",None,line
"Korea, NGDP, Activity, tertiary>cultural_and_other_services, KRW bn","Korea, NGDP, Activity, tertiary>cultural_and_other_services, KRW bn",None,line
"Korea, NGDP, Activity, tertiary>cultural_and_other_services, SA, KRW bn","Korea, NGDP, Activity, tertiary>cultural_and_other_services, SA, KRW bn",None,line
"Korea, NGDP, Activity, tertiary>education, KRW bn","Korea, NGDP, Activity, tertiary>education, KRW bn",None,line
"Korea, NGDP, Activity, tertiary>education, SA, KRW bn","Korea, NGDP, Activity, tertiary>education, SA, KRW bn",None,line
"Korea, NGDP, Activity, tertiary>finance_and_insurance, KRW bn","Korea, NGDP, Activity, tertiary>finance_and_insurance, KRW bn",None,line
"Korea, NGDP, Activity, tertiary>finance_and_insurance, SA, KRW bn","Korea, NGDP, Activity, tertiary>finance_and_insurance, SA, KRW bn",None,line
"Korea, NGDP, Activity, tertiary>human_health_and_social_work, KRW bn","Korea, NGDP, Activity, tertiary>human_health_and_social_work, KRW bn",None,line
"Korea, NGDP, Activity, tertiary>human_health_and_social_work, SA, KRW bn","Korea, NGDP, Activity, tertiary>human_health_and_social_work, SA, KRW bn",None,line
"Korea, NGDP, Activity, tertiary>information_and_communication, KRW bn","Korea, NGDP, Activity, tertiary>information_and_communication, KRW bn",None,line
"Korea, NGDP, Activity, tertiary>information_and_communication, SA, KRW bn","Korea, NGDP, Activity, tertiary>information_and_communication, SA, KRW bn",None,line
"Korea, NGDP, Activity, tertiary>information_and_communication>communication, KRW bn","Korea, NGDP, Activity, tertiary>information_and_communication>communication, KRW bn",None,line
"Korea, NGDP, Activity, tertiary>information_and_communication>communication, SA, KRW bn","Korea, NGDP, Activity, tertiary>information_and_communication>communication, SA, KRW bn",None,line
"Korea, NGDP, Activity, tertiary>information_and_communication>publishing_broadcasting_motion_picture_v, KRW bn","Korea, NGDP, Activity, tertiary>information_and_communication>publishing_broadcasting_motion_picture_v, KRW bn",None,line
"Korea, NGDP, Activity, tertiary>information_and_communication>publishing_broadcasting_motion_picture_v, SA, KRW bn","Korea, NGDP, Activity, tertiary>information_and_communication>publishing_broadcasting_motion_picture_v, SA, KRW bn",None,line
"Korea, NGDP, Activity, tertiary>other_services, KRW bn","Korea, NGDP, Activity, tertiary>other_services, KRW bn",None,line
"Korea, NGDP, Activity, tertiary>other_services, SA, KRW bn","Korea, NGDP, Activity, tertiary>other_services, SA, KRW bn",None,line
"Korea, NGDP, Activity, tertiary>public_administration_defence_and_social, KRW bn","Korea, NGDP, Activity, tertiary>public_administration_defence_and_social, KRW bn",None,line
"Korea, NGDP, Activity, tertiary>public_administration_defence_and_social, SA, KRW bn","Korea, NGDP, Activity, tertiary>public_administration_defence_and_social, SA, KRW bn",None,line
"Korea, NGDP, Activity, tertiary>real_estate, KRW bn","Korea, NGDP, Activity, tertiary>real_estate, KRW bn",None,line
"Korea, NGDP, Activity, tertiary>real_estate, SA, KRW bn","Korea, NGDP, Activity, tertiary>real_estate, SA, KRW bn",None,line
"Korea, NGDP, Activity, tertiary>transportation_and_storage, KRW bn","Korea, NGDP, Activity, tertiary>transportation_and_storage, KRW bn",None,line
"Korea, NGDP, Activity, tertiary>transportation_and_storage, SA, KRW bn","Korea, NGDP, Activity, tertiary>transportation_and_storage, SA, KRW bn",None,line
"Korea, NGDP, Activity, tertiary>wholesale_and_retail_trade, KRW bn","Korea, NGDP, Activity, tertiary>wholesale_and_retail_trade, KRW bn",None,line
"Korea, NGDP, Activity, tertiary>wholesale_and_retail_trade, SA, KRW bn","Korea, NGDP, Activity, tertiary>wholesale_and_retail_trade, SA, KRW bn",None,line
"Korea, NGDP, Activity, tertiary>wholesale_and_retail_trade>accommodation_and_food_services, KRW bn","Korea, NGDP, Activity, tertiary>wholesale_and_retail_trade>accommodation_and_food_services, KRW bn",None,line
"Korea, NGDP, Activity, tertiary>wholesale_and_retail_trade>accommodation_and_food_services, SA, KRW bn","Korea, NGDP, Activity, tertiary>wholesale_and_retail_trade>accommodation_and_food_services, SA, KRW bn",None,line
"Korea, RGDI, KRW bn","Korea, RGDI, KRW bn",None,line
"Korea, RGDI, SA, KRW bn","Korea, RGDI, SA, KRW bn",None,line
"Korea, RGDP, Activity, Gross value added at basic prices, KRW bn","Korea, RGDP, Activity, Gross value added at basic prices, KRW bn",None,line
"Korea, RGDP, Activity, Gross value added at basic prices, SA, KRW bn","Korea, RGDP, Activity, Gross value added at basic prices, SA, KRW bn",None,line
"Korea, RGDP, Activity, KRW bn","Korea, RGDP, Activity, KRW bn",None,line
"Korea, RGDP, Activity, Mining, quarrying and manufacturing, KRW bn","Korea, RGDP, Activity, Mining, quarrying and manufacturing, KRW bn",None,line
"Korea, RGDP, Activity, Mining, quarrying and manufacturing, SA, KRW bn","Korea, RGDP, Activity, Mining, quarrying and manufacturing, SA, KRW bn",None,line
"Korea, RGDP, Activity, Net factor income from the rest of the world, KRW bn","Korea, RGDP, Activity, Net factor income from the rest of the world, KRW bn",None,line
"Korea, RGDP, Activity, Net factor income from the rest of the world, SA, KRW bn","Korea, RGDP, Activity, Net factor income from the rest of the world, SA, KRW bn",None,line
"Korea, RGDP, Activity, Primary, Agriculture, Animals, KRW bn","Korea, RGDP, Activity, Primary, Agriculture, Animals, KRW bn",None,line
"Korea, RGDP, Activity, Primary, Agriculture, Cultivation, KRW bn","Korea, RGDP, Activity, Primary, Agriculture, Cultivation, KRW bn",None,line
"Korea, RGDP, Activity, Primary, Agriculture, Fishing and aquaculture, KRW bn","Korea, RGDP, Activity, Primary, Agriculture, Fishing and aquaculture, KRW bn",None,line
"Korea, RGDP, Activity, Primary, Agriculture, Forestry and logging, KRW bn","Korea, RGDP, Activity, Primary, Agriculture, Forestry and logging, KRW bn",None,line
"Korea, RGDP, Activity, Primary, Agriculture, KRW bn","Korea, RGDP, Activity, Primary, Agriculture, KRW bn",None,line
"Korea, RGDP, Activity, Primary, Agriculture, SA, KRW bn","Korea, RGDP, Activity, Primary, Agriculture, SA, KRW bn",None,line
"Korea, RGDP, Activity, Primary, Mining, KRW bn","Korea, RGDP, Activity, Primary, Mining, KRW bn",None,line
"Korea, RGDP, Activity, Primary, Mining, SA, KRW bn","Korea, RGDP, Activity, Primary, Mining, SA, KRW bn",None,line
"Korea, RGDP, Activity, SA, KRW bn","Korea, RGDP, Activity, SA, KRW bn",None,line
"Korea, RGDP, Activity, Secondary, Construction, Building construction and repair, Building repair, KRW bn","Korea, RGDP, Activity, Secondary, Construction, Building construction and repair, Building repair, KRW bn",None,line
"Korea, RGDP, Activity, Secondary, Construction, Building construction and repair, Building repair, SA, KRW bn","Korea, RGDP, Activity, Secondary, Construction, Building construction and repair, Building repair, SA, KRW bn",None,line
"Korea, RGDP, Activity, Secondary, Construction, Building construction and repair, KRW bn","Korea, RGDP, Activity, Secondary, Construction, Building construction and repair, KRW bn",None,line
"Korea, RGDP, Activity, Secondary, Construction, Building construction and repair, Non-residential, KRW bn","Korea, RGDP, Activity, Secondary, Construction, Building construction and repair, Non-residential, KRW bn",None,line
"Korea, RGDP, Activity, Secondary, Construction, Building construction and repair, Non-residential, SA, KRW bn","Korea, RGDP, Activity, Secondary, Construction, Building construction and repair, Non-residential, SA, KRW bn",None,line
"Korea, RGDP, Activity, Secondary, Construction, Building construction and repair, Residential, KRW bn","Korea, RGDP, Activity, Secondary, Construction, Building construction and repair, Residential, KRW bn",None,line
"Korea, RGDP, Activity, Secondary, Construction, Building construction and repair, Residential, SA, KRW bn","Korea, RGDP, Activity, Secondary, Construction, Building construction and repair, Residential, SA, KRW bn",None,line
"Korea, RGDP, Activity, Secondary, Construction, Building construction and repair, SA, KRW bn","Korea, RGDP, Activity, Secondary, Construction, Building construction and repair, SA, KRW bn",None,line
"Korea, RGDP, Activity, Secondary, Construction, Civil engineering, KRW bn","Korea, RGDP, Activity, Secondary, Construction, Civil engineering, KRW bn",None,line
"Korea, RGDP, Activity, Secondary, Construction, Civil engineering, SA, KRW bn","Korea, RGDP, Activity, Secondary, Construction, Civil engineering, SA, KRW bn",None,line
"Korea, RGDP, Activity, Secondary, Construction, KRW bn","Korea, RGDP, Activity, Secondary, Construction, KRW bn",None,line
"Korea, RGDP, Activity, Secondary, Construction, SA, KRW bn","Korea, RGDP, Activity, Secondary, Construction, SA, KRW bn",None,line
"Korea, RGDP, Activity, Secondary, Manufacturing, Basic metals, KRW bn","Korea, RGDP, Activity, Secondary, Manufacturing, Basic metals, KRW bn",None,line
"Korea, RGDP, Activity, Secondary, Manufacturing, Basic metals, SA, KRW bn","Korea, RGDP, Activity, Secondary, Manufacturing, Basic metals, SA, KRW bn",None,line
"Korea, RGDP, Activity, Secondary, Manufacturing, Chemicals and chemical products, KRW bn","Korea, RGDP, Activity, Secondary, Manufacturing, Chemicals and chemical products, KRW bn",None,line
"Korea, RGDP, Activity, Secondary, Manufacturing, Chemicals and chemical products, SA, KRW bn","Korea, RGDP, Activity, Secondary, Manufacturing, Chemicals and chemical products, SA, KRW bn",None,line
"Korea, RGDP, Activity, Secondary, Manufacturing, Coke and refined petroleum products, KRW bn","Korea, RGDP, Activity, Secondary, Manufacturing, Coke and refined petroleum products, KRW bn",None,line
"Korea, RGDP, Activity, Secondary, Manufacturing, Coke and refined petroleum products, SA, KRW bn","Korea, RGDP, Activity, Secondary, Manufacturing, Coke and refined petroleum products, SA, KRW bn",None,line
"Korea, RGDP, Activity, Secondary, Manufacturing, Computer, electronic and optical products, KRW bn","Korea, RGDP, Activity, Secondary, Manufacturing, Computer, electronic and optical products, KRW bn",None,line
"Korea, RGDP, Activity, Secondary, Manufacturing, Computer, electronic and optical products, SA, KRW bn","Korea, RGDP, Activity, Secondary, Manufacturing, Computer, electronic and optical products, SA, KRW bn",None,line
"Korea, RGDP, Activity, Secondary, Manufacturing, Electrical equipment, KRW bn","Korea, RGDP, Activity, Secondary, Manufacturing, Electrical equipment, KRW bn",None,line
"Korea, RGDP, Activity, Secondary, Manufacturing, Electrical equipment, SA, KRW bn","Korea, RGDP, Activity, Secondary, Manufacturing, Electrical equipment, SA, KRW bn",None,line
"Korea, RGDP, Activity, Secondary, Manufacturing, Fabricated metal products, KRW bn","Korea, RGDP, Activity, Secondary, Manufacturing, Fabricated metal products, KRW bn",None,line
"Korea, RGDP, Activity, Secondary, Manufacturing, Fabricated metal products, SA, KRW bn","Korea, RGDP, Activity, Secondary, Manufacturing, Fabricated metal products, SA, KRW bn",None,line
"Korea, RGDP, Activity, Secondary, Manufacturing, Food, beverages products, KRW bn","Korea, RGDP, Activity, Secondary, Manufacturing, Food, beverages products, KRW bn",None,line
"Korea, RGDP, Activity, Secondary, Manufacturing, Food, beverages products, SA, KRW bn","Korea, RGDP, Activity, Secondary, Manufacturing, Food, beverages products, SA, KRW bn",None,line
"Korea, RGDP, Activity, Secondary, Manufacturing, KRW bn","Korea, RGDP, Activity, Secondary, Manufacturing, KRW bn",None,line
"Korea, RGDP, Activity, Secondary, Manufacturing, Machinery and equipment, KRW bn","Korea, RGDP, Activity, Secondary, Manufacturing, Machinery and equipment, KRW bn",None,line
"Korea, RGDP, Activity, Secondary, Manufacturing, Machinery and equipment, SA, KRW bn","Korea, RGDP, Activity, Secondary, Manufacturing, Machinery and equipment, SA, KRW bn",None,line
"Korea, RGDP, Activity, Secondary, Manufacturing, Non-metallic mineral products, KRW bn","Korea, RGDP, Activity, Secondary, Manufacturing, Non-metallic mineral products, KRW bn",None,line
"Korea, RGDP, Activity, Secondary, Manufacturing, Non-metallic mineral products, SA, KRW bn","Korea, RGDP, Activity, Secondary, Manufacturing, Non-metallic mineral products, SA, KRW bn",None,line
"Korea, RGDP, Activity, Secondary, Manufacturing, Other Manufacturing, repair and installation of machinery and equipment, KRW bn","Korea, RGDP, Activity, Secondary, Manufacturing, Other Manufacturing, repair and installation of machinery and equipment, KRW bn",None,line
"Korea, RGDP, Activity, Secondary, Manufacturing, Other Manufacturing, repair and installation of machinery and equipment, SA, KRW bn","Korea, RGDP, Activity, Secondary, Manufacturing, Other Manufacturing, repair and installation of machinery and equipment, SA, KRW bn",None,line
"Korea, RGDP, Activity, Secondary, Manufacturing, SA, KRW bn","Korea, RGDP, Activity, Secondary, Manufacturing, SA, KRW bn",None,line
"Korea, RGDP, Activity, Secondary, Manufacturing, Textile and leather products, KRW bn","Korea, RGDP, Activity, Secondary, Manufacturing, Textile and leather products, KRW bn",None,line
"Korea, RGDP, Activity, Secondary, Manufacturing, Textile and leather products, SA, KRW bn","Korea, RGDP, Activity, Secondary, Manufacturing, Textile and leather products, SA, KRW bn",None,line
"Korea, RGDP, Activity, Secondary, Manufacturing, Transportation equipment, KRW bn","Korea, RGDP, Activity, Secondary, Manufacturing, Transportation equipment, KRW bn",None,line
"Korea, RGDP, Activity, Secondary, Manufacturing, Transportation equipment, SA, KRW bn","Korea, RGDP, Activity, Secondary, Manufacturing, Transportation equipment, SA, KRW bn",None,line
"Korea, RGDP, Activity, Secondary, Manufacturing, Wood and paper products, printing and reproduction of recorded media, KRW bn","Korea, RGDP, Activity, Secondary, Manufacturing, Wood and paper products, printing and reproduction of recorded media, KRW bn",None,line
"Korea, RGDP, Activity, Secondary, Manufacturing, Wood and paper products, printing and reproduction of recorded media, SA, KRW bn","Korea, RGDP, Activity, Secondary, Manufacturing, Wood and paper products, printing and reproduction of recorded media, SA, KRW bn",None,line
"Korea, RGDP, Activity, Secondary, Utilities, Electricity, KRW bn","Korea, RGDP, Activity, Secondary, Utilities, Electricity, KRW bn",None,line
"Korea, RGDP, Activity, Secondary, Utilities, Electricity, SA, KRW bn","Korea, RGDP, Activity, Secondary, Utilities, Electricity, SA, KRW bn",None,line
"Korea, RGDP, Activity, Secondary, Utilities, Gas, steam and air conditioning supply, KRW bn","Korea, RGDP, Activity, Secondary, Utilities, Gas, steam and air conditioning supply, KRW bn",None,line
"Korea, RGDP, Activity, Secondary, Utilities, Gas, steam and air conditioning supply, SA, KRW bn","Korea, RGDP, Activity, Secondary, Utilities, Gas, steam and air conditioning supply, SA, KRW bn",None,line
"Korea, RGDP, Activity, Secondary, Utilities, KRW bn","Korea, RGDP, Activity, Secondary, Utilities, KRW bn",None,line
"Korea, RGDP, Activity, Secondary, Utilities, SA, KRW bn","Korea, RGDP, Activity, Secondary, Utilities, SA, KRW bn",None,line
"Korea, RGDP, Activity, Secondary, Utilities, Water supply, sewerage, waste management and remediation activities, KRW bn","Korea, RGDP, Activity, Secondary, Utilities, Water supply, sewerage, waste management and remediation activities, KRW bn",None,line
"Korea, RGDP, Activity, Secondary, Utilities, Water supply, sewerage, waste management and remediation activities, SA, KRW bn","Korea, RGDP, Activity, Secondary, Utilities, Water supply, sewerage, waste management and remediation activities, SA, KRW bn",None,line
"Korea, RGDP, Activity, Taxes less subsidies on products, KRW bn","Korea, RGDP, Activity, Taxes less subsidies on products, KRW bn",None,line
"Korea, RGDP, Activity, Taxes less subsidies on products, SA, KRW bn","Korea, RGDP, Activity, Taxes less subsidies on products, SA, KRW bn",None,line
"Korea, RGDP, Activity, Tertiary, Accommodation and food services, KRW bn","Korea, RGDP, Activity, Tertiary, Accommodation and food services, KRW bn",None,line
"Korea, RGDP, Activity, Tertiary, Accommodation and food services, SA, KRW bn","Korea, RGDP, Activity, Tertiary, Accommodation and food services, SA, KRW bn",None,line
"Korea, RGDP, Activity, Tertiary, Arts, sports and recreation, KRW bn","Korea, RGDP, Activity, Tertiary, Arts, sports and recreation, KRW bn",None,line
"Korea, RGDP, Activity, Tertiary, Arts, sports and recreation, SA, KRW bn","Korea, RGDP, Activity, Tertiary, Arts, sports and recreation, SA, KRW bn",None,line
"Korea, RGDP, Activity, Tertiary, Business activities, Business support services, KRW bn","Korea, RGDP, Activity, Tertiary, Business activities, Business support services, KRW bn",None,line
"Korea, RGDP, Activity, Tertiary, Business activities, Business support services, SA, KRW bn","Korea, RGDP, Activity, Tertiary, Business activities, Business support services, SA, KRW bn",None,line
"Korea, RGDP, Activity, Tertiary, Business activities, KRW bn","Korea, RGDP, Activity, Tertiary, Business activities, KRW bn",None,line
"Korea, RGDP, Activity, Tertiary, Business activities, Professional, scientific and technical services, KRW bn","Korea, RGDP, Activity, Tertiary, Business activities, Professional, scientific and technical services, KRW bn",None,line
"Korea, RGDP, Activity, Tertiary, Business activities, Professional, scientific and technical services, SA, KRW bn","Korea, RGDP, Activity, Tertiary, Business activities, Professional, scientific and technical services, SA, KRW bn",None,line
"Korea, RGDP, Activity, Tertiary, Business activities, SA, KRW bn","Korea, RGDP, Activity, Tertiary, Business activities, SA, KRW bn",None,line
"Korea, RGDP, Activity, Tertiary, Cultural and other services, KRW bn","Korea, RGDP, Activity, Tertiary, Cultural and other services, KRW bn",None,line
"Korea, RGDP, Activity, Tertiary, Cultural and other services, SA, KRW bn","Korea, RGDP, Activity, Tertiary, Cultural and other services, SA, KRW bn",None,line
"Korea, RGDP, Activity, Tertiary, Education, KRW bn","Korea, RGDP, Activity, Tertiary, Education, KRW bn",None,line
"Korea, RGDP, Activity, Tertiary, Education, SA, KRW bn","Korea, RGDP, Activity, Tertiary, Education, SA, KRW bn",None,line
"Korea, RGDP, Activity, Tertiary, Finance and insurance, KRW bn","Korea, RGDP, Activity, Tertiary, Finance and insurance, KRW bn",None,line
"Korea, RGDP, Activity, Tertiary, Finance and insurance, SA, KRW bn","Korea, RGDP, Activity, Tertiary, Finance and insurance, SA, KRW bn",None,line
"Korea, RGDP, Activity, Tertiary, Human health and social work, KRW bn","Korea, RGDP, Activity, Tertiary, Human health and social work, KRW bn",None,line
"Korea, RGDP, Activity, Tertiary, Human health and social work, SA, KRW bn","Korea, RGDP, Activity, Tertiary, Human health and social work, SA, KRW bn",None,line
"Korea, RGDP, Activity, Tertiary, Information and communication, Communication, KRW bn","Korea, RGDP, Activity, Tertiary, Information and communication, Communication, KRW bn",None,line
"Korea, RGDP, Activity, Tertiary, Information and communication, Communication, SA, KRW bn","Korea, RGDP, Activity, Tertiary, Information and communication, Communication, SA, KRW bn",None,line
"Korea, RGDP, Activity, Tertiary, Information and communication, KRW bn","Korea, RGDP, Activity, Tertiary, Information and communication, KRW bn",None,line
"Korea, RGDP, Activity, Tertiary, Information and communication, Publishing, broadcasting, motion picture, video and television programme production, and information service, KRW bn","Korea, RGDP, Activity, Tertiary, Information and communication, Publishing, broadcasting, motion picture, video and television programme production, and information service, KRW bn",None,line
"Korea, RGDP, Activity, Tertiary, Information and communication, Publishing, broadcasting, motion picture, video and television programme production, and information service, SA, KRW bn","Korea, RGDP, Activity, Tertiary, Information and communication, Publishing, broadcasting, motion picture, video and television programme production, and information service, SA, KRW bn",None,line
"Korea, RGDP, Activity, Tertiary, Information and communication, SA, KRW bn","Korea, RGDP, Activity, Tertiary, Information and communication, SA, KRW bn",None,line
"Korea, RGDP, Activity, Tertiary, KRW bn","Korea, RGDP, Activity, Tertiary, KRW bn",None,line
"Korea, RGDP, Activity, Tertiary, Other services, KRW bn","Korea, RGDP, Activity, Tertiary, Other services, KRW bn",None,line
"Korea, RGDP, Activity, Tertiary, Other services, SA, KRW bn","Korea, RGDP, Activity, Tertiary, Other services, SA, KRW bn",None,line
"Korea, RGDP, Activity, Tertiary, Public administration, defence and social security, KRW bn","Korea, RGDP, Activity, Tertiary, Public administration, defence and social security, KRW bn",None,line
"Korea, RGDP, Activity, Tertiary, Public administration, defence and social security, SA, KRW bn","Korea, RGDP, Activity, Tertiary, Public administration, defence and social security, SA, KRW bn",None,line
"Korea, RGDP, Activity, Tertiary, Real estate, KRW bn","Korea, RGDP, Activity, Tertiary, Real estate, KRW bn",None,line
"Korea, RGDP, Activity, Tertiary, Real estate, SA, KRW bn","Korea, RGDP, Activity, Tertiary, Real estate, SA, KRW bn",None,line
"Korea, RGDP, Activity, Tertiary, SA, KRW bn","Korea, RGDP, Activity, Tertiary, SA, KRW bn",None,line
"Korea, RGDP, Activity, Tertiary, Transportation and storage, KRW bn","Korea, RGDP, Activity, Tertiary, Transportation and storage, KRW bn",None,line
"Korea, RGDP, Activity, Tertiary, Transportation and storage, SA, KRW bn","Korea, RGDP, Activity, Tertiary, Transportation and storage, SA, KRW bn",None,line
"Korea, RGDP, Activity, Tertiary, Wholesale and retail trade, KRW bn","Korea, RGDP, Activity, Tertiary, Wholesale and retail trade, KRW bn",None,line
"Korea, RGDP, Activity, Tertiary, Wholesale and retail trade, SA, KRW bn","Korea, RGDP, Activity, Tertiary, Wholesale and retail trade, SA, KRW bn",None,line
"Korea, RGDP, Activity, Tertiary, Wholesale and retail trade, accommodation and food services, KRW bn","Korea, RGDP, Activity, Tertiary, Wholesale and retail trade, accommodation and food services, KRW bn",None,line
"Korea, RGDP, Activity, Tertiary, Wholesale and retail trade, accommodation and food services, SA, KRW bn","Korea, RGDP, Activity, Tertiary, Wholesale and retail trade, accommodation and food services, SA, KRW bn",None,line
"Korea, RGDP, Trading gains, KRW bn","Korea, RGDP, Trading gains, KRW bn",None,line
"Korea, RGDP, Trading gains, SA, KRW bn","Korea, RGDP, Trading gains, SA, KRW bn",None,line
"Korea, RGDP, Activity, gdi, KRW bn","Korea, RGDP, Activity, gdi, KRW bn",None,line
"Korea, RGDP, Activity, gdi, SA, KRW bn","Korea, RGDP, Activity, gdi, SA, KRW bn",None,line
"Korea, RGDP, Activity, gdp_at_market_prices, KRW bn","Korea, RGDP, Activity, gdp_at_market_prices, KRW bn",None,line
"Korea, RGDP, Activity, gdp_at_market_prices, SA, KRW bn","Korea, RGDP, Activity, gdp_at_market_prices, SA, KRW bn",None,line
"Korea, RGDP, Activity, gni, KRW bn","Korea, RGDP, Activity, gni, KRW bn",None,line
"Korea, RGDP, Activity, gni, SA, KRW bn","Korea, RGDP, Activity, gni, SA, KRW bn",None,line
"Korea, RGDP, Activity, gross_value_added_at_basic_prices, KRW bn","Korea, RGDP, Activity, gross_value_added_at_basic_prices, KRW bn",None,line
"Korea, RGDP, Activity, gross_value_added_at_basic_prices, SA, KRW bn","Korea, RGDP, Activity, gross_value_added_at_basic_prices, SA, KRW bn",None,line
"Korea, RGDP, Activity, mining_and_manufacturing, KRW bn","Korea, RGDP, Activity, mining_and_manufacturing, KRW bn",None,line
"Korea, RGDP, Activity, mining_and_manufacturing, SA, KRW bn","Korea, RGDP, Activity, mining_and_manufacturing, SA, KRW bn",None,line
"Korea, RGDP, Activity, net_factor_income_from_the_rest_of_the_w, KRW bn","Korea, RGDP, Activity, net_factor_income_from_the_rest_of_the_w, KRW bn",None,line
"Korea, RGDP, Activity, net_factor_income_from_the_rest_of_the_w, SA, KRW bn","Korea, RGDP, Activity, net_factor_income_from_the_rest_of_the_w, SA, KRW bn",None,line
"Korea, RGDP, Activity, primary>agriculture, KRW bn","Korea, RGDP, Activity, primary>agriculture, KRW bn",None,line
"Korea, RGDP, Activity, primary>agriculture, SA, KRW bn","Korea, RGDP, Activity, primary>agriculture, SA, KRW bn",None,line
"Korea, RGDP, Activity, primary>agriculture>animals, KRW bn","Korea, RGDP, Activity, primary>agriculture>animals, KRW bn",None,line
"Korea, RGDP, Activity, primary>agriculture>cultivation, KRW bn","Korea, RGDP, Activity, primary>agriculture>cultivation, KRW bn",None,line
"Korea, RGDP, Activity, primary>agriculture>fishing_and_aquaculture, KRW bn","Korea, RGDP, Activity, primary>agriculture>fishing_and_aquaculture, KRW bn",None,line
"Korea, RGDP, Activity, primary>agriculture>forestry_and_logging, KRW bn","Korea, RGDP, Activity, primary>agriculture>forestry_and_logging, KRW bn",None,line
"Korea, RGDP, Activity, primary>mining_and_quarrying, KRW bn","Korea, RGDP, Activity, primary>mining_and_quarrying, KRW bn",None,line
"Korea, RGDP, Activity, primary>mining_and_quarrying, SA, KRW bn","Korea, RGDP, Activity, primary>mining_and_quarrying, SA, KRW bn",None,line
"Korea, RGDP, Activity, secondary>construction, KRW bn","Korea, RGDP, Activity, secondary>construction, KRW bn",None,line
"Korea, RGDP, Activity, secondary>construction, SA, KRW bn","Korea, RGDP, Activity, secondary>construction, SA, KRW bn",None,line
"Korea, RGDP, Activity, secondary>construction>building_construction_and_repair, KRW bn","Korea, RGDP, Activity, secondary>construction>building_construction_and_repair, KRW bn",None,line
"Korea, RGDP, Activity, secondary>construction>building_construction_and_repair, SA, KRW bn","Korea, RGDP, Activity, secondary>construction>building_construction_and_repair, SA, KRW bn",None,line
"Korea, RGDP, Activity, secondary>construction>building_construction_and_repair>building_repair, KRW bn","Korea, RGDP, Activity, secondary>construction>building_construction_and_repair>building_repair, KRW bn",None,line
"Korea, RGDP, Activity, secondary>construction>building_construction_and_repair>building_repair, SA, KRW bn","Korea, RGDP, Activity, secondary>construction>building_construction_and_repair>building_repair, SA, KRW bn",None,line
"Korea, RGDP, Activity, secondary>construction>building_construction_and_repair>non_residential, KRW bn","Korea, RGDP, Activity, secondary>construction>building_construction_and_repair>non_residential, KRW bn",None,line
"Korea, RGDP, Activity, secondary>construction>building_construction_and_repair>non_residential, SA, KRW bn","Korea, RGDP, Activity, secondary>construction>building_construction_and_repair>non_residential, SA, KRW bn",None,line
"Korea, RGDP, Activity, secondary>construction>building_construction_and_repair>residential, KRW bn","Korea, RGDP, Activity, secondary>construction>building_construction_and_repair>residential, KRW bn",None,line
"Korea, RGDP, Activity, secondary>construction>building_construction_and_repair>residential, SA, KRW bn","Korea, RGDP, Activity, secondary>construction>building_construction_and_repair>residential, SA, KRW bn",None,line
"Korea, RGDP, Activity, secondary>construction>civil_engineering, KRW bn","Korea, RGDP, Activity, secondary>construction>civil_engineering, KRW bn",None,line
"Korea, RGDP, Activity, secondary>construction>civil_engineering, SA, KRW bn","Korea, RGDP, Activity, secondary>construction>civil_engineering, SA, KRW bn",None,line
"Korea, RGDP, Activity, secondary>manufacturing, KRW bn","Korea, RGDP, Activity, secondary>manufacturing, KRW bn",None,line
"Korea, RGDP, Activity, secondary>manufacturing, SA, KRW bn","Korea, RGDP, Activity, secondary>manufacturing, SA, KRW bn",None,line
"Korea, RGDP, Activity, secondary>manufacturing>basic_metals, KRW bn","Korea, RGDP, Activity, secondary>manufacturing>basic_metals, KRW bn",None,line
"Korea, RGDP, Activity, secondary>manufacturing>basic_metals, SA, KRW bn","Korea, RGDP, Activity, secondary>manufacturing>basic_metals, SA, KRW bn",None,line
"Korea, RGDP, Activity, secondary>manufacturing>chemicals_and_chemical_products, KRW bn","Korea, RGDP, Activity, secondary>manufacturing>chemicals_and_chemical_products, KRW bn",None,line
"Korea, RGDP, Activity, secondary>manufacturing>chemicals_and_chemical_products, SA, KRW bn","Korea, RGDP, Activity, secondary>manufacturing>chemicals_and_chemical_products, SA, KRW bn",None,line
"Korea, RGDP, Activity, secondary>manufacturing>coke_and_refined_petroleum_products, KRW bn","Korea, RGDP, Activity, secondary>manufacturing>coke_and_refined_petroleum_products, KRW bn",None,line
"Korea, RGDP, Activity, secondary>manufacturing>coke_and_refined_petroleum_products, SA, KRW bn","Korea, RGDP, Activity, secondary>manufacturing>coke_and_refined_petroleum_products, SA, KRW bn",None,line
"Korea, RGDP, Activity, secondary>manufacturing>computer_and_electronics, KRW bn","Korea, RGDP, Activity, secondary>manufacturing>computer_and_electronics, KRW bn",None,line
"Korea, RGDP, Activity, secondary>manufacturing>computer_and_electronics, SA, KRW bn","Korea, RGDP, Activity, secondary>manufacturing>computer_and_electronics, SA, KRW bn",None,line
"Korea, RGDP, Activity, secondary>manufacturing>electrical_equipment, KRW bn","Korea, RGDP, Activity, secondary>manufacturing>electrical_equipment, KRW bn",None,line
"Korea, RGDP, Activity, secondary>manufacturing>electrical_equipment, SA, KRW bn","Korea, RGDP, Activity, secondary>manufacturing>electrical_equipment, SA, KRW bn",None,line
"Korea, RGDP, Activity, secondary>manufacturing>fabricated_metal_products, KRW bn","Korea, RGDP, Activity, secondary>manufacturing>fabricated_metal_products, KRW bn",None,line
"Korea, RGDP, Activity, secondary>manufacturing>fabricated_metal_products, SA, KRW bn","Korea, RGDP, Activity, secondary>manufacturing>fabricated_metal_products, SA, KRW bn",None,line
"Korea, RGDP, Activity, secondary>manufacturing>food_beverages_products, KRW bn","Korea, RGDP, Activity, secondary>manufacturing>food_beverages_products, KRW bn",None,line
"Korea, RGDP, Activity, secondary>manufacturing>food_beverages_products, SA, KRW bn","Korea, RGDP, Activity, secondary>manufacturing>food_beverages_products, SA, KRW bn",None,line
"Korea, RGDP, Activity, secondary>manufacturing>machinery_and_equipment, KRW bn","Korea, RGDP, Activity, secondary>manufacturing>machinery_and_equipment, KRW bn",None,line
"Korea, RGDP, Activity, secondary>manufacturing>machinery_and_equipment, SA, KRW bn","Korea, RGDP, Activity, secondary>manufacturing>machinery_and_equipment, SA, KRW bn",None,line
"Korea, RGDP, Activity, secondary>manufacturing>other_manufacturing_repair_and_installat, KRW bn","Korea, RGDP, Activity, secondary>manufacturing>other_manufacturing_repair_and_installat, KRW bn",None,line
"Korea, RGDP, Activity, secondary>manufacturing>other_manufacturing_repair_and_installat, SA, KRW bn","Korea, RGDP, Activity, secondary>manufacturing>other_manufacturing_repair_and_installat, SA, KRW bn",None,line
"Korea, RGDP, Activity, secondary>manufacturing>other_non_metallic_mineral_products, KRW bn","Korea, RGDP, Activity, secondary>manufacturing>other_non_metallic_mineral_products, KRW bn",None,line
"Korea, RGDP, Activity, secondary>manufacturing>other_non_metallic_mineral_products, SA, KRW bn","Korea, RGDP, Activity, secondary>manufacturing>other_non_metallic_mineral_products, SA, KRW bn",None,line
"Korea, RGDP, Activity, secondary>manufacturing>textile_and_leather_products, KRW bn","Korea, RGDP, Activity, secondary>manufacturing>textile_and_leather_products, KRW bn",None,line
"Korea, RGDP, Activity, secondary>manufacturing>textile_and_leather_products, SA, KRW bn","Korea, RGDP, Activity, secondary>manufacturing>textile_and_leather_products, SA, KRW bn",None,line
"Korea, RGDP, Activity, secondary>manufacturing>transportation_equipment, KRW bn","Korea, RGDP, Activity, secondary>manufacturing>transportation_equipment, KRW bn",None,line
"Korea, RGDP, Activity, secondary>manufacturing>transportation_equipment, SA, KRW bn","Korea, RGDP, Activity, secondary>manufacturing>transportation_equipment, SA, KRW bn",None,line
"Korea, RGDP, Activity, secondary>manufacturing>wood_and_paper_products_printing_and_rep, KRW bn","Korea, RGDP, Activity, secondary>manufacturing>wood_and_paper_products_printing_and_rep, KRW bn",None,line
"Korea, RGDP, Activity, secondary>manufacturing>wood_and_paper_products_printing_and_rep, SA, KRW bn","Korea, RGDP, Activity, secondary>manufacturing>wood_and_paper_products_printing_and_rep, SA, KRW bn",None,line
"Korea, RGDP, Activity, secondary>utilities, KRW bn","Korea, RGDP, Activity, secondary>utilities, KRW bn",None,line
"Korea, RGDP, Activity, secondary>utilities, SA, KRW bn","Korea, RGDP, Activity, secondary>utilities, SA, KRW bn",None,line
"Korea, RGDP, Activity, secondary>utilities>electricity, KRW bn","Korea, RGDP, Activity, secondary>utilities>electricity, KRW bn",None,line
"Korea, RGDP, Activity, secondary>utilities>electricity, SA, KRW bn","Korea, RGDP, Activity, secondary>utilities>electricity, SA, KRW bn",None,line
"Korea, RGDP, Activity, secondary>utilities>gas_steam_and_air_conditioning_supply, KRW bn","Korea, RGDP, Activity, secondary>utilities>gas_steam_and_air_conditioning_supply, KRW bn",None,line
"Korea, RGDP, Activity, secondary>utilities>gas_steam_and_air_conditioning_supply, SA, KRW bn","Korea, RGDP, Activity, secondary>utilities>gas_steam_and_air_conditioning_supply, SA, KRW bn",None,line
"Korea, RGDP, Activity, secondary>utilities>water_supply_sewerage_waste_management_a, KRW bn","Korea, RGDP, Activity, secondary>utilities>water_supply_sewerage_waste_management_a, KRW bn",None,line
"Korea, RGDP, Activity, secondary>utilities>water_supply_sewerage_waste_management_a, SA, KRW bn","Korea, RGDP, Activity, secondary>utilities>water_supply_sewerage_waste_management_a, SA, KRW bn",None,line
"Korea, RGDP, Activity, taxes_less_subsidies_on_products, KRW bn","Korea, RGDP, Activity, taxes_less_subsidies_on_products, KRW bn",None,line
"Korea, RGDP, Activity, taxes_less_subsidies_on_products, SA, KRW bn","Korea, RGDP, Activity, taxes_less_subsidies_on_products, SA, KRW bn",None,line
"Korea, RGDP, Activity, tertiary, KRW bn","Korea, RGDP, Activity, tertiary, KRW bn",None,line
"Korea, RGDP, Activity, tertiary, SA, KRW bn","Korea, RGDP, Activity, tertiary, SA, KRW bn",None,line
"Korea, RGDP, Activity, tertiary>accommodation_and_food_services_2, KRW bn","Korea, RGDP, Activity, tertiary>accommodation_and_food_services_2, KRW bn",None,line
"Korea, RGDP, Activity, tertiary>accommodation_and_food_services_2, SA, KRW bn","Korea, RGDP, Activity, tertiary>accommodation_and_food_services_2, SA, KRW bn",None,line
"Korea, RGDP, Activity, tertiary>arts_sports_and_recreation, KRW bn","Korea, RGDP, Activity, tertiary>arts_sports_and_recreation, KRW bn",None,line
"Korea, RGDP, Activity, tertiary>arts_sports_and_recreation, SA, KRW bn","Korea, RGDP, Activity, tertiary>arts_sports_and_recreation, SA, KRW bn",None,line
"Korea, RGDP, Activity, tertiary>business_activities, KRW bn","Korea, RGDP, Activity, tertiary>business_activities, KRW bn",None,line
"Korea, RGDP, Activity, tertiary>business_activities, SA, KRW bn","Korea, RGDP, Activity, tertiary>business_activities, SA, KRW bn",None,line
"Korea, RGDP, Activity, tertiary>business_activities>business_support_services, KRW bn","Korea, RGDP, Activity, tertiary>business_activities>business_support_services, KRW bn",None,line
"Korea, RGDP, Activity, tertiary>business_activities>business_support_services, SA, KRW bn","Korea, RGDP, Activity, tertiary>business_activities>business_support_services, SA, KRW bn",None,line
"Korea, RGDP, Activity, tertiary>business_activities>professional_scientific_and_technical_se, KRW bn","Korea, RGDP, Activity, tertiary>business_activities>professional_scientific_and_technical_se, KRW bn",None,line
"Korea, RGDP, Activity, tertiary>business_activities>professional_scientific_and_technical_se, SA, KRW bn","Korea, RGDP, Activity, tertiary>business_activities>professional_scientific_and_technical_se, SA, KRW bn",None,line
"Korea, RGDP, Activity, tertiary>cultural_and_other_services, KRW bn","Korea, RGDP, Activity, tertiary>cultural_and_other_services, KRW bn",None,line
"Korea, RGDP, Activity, tertiary>cultural_and_other_services, SA, KRW bn","Korea, RGDP, Activity, tertiary>cultural_and_other_services, SA, KRW bn",None,line
"Korea, RGDP, Activity, tertiary>education, KRW bn","Korea, RGDP, Activity, tertiary>education, KRW bn",None,line
"Korea, RGDP, Activity, tertiary>education, SA, KRW bn","Korea, RGDP, Activity, tertiary>education, SA, KRW bn",None,line
"Korea, RGDP, Activity, tertiary>finance_and_insurance, KRW bn","Korea, RGDP, Activity, tertiary>finance_and_insurance, KRW bn",None,line
"Korea, RGDP, Activity, tertiary>finance_and_insurance, SA, KRW bn","Korea, RGDP, Activity, tertiary>finance_and_insurance, SA, KRW bn",None,line
"Korea, RGDP, Activity, tertiary>human_health_and_social_work, KRW bn","Korea, RGDP, Activity, tertiary>human_health_and_social_work, KRW bn",None,line
"Korea, RGDP, Activity, tertiary>human_health_and_social_work, SA, KRW bn","Korea, RGDP, Activity, tertiary>human_health_and_social_work, SA, KRW bn",None,line
"Korea, RGDP, Activity, tertiary>information_and_communication, KRW bn","Korea, RGDP, Activity, tertiary>information_and_communication, KRW bn",None,line
"Korea, RGDP, Activity, tertiary>information_and_communication, SA, KRW bn","Korea, RGDP, Activity, tertiary>information_and_communication, SA, KRW bn",None,line
"Korea, RGDP, Activity, tertiary>information_and_communication>communication, KRW bn","Korea, RGDP, Activity, tertiary>information_and_communication>communication, KRW bn",None,line
"Korea, RGDP, Activity, tertiary>information_and_communication>communication, SA, KRW bn","Korea, RGDP, Activity, tertiary>information_and_communication>communication, SA, KRW bn",None,line
"Korea, RGDP, Activity, tertiary>information_and_communication>publishing_broadcasting_motion_picture_v, KRW bn","Korea, RGDP, Activity, tertiary>information_and_communication>publishing_broadcasting_motion_picture_v, KRW bn",None,line
"Korea, RGDP, Activity, tertiary>information_and_communication>publishing_broadcasting_motion_picture_v, SA, KRW bn","Korea, RGDP, Activity, tertiary>information_and_communication>publishing_broadcasting_motion_picture_v, SA, KRW bn",None,line
"Korea, RGDP, Activity, tertiary>other_services, KRW bn","Korea, RGDP, Activity, tertiary>other_services, KRW bn",None,line
"Korea, RGDP, Activity, tertiary>other_services, SA, KRW bn","Korea, RGDP, Activity, tertiary>other_services, SA, KRW bn",None,line
"Korea, RGDP, Activity, tertiary>public_administration_defence_and_social, KRW bn","Korea, RGDP, Activity, tertiary>public_administration_defence_and_social, KRW bn",None,line
"Korea, RGDP, Activity, tertiary>public_administration_defence_and_social, SA, KRW bn","Korea, RGDP, Activity, tertiary>public_administration_defence_and_social, SA, KRW bn",None,line
"Korea, RGDP, Activity, tertiary>real_estate, KRW bn","Korea, RGDP, Activity, tertiary>real_estate, KRW bn",None,line
"Korea, RGDP, Activity, tertiary>real_estate, SA, KRW bn","Korea, RGDP, Activity, tertiary>real_estate, SA, KRW bn",None,line
"Korea, RGDP, Activity, tertiary>transportation_and_storage, KRW bn","Korea, RGDP, Activity, tertiary>transportation_and_storage, KRW bn",None,line
"Korea, RGDP, Activity, tertiary>transportation_and_storage, SA, KRW bn","Korea, RGDP, Activity, tertiary>transportation_and_storage, SA, KRW bn",None,line
"Korea, RGDP, Activity, tertiary>wholesale_and_retail_trade, KRW bn","Korea, RGDP, Activity, tertiary>wholesale_and_retail_trade, KRW bn",None,line
"Korea, RGDP, Activity, tertiary>wholesale_and_retail_trade, SA, KRW bn","Korea, RGDP, Activity, tertiary>wholesale_and_retail_trade, SA, KRW bn",None,line
"Korea, RGDP, Activity, tertiary>wholesale_and_retail_trade>accommodation_and_food_services, KRW bn","Korea, RGDP, Activity, tertiary>wholesale_and_retail_trade>accommodation_and_food_services, KRW bn",None,line
"Korea, RGDP, Activity, tertiary>wholesale_and_retail_trade>accommodation_and_food_services, SA, KRW bn","Korea, RGDP, Activity, tertiary>wholesale_and_retail_trade>accommodation_and_food_services, SA, KRW bn",None,line
"Korea, RGDP, Activity, trading_gains, KRW bn","Korea, RGDP, Activity, trading_gains, KRW bn",None,line
"Korea, RGDP, Activity, trading_gains, SA, KRW bn","Korea, RGDP, Activity, trading_gains, SA, KRW bn",None,line
"Korea, NGDP, Activity, Secondary, KRW bn","Korea, NGDP, Activity, Secondary, KRW bn",None,line
"Korea, Deflator, Expenditure, Net exports of goods and services, Exports of goods and services, Goods, Index","Korea, Deflator, Expenditure, Net exports of goods and services, Exports of goods and services, Goods, Index",None,line
"Korea, Deflator, Expenditure, Net exports of goods and services, Imports of goods and services, Goods, Index","Korea, Deflator, Expenditure, Net exports of goods and services, Imports of goods and services, Goods, Index",None,line
"Korea, Deflator, Expenditure, Net exports of goods and services, Exports of goods and services, Services, Index","Korea, Deflator, Expenditure, Net exports of goods and services, Exports of goods and services, Services, Index",None,line
"Korea, Deflator, Expenditure, Net exports of goods and services, Imports of goods and services, Services, Index","Korea, Deflator, Expenditure, Net exports of goods and services, Imports of goods and services, Services, Index",None,line
"Korea, Deflator, Expenditure, Net exports of goods and services, Imports of goods and services, Index","Korea, Deflator, Expenditure, Net exports of goods and services, Imports of goods and services, Index",None,line
"Korea, Deflator, Expenditure, Domestic demand, Gross capital formation, Gross fixed capital formation, Buildings and structures, Index","Korea, Deflator, Expenditure, Domestic demand, Gross capital formation, Gross fixed capital formation, Buildings and structures, Index",None,line
"Korea, Deflator, Expenditure, Index","Korea, Deflator, Expenditure, Index",None,line
"Korea, Deflator, Expenditure, Net exports of goods and services, Exports of goods and services, Index","Korea, Deflator, Expenditure, Net exports of goods and services, Exports of goods and services, Index",None,line
"Korea, Deflator, Expenditure, Domestic demand, Gross capital formation, Gross fixed capital formation, Facilities investment, Index","Korea, Deflator, Expenditure, Domestic demand, Gross capital formation, Gross fixed capital formation, Facilities investment, Index",None,line
"Korea, Deflator, Expenditure, Domestic demand, Final consumption expenditure, Index","Korea, Deflator, Expenditure, Domestic demand, Final consumption expenditure, Index",None,line
"Korea, Deflator, Expenditure, Domestic demand, Government consumption, Index","Korea, Deflator, Expenditure, Domestic demand, Government consumption, Index",None,line
"Korea, Deflator, Expenditure, Domestic demand, Gross capital formation, Index","Korea, Deflator, Expenditure, Domestic demand, Gross capital formation, Index",None,line
"Korea, Deflator, Expenditure, Domestic demand, Gross capital formation, Gross fixed capital formation, Public, Index","Korea, Deflator, Expenditure, Domestic demand, Gross capital formation, Gross fixed capital formation, Public, Index",None,line
"Korea, Deflator, Expenditure, Domestic demand, Gross capital formation, Gross fixed capital formation, Private, Index","Korea, Deflator, Expenditure, Domestic demand, Gross capital formation, Gross fixed capital formation, Private, Index",None,line
"Korea, Deflator, Expenditure, Domestic demand, Gross capital formation, Gross fixed capital formation, Index","Korea, Deflator, Expenditure, Domestic demand, Gross capital formation, Gross fixed capital formation, Index",None,line
"Korea, Deflator, Expenditure, Domestic demand, Private consumption, Household consumption, Index","Korea, Deflator, Expenditure, Domestic demand, Private consumption, Household consumption, Index",None,line
"Korea, Deflator, Expenditure, Domestic demand, Gross capital formation, Gross fixed capital formation, Intellectual property products, Index","Korea, Deflator, Expenditure, Domestic demand, Gross capital formation, Gross fixed capital formation, Intellectual property products, Index",None,line
"Korea, Deflator, Expenditure, Domestic demand, Private consumption, Non-profit institutions serving households, Index","Korea, Deflator, Expenditure, Domestic demand, Private consumption, Non-profit institutions serving households, Index",None,line
"Korea, Deflator, Expenditure, Domestic demand, Private consumption, Index","Korea, Deflator, Expenditure, Domestic demand, Private consumption, Index",None,line
"Korea, Deflator, Activity, Agriculture, forestry and fishing, Index","Korea, Deflator, Activity, Agriculture, forestry and fishing, Index",None,line
"Korea, Deflator, Activity, Business activities, Index","Korea, Deflator, Activity, Business activities, Index",None,line
"Korea, Deflator, Activity, Construction, Index","Korea, Deflator, Activity, Construction, Index",None,line
"Korea, Deflator, Activity, Cultural and other services, Index","Korea, Deflator, Activity, Cultural and other services, Index",None,line
"Korea, Deflator, Activity, Education, Index","Korea, Deflator, Activity, Education, Index",None,line
"Korea, Deflator, Activity, Electricity, gas and water supply, Index","Korea, Deflator, Activity, Electricity, gas and water supply, Index",None,line
"Korea, Deflator, Activity, Finance and insurance, Index","Korea, Deflator, Activity, Finance and insurance, Index",None,line
"Korea, Deflator, Activity, Gross domestic product at market prices, Index","Korea, Deflator, Activity, Gross domestic product at market prices, Index",None,line
"Korea, Deflator, Activity, Gross value added at basic prices, Index","Korea, Deflator, Activity, Gross value added at basic prices, Index",None,line
"Korea, Deflator, Activity, Human health and social work, Index","Korea, Deflator, Activity, Human health and social work, Index",None,line
"Korea, Deflator, Activity, Information and communication, Index","Korea, Deflator, Activity, Information and communication, Index",None,line
"Korea, Deflator, Activity, Manufacturing, Index","Korea, Deflator, Activity, Manufacturing, Index",None,line
"Korea, Deflator, Activity, Mining and quarrying, Index","Korea, Deflator, Activity, Mining and quarrying, Index",None,line
"Korea, Deflator, Activity, Public administration, defence and social security, Index","Korea, Deflator, Activity, Public administration, defence and social security, Index",None,line
"Korea, Deflator, Activity, Real estate, Index","Korea, Deflator, Activity, Real estate, Index",None,line
"Korea, Deflator, Activity, Taxes less subsidies on products, Index","Korea, Deflator, Activity, Taxes less subsidies on products, Index",None,line
"Korea, Deflator, Activity, Transportation and storage, Index","Korea, Deflator, Activity, Transportation and storage, Index",None,line
"Korea, Deflator, Activity, Wholesale and retail trade, accommodation and food services, Index","Korea, Deflator, Activity, Wholesale and retail trade, accommodation and food services, Index",None,line
"Korea, RGDP, ICT sector, Exports of goods, KRW bn","Korea, RGDP, ICT sector, Exports of goods, KRW bn",None,line
"Korea, RGDP, ICT sector, Imports of goods, KRW bn","Korea, RGDP, ICT sector, Imports of goods, KRW bn",None,line
"Korea, RGDP, ICT sector, Machinery and equipment investment, KRW bn","Korea, RGDP, ICT sector, Machinery and equipment investment, KRW bn",None,line
"Korea, RGDP, ICT sector, Private consumption expenditure, KRW bn","Korea, RGDP, ICT sector, Private consumption expenditure, KRW bn",None,line
"Korea, RGDP, ICT sector, Exports of goods, SA, KRW bn","Korea, RGDP, ICT sector, Exports of goods, SA, KRW bn",None,line
"Korea, RGDP, ICT sector, Imports of goods, SA, KRW bn","Korea, RGDP, ICT sector, Imports of goods, SA, KRW bn",None,line
"Korea, RGDP, ICT sector, Machinery and equipment investment, SA, KRW bn","Korea, RGDP, ICT sector, Machinery and equipment investment, SA, KRW bn",None,line
"Korea, RGDP, ICT sector, Private consumption expenditure, SA, KRW bn","Korea, RGDP, ICT sector, Private consumption expenditure, SA, KRW bn",None,line
"Korea, Households, Savings ratio, Net, %","Korea, Households, Savings ratio, Net, %",None,line
"Korea, NGDP, GNI, KRW bn","Korea, NGDP, GNI, KRW bn",None,line
"Korea, NGDP, GNI, SA, KRW bn","Korea, NGDP, GNI, SA, KRW bn",None,line
"Korea, RGDP, GNI, KRW bn","Korea, RGDP, GNI, KRW bn",None,line
"Korea, RGDP, GNI, SA, KRW bn","Korea, RGDP, GNI, SA, KRW bn",None,line
"Korea, NGDP, Expenditure, Domestic demand, Gross capital formation, Gross fixed capital formation, Construction, Residential, SA, KRW bn","Korea, NGDP, Expenditure, Domestic demand, Gross capital formation, Gross fixed capital formation, Construction, Residential, SA, KRW bn",None,line
"Korea, NGDP, Expenditure, Domestic demand, Gross capital formation, Gross fixed capital formation, Construction, Non-residential, SA, KRW bn","Korea, NGDP, Expenditure, Domestic demand, Gross capital formation, Gross fixed capital formation, Construction, Non-residential, SA, KRW bn",None,line
"Korea, NGDP, Expenditure, Domestic demand, Gross capital formation, Gross fixed capital formation, Construction, Other buildings and structures, SA, KRW bn","Korea, NGDP, Expenditure, Domestic demand, Gross capital formation, Gross fixed capital formation, Construction, Other buildings and structures, SA, KRW bn",None,line
"Korea, NGDP, Expenditure, Domestic demand, Gross capital formation, Gross fixed capital formation, Transport equipment, SA, KRW bn","Korea, NGDP, Expenditure, Domestic demand, Gross capital formation, Gross fixed capital formation, Transport equipment, SA, KRW bn",None,line
"Korea, NGDP, Expenditure, Domestic demand, Gross capital formation, Gross fixed capital formation, Other machinery and equipment, SA, KRW bn","Korea, NGDP, Expenditure, Domestic demand, Gross capital formation, Gross fixed capital formation, Other machinery and equipment, SA, KRW bn",None,line
"Korea, NGDP, Expenditure, Domestic demand, Private consumption, Household consumption, Domestic final consumption, Goods, SA, KRW bn","Korea, NGDP, Expenditure, Domestic demand, Private consumption, Household consumption, Domestic final consumption, Goods, SA, KRW bn",None,line
"Korea, RGDP, Expenditure, Domestic demand, Gross capital formation, Gross fixed capital formation, Construction, Residential, SA, KRW bn","Korea, RGDP, Expenditure, Domestic demand, Gross capital formation, Gross fixed capital formation, Construction, Residential, SA, KRW bn",None,line
"Korea, RGDP, Expenditure, Domestic demand, Gross capital formation, Gross fixed capital formation, Construction, Non-residential, SA, KRW bn","Korea, RGDP, Expenditure, Domestic demand, Gross capital formation, Gross fixed capital formation, Construction, Non-residential, SA, KRW bn",None,line
"Korea, RGDP, Expenditure, Domestic demand, Gross capital formation, Gross fixed capital formation, Construction, Other buildings and structures, SA, KRW bn","Korea, RGDP, Expenditure, Domestic demand, Gross capital formation, Gross fixed capital formation, Construction, Other buildings and structures, SA, KRW bn",None,line
"Korea, RGDP, Expenditure, Domestic demand, Gross capital formation, Gross fixed capital formation, Transport equipment, SA, KRW bn","Korea, RGDP, Expenditure, Domestic demand, Gross capital formation, Gross fixed capital formation, Transport equipment, SA, KRW bn",None,line
"Korea, RGDP, Expenditure, Domestic demand, Gross capital formation, Gross fixed capital formation, Other machinery and equipment, SA, KRW bn","Korea, RGDP, Expenditure, Domestic demand, Gross capital formation, Gross fixed capital formation, Other machinery and equipment, SA, KRW bn",None,line
"Korea, RGDP, Expenditure, Domestic demand, Private consumption, Household consumption, Domestic final consumption, Goods, SA, KRW bn","Korea, RGDP, Expenditure, Domestic demand, Private consumption, Household consumption, Domestic final consumption, Goods, SA, KRW bn",None,line
"Korea, NGDP, Expenditure, Domestic demand, SA, KRW bn","Korea, NGDP, Expenditure, Domestic demand, SA, KRW bn",None,line
"Korea, NGDP, Expenditure, Domestic demand, Excluding inventories, SA, KRW bn","Korea, NGDP, Expenditure, Domestic demand, Excluding inventories, SA, KRW bn",None,line
"Korea, NGDP, Expenditure, Domestic demand, Private, Excluding inventories, SA, KRW bn","Korea, NGDP, Expenditure, Domestic demand, Private, Excluding inventories, SA, KRW bn",None,line
"Korea, NGDP, Expenditure, Domestic demand, Public, Excluding inventories, SA, KRW bn","Korea, NGDP, Expenditure, Domestic demand, Public, Excluding inventories, SA, KRW bn",None,line
"Korea, RGDP, Expenditure, Domestic demand, SA, KRW bn","Korea, RGDP, Expenditure, Domestic demand, SA, KRW bn",None,line
"Korea, RGDP, Expenditure, Domestic demand, Excluding inventories, SA, KRW bn","Korea, RGDP, Expenditure, Domestic demand, Excluding inventories, SA, KRW bn",None,line
"Korea, RGDP, Expenditure, Domestic demand, Private, Excluding inventories, SA, KRW bn","Korea, RGDP, Expenditure, Domestic demand, Private, Excluding inventories, SA, KRW bn",None,line
"Korea, RGDP, Expenditure, Domestic demand, Public, Excluding inventories, SA, KRW bn","Korea, RGDP, Expenditure, Domestic demand, Public, Excluding inventories, SA, KRW bn",None,line
"Korea, NGDP, Expenditure, Per capita, KRW mn","Korea, NGDP, Expenditure, Per capita, KRW mn",None,line
"Korea, RGDP, Expenditure, Per capita, KRW mn","Korea, RGDP, Expenditure, Per capita, KRW mn",None,line
"Korea, RGDI, Per capita, KRW mn","Korea, RGDI, Per capita, KRW mn",None,line
"Korea, NGDP, Expenditure, Per capita, SA, KRW mn","Korea, NGDP, Expenditure, Per capita, SA, KRW mn",None,line
"Korea, RGDP, Expenditure, Per capita, SA, KRW mn","Korea, RGDP, Expenditure, Per capita, SA, KRW mn",None,line
"Korea, RGDI, Per capita, SA, KRW mn","Korea, RGDI, Per capita, SA, KRW mn",None,line
"Korea, NGDP, Expenditure, Domestic demand, Private consumption, Household consumption, Per capita, SA, KRW mn","Korea, NGDP, Expenditure, Domestic demand, Private consumption, Household consumption, Per capita, SA, KRW mn",None,line
"Korea, NGDP, Expenditure, Domestic demand, Private consumption, Non-profit institutions serving households, Per capita, SA, KRW mn","Korea, NGDP, Expenditure, Domestic demand, Private consumption, Non-profit institutions serving households, Per capita, SA, KRW mn",None,line
"Korea, NGDP, Expenditure, Domestic demand, Private consumption, Per capita, SA, KRW mn","Korea, NGDP, Expenditure, Domestic demand, Private consumption, Per capita, SA, KRW mn",None,line
"Korea, RGDP, Expenditure, Domestic demand, Private consumption, Household consumption, Per capita, SA, KRW mn","Korea, RGDP, Expenditure, Domestic demand, Private consumption, Household consumption, Per capita, SA, KRW mn",None,line
"Korea, RGDP, Expenditure, Domestic demand, Private consumption, Non-profit institutions serving households, Per capita, SA, KRW mn","Korea, RGDP, Expenditure, Domestic demand, Private consumption, Non-profit institutions serving households, Per capita, SA, KRW mn",None,line
"Korea, RGDP, Expenditure, Domestic demand, Private consumption, Per capita, SA, KRW mn","Korea, RGDP, Expenditure, Domestic demand, Private consumption, Per capita, SA, KRW mn",None,line
"Korea, NGDP, Expenditure, Domestic demand, Private consumption, Household consumption, Direct purchases abroad by resident households, Per capita, SA, KRW mn","Korea, NGDP, Expenditure, Domestic demand, Private consumption, Household consumption, Direct purchases abroad by resident households, Per capita, SA, KRW mn",None,line
"Korea, NGDP, Expenditure, Domestic demand, Private consumption, Household consumption, Direct purchases in the domestic market by non-resident households, Per capita, SA, KRW mn","Korea, NGDP, Expenditure, Domestic demand, Private consumption, Household consumption, Direct purchases in the domestic market by non-resident households, Per capita, SA, KRW mn",None,line
"Korea, NGDP, Expenditure, Domestic demand, Private consumption, Household consumption, Domestic final consumption, Durable goods, Per capita, SA, KRW mn","Korea, NGDP, Expenditure, Domestic demand, Private consumption, Household consumption, Domestic final consumption, Durable goods, Per capita, SA, KRW mn",None,line
"Korea, NGDP, Expenditure, Domestic demand, Private consumption, Household consumption, Domestic final consumption, Non-durable goods, Per capita, SA, KRW mn","Korea, NGDP, Expenditure, Domestic demand, Private consumption, Household consumption, Domestic final consumption, Non-durable goods, Per capita, SA, KRW mn",None,line
"Korea, NGDP, Expenditure, Domestic demand, Private consumption, Household consumption, Domestic final consumption, Per capita, SA, KRW mn","Korea, NGDP, Expenditure, Domestic demand, Private consumption, Household consumption, Domestic final consumption, Per capita, SA, KRW mn",None,line
"Korea, NGDP, Expenditure, Domestic demand, Private consumption, Household consumption, Domestic final consumption, Semi-durable goods, Per capita, SA, KRW mn","Korea, NGDP, Expenditure, Domestic demand, Private consumption, Household consumption, Domestic final consumption, Semi-durable goods, Per capita, SA, KRW mn",None,line
"Korea, NGDP, Expenditure, Domestic demand, Private consumption, Household consumption, Domestic final consumption, Services, Per capita, SA, KRW mn","Korea, NGDP, Expenditure, Domestic demand, Private consumption, Household consumption, Domestic final consumption, Services, Per capita, SA, KRW mn",None,line
"Korea, RGDP, Expenditure, Domestic demand, Private consumption, Household consumption, Direct purchases abroad by resident households, Per capita, SA, KRW mn","Korea, RGDP, Expenditure, Domestic demand, Private consumption, Household consumption, Direct purchases abroad by resident households, Per capita, SA, KRW mn",None,line
"Korea, RGDP, Expenditure, Domestic demand, Private consumption, Household consumption, Direct purchases in the domestic market by non-resident households, Per capita, SA, KRW mn","Korea, RGDP, Expenditure, Domestic demand, Private consumption, Household consumption, Direct purchases in the domestic market by non-resident households, Per capita, SA, KRW mn",None,line
"Korea, RGDP, Expenditure, Domestic demand, Private consumption, Household consumption, Domestic final consumption, Durable goods, Per capita, SA, KRW mn","Korea, RGDP, Expenditure, Domestic demand, Private consumption, Household consumption, Domestic final consumption, Durable goods, Per capita, SA, KRW mn",None,line
"Korea, RGDP, Expenditure, Domestic demand, Private consumption, Household consumption, Domestic final consumption, Non-durable goods, Per capita, SA, KRW mn","Korea, RGDP, Expenditure, Domestic demand, Private consumption, Household consumption, Domestic final consumption, Non-durable goods, Per capita, SA, KRW mn",None,line
"Korea, RGDP, Expenditure, Domestic demand, Private consumption, Household consumption, Domestic final consumption, Per capita, SA, KRW mn","Korea, RGDP, Expenditure, Domestic demand, Private consumption, Household consumption, Domestic final consumption, Per capita, SA, KRW mn",None,line
"Korea, RGDP, Expenditure, Domestic demand, Private consumption, Household consumption, Domestic final consumption, Semi-durable goods, Per capita, SA, KRW mn","Korea, RGDP, Expenditure, Domestic demand, Private consumption, Household consumption, Domestic final consumption, Semi-durable goods, Per capita, SA, KRW mn",None,line
"Korea, RGDP, Expenditure, Domestic demand, Private consumption, Household consumption, Domestic final consumption, Services, Per capita, SA, KRW mn","Korea, RGDP, Expenditure, Domestic demand, Private consumption, Household consumption, Domestic final consumption, Services, Per capita, SA, KRW mn",None,line
"Korea, RGDP, ICT sector, Private consumption expenditure, Per capita, SA, KRW mn","Korea, RGDP, ICT sector, Private consumption expenditure, Per capita, SA, KRW mn",None,line
"Korea, NGDP, Expenditure, Domestic demand, Private consumption, Household consumption, Domestic final consumption, Goods, Per capita, SA, KRW mn","Korea, NGDP, Expenditure, Domestic demand, Private consumption, Household consumption, Domestic final consumption, Goods, Per capita, SA, KRW mn",None,line
"Korea, RGDP, Expenditure, Domestic demand, Private consumption, Household consumption, Domestic final consumption, Goods, Per capita, SA, KRW mn","Korea, RGDP, Expenditure, Domestic demand, Private consumption, Household consumption, Domestic final consumption, Goods, Per capita, SA, KRW mn",None,line
"Korea, NGDP, Income, Compensation per worker, SA, KRW mn","Korea, NGDP, Income, Compensation per worker, SA, KRW mn",None,line
"Korea, NGDP, Income, Compensation per worker, KRW mn","Korea, NGDP, Income, Compensation per worker, KRW mn",None,line
"Korea, RGDP, Trading gains, % of GDP","Korea, RGDP, Trading gains, % of GDP",None,line
"Korea, RGDP, Trading gains, % of GDI","Korea, RGDP, Trading gains, % of GDI",None,line
"Korea, NGDP, Expenditure, Domestic demand, Final consumption expenditure, KRW, % YoY","Korea, NGDP, Expenditure, Domestic demand, Final consumption expenditure, KRW, % YoY",None,line
"Korea, NGDP, Expenditure, Domestic demand, Government consumption, KRW, % YoY","Korea, NGDP, Expenditure, Domestic demand, Government consumption, KRW, % YoY",None,line
"Korea, NGDP, Expenditure, Domestic demand, Gross capital formation, Gross fixed capital formation, Buildings and structures, KRW, % YoY","Korea, NGDP, Expenditure, Domestic demand, Gross capital formation, Gross fixed capital formation, Buildings and structures, KRW, % YoY",None,line
"Korea, NGDP, Expenditure, Domestic demand, Gross capital formation, Gross fixed capital formation, Facilities investment, KRW, % YoY","Korea, NGDP, Expenditure, Domestic demand, Gross capital formation, Gross fixed capital formation, Facilities investment, KRW, % YoY",None,line
"Korea, NGDP, Expenditure, Domestic demand, Gross capital formation, Gross fixed capital formation, Public, KRW, % YoY","Korea, NGDP, Expenditure, Domestic demand, Gross capital formation, Gross fixed capital formation, Public, KRW, % YoY",None,line
"Korea, NGDP, Expenditure, Domestic demand, Gross capital formation, Gross fixed capital formation, Intellectual property products, KRW, % YoY","Korea, NGDP, Expenditure, Domestic demand, Gross capital formation, Gross fixed capital formation, Intellectual property products, KRW, % YoY",None,line
"Korea, NGDP, Expenditure, Domestic demand, Gross capital formation, Gross fixed capital formation, KRW, % YoY","Korea, NGDP, Expenditure, Domestic demand, Gross capital formation, Gross fixed capital formation, KRW, % YoY",None,line
"Korea, NGDP, Expenditure, Domestic demand, Gross capital formation, Gross fixed capital formation, Private, KRW, % YoY","Korea, NGDP, Expenditure, Domestic demand, Gross capital formation, Gross fixed capital formation, Private, KRW, % YoY",None,line
"Korea, NGDP, Expenditure, Domestic demand, Gross capital formation, Inventories, KRW, % YoY","Korea, NGDP, Expenditure, Domestic demand, Gross capital formation, Inventories, KRW, % YoY",None,line
"Korea, NGDP, Expenditure, Domestic demand, Gross capital formation, KRW, % YoY","Korea, NGDP, Expenditure, Domestic demand, Gross capital formation, KRW, % YoY",None,line
"Korea, NGDP, Expenditure, Domestic demand, Private consumption, Household consumption, KRW, % YoY","Korea, NGDP, Expenditure, Domestic demand, Private consumption, Household consumption, KRW, % YoY",None,line
"Korea, NGDP, Expenditure, Domestic demand, Private consumption, KRW, % YoY","Korea, NGDP, Expenditure, Domestic demand, Private consumption, KRW, % YoY",None,line
"Korea, NGDP, Expenditure, Domestic demand, Private consumption, Non-profit institutions serving households, KRW, % YoY","Korea, NGDP, Expenditure, Domestic demand, Private consumption, Non-profit institutions serving households, KRW, % YoY",None,line
"Korea, NGDP, Expenditure, KRW, % YoY","Korea, NGDP, Expenditure, KRW, % YoY",None,line
"Korea, NGDP, Expenditure, Net exports of goods and services, Exports of goods and services, Goods, KRW, % YoY","Korea, NGDP, Expenditure, Net exports of goods and services, Exports of goods and services, Goods, KRW, % YoY",None,line
"Korea, NGDP, Expenditure, Net exports of goods and services, Exports of goods and services, KRW, % YoY","Korea, NGDP, Expenditure, Net exports of goods and services, Exports of goods and services, KRW, % YoY",None,line
"Korea, NGDP, Expenditure, Net exports of goods and services, Exports of goods and services, Services, KRW, % YoY","Korea, NGDP, Expenditure, Net exports of goods and services, Exports of goods and services, Services, KRW, % YoY",None,line
"Korea, NGDP, Expenditure, Net exports of goods and services, Imports of goods and services, Goods, KRW, % YoY","Korea, NGDP, Expenditure, Net exports of goods and services, Imports of goods and services, Goods, KRW, % YoY",None,line
"Korea, NGDP, Expenditure, Net exports of goods and services, Imports of goods and services, KRW, % YoY","Korea, NGDP, Expenditure, Net exports of goods and services, Imports of goods and services, KRW, % YoY",None,line
"Korea, NGDP, Expenditure, Net exports of goods and services, Imports of goods and services, Services, KRW, % YoY","Korea, NGDP, Expenditure, Net exports of goods and services, Imports of goods and services, Services, KRW, % YoY",None,line
"Korea, NGDP, Expenditure, Statistical discrepancy, KRW, % YoY","Korea, NGDP, Expenditure, Statistical discrepancy, KRW, % YoY",None,line
"Korea, NGDP, Income, Compensation of employees, KRW, % YoY","Korea, NGDP, Income, Compensation of employees, KRW, % YoY",None,line
"Korea, NGDP, Income, Gross operating surplus, KRW, % YoY","Korea, NGDP, Income, Gross operating surplus, KRW, % YoY",None,line
"Korea, NGDP, Income, Nominal gross domestic product, KRW, % YoY","Korea, NGDP, Income, Nominal gross domestic product, KRW, % YoY",None,line
"Korea, NGDP, Income, Taxes on production and imports less subsidies, KRW, % YoY","Korea, NGDP, Income, Taxes on production and imports less subsidies, KRW, % YoY",None,line
"Korea, RGDP, Expenditure, Domestic demand, Final consumption expenditure, KRW, % YoY","Korea, RGDP, Expenditure, Domestic demand, Final consumption expenditure, KRW, % YoY",None,line
"Korea, RGDP, Expenditure, Domestic demand, Government consumption, KRW, % YoY","Korea, RGDP, Expenditure, Domestic demand, Government consumption, KRW, % YoY",None,line
"Korea, RGDP, Expenditure, Domestic demand, Gross capital formation, Gross fixed capital formation, Buildings and structures, KRW, % YoY","Korea, RGDP, Expenditure, Domestic demand, Gross capital formation, Gross fixed capital formation, Buildings and structures, KRW, % YoY",None,line
"Korea, RGDP, Expenditure, Domestic demand, Gross capital formation, Gross fixed capital formation, Facilities investment, KRW, % YoY","Korea, RGDP, Expenditure, Domestic demand, Gross capital formation, Gross fixed capital formation, Facilities investment, KRW, % YoY",None,line
"Korea, RGDP, Expenditure, Domestic demand, Gross capital formation, Gross fixed capital formation, Public, KRW, % YoY","Korea, RGDP, Expenditure, Domestic demand, Gross capital formation, Gross fixed capital formation, Public, KRW, % YoY",None,line
"Korea, RGDP, Expenditure, Domestic demand, Gross capital formation, Gross fixed capital formation, Intellectual property products, KRW, % YoY","Korea, RGDP, Expenditure, Domestic demand, Gross capital formation, Gross fixed capital formation, Intellectual property products, KRW, % YoY",None,line
"Korea, RGDP, Expenditure, Domestic demand, Gross capital formation, Gross fixed capital formation, KRW, % YoY","Korea, RGDP, Expenditure, Domestic demand, Gross capital formation, Gross fixed capital formation, KRW, % YoY",None,line
"Korea, RGDP, Expenditure, Domestic demand, Gross capital formation, Gross fixed capital formation, Private, KRW, % YoY","Korea, RGDP, Expenditure, Domestic demand, Gross capital formation, Gross fixed capital formation, Private, KRW, % YoY",None,line
"Korea, RGDP, Expenditure, Domestic demand, Gross capital formation, Inventories, KRW, % YoY","Korea, RGDP, Expenditure, Domestic demand, Gross capital formation, Inventories, KRW, % YoY",None,line
"Korea, RGDP, Expenditure, Domestic demand, Gross capital formation, KRW, % YoY","Korea, RGDP, Expenditure, Domestic demand, Gross capital formation, KRW, % YoY",None,line
"Korea, RGDP, Expenditure, Domestic demand, Private consumption, Household consumption, KRW, % YoY","Korea, RGDP, Expenditure, Domestic demand, Private consumption, Household consumption, KRW, % YoY",None,line
"Korea, RGDP, Expenditure, Domestic demand, Private consumption, KRW, % YoY","Korea, RGDP, Expenditure, Domestic demand, Private consumption, KRW, % YoY",None,line
"Korea, RGDP, Expenditure, Domestic demand, Private consumption, Non-profit institutions serving households, KRW, % YoY","Korea, RGDP, Expenditure, Domestic demand, Private consumption, Non-profit institutions serving households, KRW, % YoY",None,line
"Korea, RGDP, Expenditure, KRW, % YoY","Korea, RGDP, Expenditure, KRW, % YoY",None,line
"Korea, RGDP, Expenditure, Net exports of goods and services, Exports of goods and services, Goods, KRW, % YoY","Korea, RGDP, Expenditure, Net exports of goods and services, Exports of goods and services, Goods, KRW, % YoY",None,line
"Korea, RGDP, Expenditure, Net exports of goods and services, Exports of goods and services, KRW, % YoY","Korea, RGDP, Expenditure, Net exports of goods and services, Exports of goods and services, KRW, % YoY",None,line
"Korea, RGDP, Expenditure, Net exports of goods and services, Exports of goods and services, Services, KRW, % YoY","Korea, RGDP, Expenditure, Net exports of goods and services, Exports of goods and services, Services, KRW, % YoY",None,line
"Korea, RGDP, Expenditure, Net exports of goods and services, Imports of goods and services, Goods, KRW, % YoY","Korea, RGDP, Expenditure, Net exports of goods and services, Imports of goods and services, Goods, KRW, % YoY",None,line
"Korea, RGDP, Expenditure, Net exports of goods and services, Imports of goods and services, KRW, % YoY","Korea, RGDP, Expenditure, Net exports of goods and services, Imports of goods and services, KRW, % YoY",None,line
"Korea, RGDP, Expenditure, Net exports of goods and services, Imports of goods and services, Services, KRW, % YoY","Korea, RGDP, Expenditure, Net exports of goods and services, Imports of goods and services, Services, KRW, % YoY",None,line
"Korea, RGDP, Expenditure, Statistical discrepancy, KRW, % YoY","Korea, RGDP, Expenditure, Statistical discrepancy, KRW, % YoY",None,line
"Korea, NGDP, Activity, Gross value added at basic prices, KRW, % YoY","Korea, NGDP, Activity, Gross value added at basic prices, KRW, % YoY",None,line
"Korea, NGDP, Activity, KRW, % YoY","Korea, NGDP, Activity, KRW, % YoY",None,line
"Korea, NGDP, Activity, Mining, quarrying and manufacturing, KRW, % YoY","Korea, NGDP, Activity, Mining, quarrying and manufacturing, KRW, % YoY",None,line
"Korea, NGDP, Activity, Net factor income from the rest of the world, KRW, % YoY","Korea, NGDP, Activity, Net factor income from the rest of the world, KRW, % YoY",None,line
"Korea, NGDP, Activity, Primary, Agriculture, Animals, KRW, % YoY","Korea, NGDP, Activity, Primary, Agriculture, Animals, KRW, % YoY",None,line
"Korea, NGDP, Activity, Primary, Agriculture, Cultivation, KRW, % YoY","Korea, NGDP, Activity, Primary, Agriculture, Cultivation, KRW, % YoY",None,line
"Korea, NGDP, Activity, Primary, Agriculture, Fishing and aquaculture, KRW, % YoY","Korea, NGDP, Activity, Primary, Agriculture, Fishing and aquaculture, KRW, % YoY",None,line
"Korea, NGDP, Activity, Primary, Agriculture, Forestry and logging, KRW, % YoY","Korea, NGDP, Activity, Primary, Agriculture, Forestry and logging, KRW, % YoY",None,line
"Korea, NGDP, Activity, Primary, Agriculture, KRW, % YoY","Korea, NGDP, Activity, Primary, Agriculture, KRW, % YoY",None,line
"Korea, NGDP, Activity, Primary, Mining, KRW, % YoY","Korea, NGDP, Activity, Primary, Mining, KRW, % YoY",None,line
"Korea, NGDP, Activity, Secondary, Construction, Building construction and repair, Building repair, KRW, % YoY","Korea, NGDP, Activity, Secondary, Construction, Building construction and repair, Building repair, KRW, % YoY",None,line
"Korea, NGDP, Activity, Secondary, Construction, Building construction and repair, KRW, % YoY","Korea, NGDP, Activity, Secondary, Construction, Building construction and repair, KRW, % YoY",None,line
"Korea, NGDP, Activity, Secondary, Construction, Building construction and repair, Non-residential, KRW, % YoY","Korea, NGDP, Activity, Secondary, Construction, Building construction and repair, Non-residential, KRW, % YoY",None,line
"Korea, NGDP, Activity, Secondary, Construction, Building construction and repair, Residential, KRW, % YoY","Korea, NGDP, Activity, Secondary, Construction, Building construction and repair, Residential, KRW, % YoY",None,line
"Korea, NGDP, Activity, Secondary, Construction, Civil engineering, KRW, % YoY","Korea, NGDP, Activity, Secondary, Construction, Civil engineering, KRW, % YoY",None,line
"Korea, NGDP, Activity, Secondary, Construction, KRW, % YoY","Korea, NGDP, Activity, Secondary, Construction, KRW, % YoY",None,line
"Korea, NGDP, Activity, Secondary, Manufacturing, Basic metals, KRW, % YoY","Korea, NGDP, Activity, Secondary, Manufacturing, Basic metals, KRW, % YoY",None,line
"Korea, NGDP, Activity, Secondary, Manufacturing, Chemicals and chemical products, KRW, % YoY","Korea, NGDP, Activity, Secondary, Manufacturing, Chemicals and chemical products, KRW, % YoY",None,line
"Korea, NGDP, Activity, Secondary, Manufacturing, Coke and refined petroleum products, KRW, % YoY","Korea, NGDP, Activity, Secondary, Manufacturing, Coke and refined petroleum products, KRW, % YoY",None,line
"Korea, NGDP, Activity, Secondary, Manufacturing, Computer, electronic and optical products, KRW, % YoY","Korea, NGDP, Activity, Secondary, Manufacturing, Computer, electronic and optical products, KRW, % YoY",None,line
"Korea, NGDP, Activity, Secondary, Manufacturing, Electrical equipment, KRW, % YoY","Korea, NGDP, Activity, Secondary, Manufacturing, Electrical equipment, KRW, % YoY",None,line
"Korea, NGDP, Activity, Secondary, Manufacturing, Fabricated metal products, KRW, % YoY","Korea, NGDP, Activity, Secondary, Manufacturing, Fabricated metal products, KRW, % YoY",None,line
"Korea, NGDP, Activity, Secondary, Manufacturing, Food, beverages products, KRW, % YoY","Korea, NGDP, Activity, Secondary, Manufacturing, Food, beverages products, KRW, % YoY",None,line
"Korea, NGDP, Activity, Secondary, Manufacturing, KRW, % YoY","Korea, NGDP, Activity, Secondary, Manufacturing, KRW, % YoY",None,line
"Korea, NGDP, Activity, Secondary, Manufacturing, Machinery and equipment, KRW, % YoY","Korea, NGDP, Activity, Secondary, Manufacturing, Machinery and equipment, KRW, % YoY",None,line
"Korea, NGDP, Activity, Secondary, Manufacturing, Non-metallic mineral products, KRW, % YoY","Korea, NGDP, Activity, Secondary, Manufacturing, Non-metallic mineral products, KRW, % YoY",None,line
"Korea, NGDP, Activity, Secondary, Manufacturing, Other Manufacturing, repair and installation of machinery and equipment, KRW, % YoY","Korea, NGDP, Activity, Secondary, Manufacturing, Other Manufacturing, repair and installation of machinery and equipment, KRW, % YoY",None,line
"Korea, NGDP, Activity, Secondary, Manufacturing, Textile and leather products, KRW, % YoY","Korea, NGDP, Activity, Secondary, Manufacturing, Textile and leather products, KRW, % YoY",None,line
"Korea, NGDP, Activity, Secondary, Manufacturing, Transportation equipment, KRW, % YoY","Korea, NGDP, Activity, Secondary, Manufacturing, Transportation equipment, KRW, % YoY",None,line
"Korea, NGDP, Activity, Secondary, Manufacturing, Wood and paper products, printing and reproduction of recorded media, KRW, % YoY","Korea, NGDP, Activity, Secondary, Manufacturing, Wood and paper products, printing and reproduction of recorded media, KRW, % YoY",None,line
"Korea, NGDP, Activity, Secondary, Utilities, Electricity, KRW, % YoY","Korea, NGDP, Activity, Secondary, Utilities, Electricity, KRW, % YoY",None,line
"Korea, NGDP, Activity, Secondary, Utilities, Gas, steam and air conditioning supply, KRW, % YoY","Korea, NGDP, Activity, Secondary, Utilities, Gas, steam and air conditioning supply, KRW, % YoY",None,line
"Korea, NGDP, Activity, Secondary, Utilities, KRW, % YoY","Korea, NGDP, Activity, Secondary, Utilities, KRW, % YoY",None,line
"Korea, NGDP, Activity, Secondary, Utilities, Water supply, sewerage, waste management and remediation activities, KRW, % YoY","Korea, NGDP, Activity, Secondary, Utilities, Water supply, sewerage, waste management and remediation activities, KRW, % YoY",None,line
"Korea, NGDP, Activity, Taxes less subsidies on products, KRW, % YoY","Korea, NGDP, Activity, Taxes less subsidies on products, KRW, % YoY",None,line
"Korea, NGDP, Activity, Tertiary, Accommodation and food services, KRW, % YoY","Korea, NGDP, Activity, Tertiary, Accommodation and food services, KRW, % YoY",None,line
"Korea, NGDP, Activity, Tertiary, Arts, sports and recreation, KRW, % YoY","Korea, NGDP, Activity, Tertiary, Arts, sports and recreation, KRW, % YoY",None,line
"Korea, NGDP, Activity, Tertiary, Business activities, Business support services, KRW, % YoY","Korea, NGDP, Activity, Tertiary, Business activities, Business support services, KRW, % YoY",None,line
"Korea, NGDP, Activity, Tertiary, Business activities, KRW, % YoY","Korea, NGDP, Activity, Tertiary, Business activities, KRW, % YoY",None,line
"Korea, NGDP, Activity, Tertiary, Business activities, Professional, scientific and technical services, KRW, % YoY","Korea, NGDP, Activity, Tertiary, Business activities, Professional, scientific and technical services, KRW, % YoY",None,line
"Korea, NGDP, Activity, Tertiary, Cultural and other services, KRW, % YoY","Korea, NGDP, Activity, Tertiary, Cultural and other services, KRW, % YoY",None,line
"Korea, NGDP, Activity, Tertiary, Education, KRW, % YoY","Korea, NGDP, Activity, Tertiary, Education, KRW, % YoY",None,line
"Korea, NGDP, Activity, Tertiary, Finance and insurance, KRW, % YoY","Korea, NGDP, Activity, Tertiary, Finance and insurance, KRW, % YoY",None,line
"Korea, NGDP, Activity, Tertiary, Human health and social work, KRW, % YoY","Korea, NGDP, Activity, Tertiary, Human health and social work, KRW, % YoY",None,line
"Korea, NGDP, Activity, Tertiary, Information and communication, Communication, KRW, % YoY","Korea, NGDP, Activity, Tertiary, Information and communication, Communication, KRW, % YoY",None,line
"Korea, NGDP, Activity, Tertiary, Information and communication, KRW, % YoY","Korea, NGDP, Activity, Tertiary, Information and communication, KRW, % YoY",None,line
"Korea, NGDP, Activity, Tertiary, Information and communication, Publishing, broadcasting, motion picture, video and television programme production, and information service, KRW, % YoY","Korea, NGDP, Activity, Tertiary, Information and communication, Publishing, broadcasting, motion picture, video and television programme production, and information service, KRW, % YoY",None,line
"Korea, NGDP, Activity, Tertiary, KRW, % YoY","Korea, NGDP, Activity, Tertiary, KRW, % YoY",None,line
"Korea, NGDP, Activity, Tertiary, Other services, KRW, % YoY","Korea, NGDP, Activity, Tertiary, Other services, KRW, % YoY",None,line
"Korea, NGDP, Activity, Tertiary, Public administration, defence and social security, KRW, % YoY","Korea, NGDP, Activity, Tertiary, Public administration, defence and social security, KRW, % YoY",None,line
"Korea, NGDP, Activity, Tertiary, Real estate, KRW, % YoY","Korea, NGDP, Activity, Tertiary, Real estate, KRW, % YoY",None,line
"Korea, NGDP, Activity, Tertiary, Transportation and storage, KRW, % YoY","Korea, NGDP, Activity, Tertiary, Transportation and storage, KRW, % YoY",None,line
"Korea, NGDP, Activity, Tertiary, Wholesale and retail trade, KRW, % YoY","Korea, NGDP, Activity, Tertiary, Wholesale and retail trade, KRW, % YoY",None,line
"Korea, NGDP, Activity, Tertiary, Wholesale and retail trade, accommodation and food services, KRW, % YoY","Korea, NGDP, Activity, Tertiary, Wholesale and retail trade, accommodation and food services, KRW, % YoY",None,line
"Korea, NGDP, Activity, gdp_at_market_prices, KRW, % YoY","Korea, NGDP, Activity, gdp_at_market_prices, KRW, % YoY",None,line
"Korea, NGDP, Activity, gni, KRW, % YoY","Korea, NGDP, Activity, gni, KRW, % YoY",None,line
"Korea, NGDP, Activity, gross_value_added_at_basic_prices, KRW, % YoY","Korea, NGDP, Activity, gross_value_added_at_basic_prices, KRW, % YoY",None,line
"Korea, NGDP, Activity, mining_and_manufacturing, KRW, % YoY","Korea, NGDP, Activity, mining_and_manufacturing, KRW, % YoY",None,line
"Korea, NGDP, Activity, net_factor_income_from_the_rest_of_the_w, KRW, % YoY","Korea, NGDP, Activity, net_factor_income_from_the_rest_of_the_w, KRW, % YoY",None,line
"Korea, NGDP, Activity, primary>agriculture, KRW, % YoY","Korea, NGDP, Activity, primary>agriculture, KRW, % YoY",None,line
"Korea, NGDP, Activity, primary>agriculture>animals, KRW, % YoY","Korea, NGDP, Activity, primary>agriculture>animals, KRW, % YoY",None,line
"Korea, NGDP, Activity, primary>agriculture>cultivation, KRW, % YoY","Korea, NGDP, Activity, primary>agriculture>cultivation, KRW, % YoY",None,line
"Korea, NGDP, Activity, primary>agriculture>fishing_and_aquaculture, KRW, % YoY","Korea, NGDP, Activity, primary>agriculture>fishing_and_aquaculture, KRW, % YoY",None,line
"Korea, NGDP, Activity, primary>agriculture>forestry_and_logging, KRW, % YoY","Korea, NGDP, Activity, primary>agriculture>forestry_and_logging, KRW, % YoY",None,line
"Korea, NGDP, Activity, primary>mining_and_quarrying, KRW, % YoY","Korea, NGDP, Activity, primary>mining_and_quarrying, KRW, % YoY",None,line
"Korea, NGDP, Activity, secondary>construction, KRW, % YoY","Korea, NGDP, Activity, secondary>construction, KRW, % YoY",None,line
"Korea, NGDP, Activity, secondary>construction>building_construction_and_repair, KRW, % YoY","Korea, NGDP, Activity, secondary>construction>building_construction_and_repair, KRW, % YoY",None,line
"Korea, NGDP, Activity, secondary>construction>building_construction_and_repair>building_repair, KRW, % YoY","Korea, NGDP, Activity, secondary>construction>building_construction_and_repair>building_repair, KRW, % YoY",None,line
"Korea, NGDP, Activity, secondary>construction>building_construction_and_repair>non_residential, KRW, % YoY","Korea, NGDP, Activity, secondary>construction>building_construction_and_repair>non_residential, KRW, % YoY",None,line
"Korea, NGDP, Activity, secondary>construction>building_construction_and_repair>residential, KRW, % YoY","Korea, NGDP, Activity, secondary>construction>building_construction_and_repair>residential, KRW, % YoY",None,line
"Korea, NGDP, Activity, secondary>construction>civil_engineering, KRW, % YoY","Korea, NGDP, Activity, secondary>construction>civil_engineering, KRW, % YoY",None,line
"Korea, NGDP, Activity, secondary>manufacturing, KRW, % YoY","Korea, NGDP, Activity, secondary>manufacturing, KRW, % YoY",None,line
"Korea, NGDP, Activity, secondary>manufacturing>basic_metals, KRW, % YoY","Korea, NGDP, Activity, secondary>manufacturing>basic_metals, KRW, % YoY",None,line
"Korea, NGDP, Activity, secondary>manufacturing>chemicals_and_chemical_products, KRW, % YoY","Korea, NGDP, Activity, secondary>manufacturing>chemicals_and_chemical_products, KRW, % YoY",None,line
"Korea, NGDP, Activity, secondary>manufacturing>coke_and_refined_petroleum_products, KRW, % YoY","Korea, NGDP, Activity, secondary>manufacturing>coke_and_refined_petroleum_products, KRW, % YoY",None,line
"Korea, NGDP, Activity, secondary>manufacturing>computer_and_electronics, KRW, % YoY","Korea, NGDP, Activity, secondary>manufacturing>computer_and_electronics, KRW, % YoY",None,line
"Korea, NGDP, Activity, secondary>manufacturing>electrical_equipment, KRW, % YoY","Korea, NGDP, Activity, secondary>manufacturing>electrical_equipment, KRW, % YoY",None,line
"Korea, NGDP, Activity, secondary>manufacturing>fabricated_metal_products, KRW, % YoY","Korea, NGDP, Activity, secondary>manufacturing>fabricated_metal_products, KRW, % YoY",None,line
"Korea, NGDP, Activity, secondary>manufacturing>food_beverages_products, KRW, % YoY","Korea, NGDP, Activity, secondary>manufacturing>food_beverages_products, KRW, % YoY",None,line
"Korea, NGDP, Activity, secondary>manufacturing>machinery_and_equipment, KRW, % YoY","Korea, NGDP, Activity, secondary>manufacturing>machinery_and_equipment, KRW, % YoY",None,line
"Korea, NGDP, Activity, secondary>manufacturing>other_manufacturing_repair_and_installat, KRW, % YoY","Korea, NGDP, Activity, secondary>manufacturing>other_manufacturing_repair_and_installat, KRW, % YoY",None,line
"Korea, NGDP, Activity, secondary>manufacturing>other_non_metallic_mineral_products, KRW, % YoY","Korea, NGDP, Activity, secondary>manufacturing>other_non_metallic_mineral_products, KRW, % YoY",None,line
"Korea, NGDP, Activity, secondary>manufacturing>textile_and_leather_products, KRW, % YoY","Korea, NGDP, Activity, secondary>manufacturing>textile_and_leather_products, KRW, % YoY",None,line
"Korea, NGDP, Activity, secondary>manufacturing>transportation_equipment, KRW, % YoY","Korea, NGDP, Activity, secondary>manufacturing>transportation_equipment, KRW, % YoY",None,line
"Korea, NGDP, Activity, secondary>manufacturing>wood_and_paper_products_printing_and_rep, KRW, % YoY","Korea, NGDP, Activity, secondary>manufacturing>wood_and_paper_products_printing_and_rep, KRW, % YoY",None,line
"Korea, NGDP, Activity, secondary>utilities, KRW, % YoY","Korea, NGDP, Activity, secondary>utilities, KRW, % YoY",None,line
"Korea, NGDP, Activity, secondary>utilities>electricity, KRW, % YoY","Korea, NGDP, Activity, secondary>utilities>electricity, KRW, % YoY",None,line
"Korea, NGDP, Activity, secondary>utilities>gas_steam_and_air_conditioning_supply, KRW, % YoY","Korea, NGDP, Activity, secondary>utilities>gas_steam_and_air_conditioning_supply, KRW, % YoY",None,line
"Korea, NGDP, Activity, secondary>utilities>water_supply_sewerage_waste_management_a, KRW, % YoY","Korea, NGDP, Activity, secondary>utilities>water_supply_sewerage_waste_management_a, KRW, % YoY",None,line
"Korea, NGDP, Activity, taxes_less_subsidies_on_products, KRW, % YoY","Korea, NGDP, Activity, taxes_less_subsidies_on_products, KRW, % YoY",None,line
"Korea, NGDP, Activity, tertiary, KRW, % YoY","Korea, NGDP, Activity, tertiary, KRW, % YoY",None,line
"Korea, NGDP, Activity, tertiary>accommodation_and_food_services_2, KRW, % YoY","Korea, NGDP, Activity, tertiary>accommodation_and_food_services_2, KRW, % YoY",None,line
"Korea, NGDP, Activity, tertiary>arts_sports_and_recreation, KRW, % YoY","Korea, NGDP, Activity, tertiary>arts_sports_and_recreation, KRW, % YoY",None,line
"Korea, NGDP, Activity, tertiary>business_activities, KRW, % YoY","Korea, NGDP, Activity, tertiary>business_activities, KRW, % YoY",None,line
"Korea, NGDP, Activity, tertiary>business_activities>business_support_services, KRW, % YoY","Korea, NGDP, Activity, tertiary>business_activities>business_support_services, KRW, % YoY",None,line
"Korea, NGDP, Activity, tertiary>business_activities>professional_scientific_and_technical_se, KRW, % YoY","Korea, NGDP, Activity, tertiary>business_activities>professional_scientific_and_technical_se, KRW, % YoY",None,line
"Korea, NGDP, Activity, tertiary>cultural_and_other_services, KRW, % YoY","Korea, NGDP, Activity, tertiary>cultural_and_other_services, KRW, % YoY",None,line
"Korea, NGDP, Activity, tertiary>education, KRW, % YoY","Korea, NGDP, Activity, tertiary>education, KRW, % YoY",None,line
"Korea, NGDP, Activity, tertiary>finance_and_insurance, KRW, % YoY","Korea, NGDP, Activity, tertiary>finance_and_insurance, KRW, % YoY",None,line
"Korea, NGDP, Activity, tertiary>human_health_and_social_work, KRW, % YoY","Korea, NGDP, Activity, tertiary>human_health_and_social_work, KRW, % YoY",None,line
"Korea, NGDP, Activity, tertiary>information_and_communication, KRW, % YoY","Korea, NGDP, Activity, tertiary>information_and_communication, KRW, % YoY",None,line
"Korea, NGDP, Activity, tertiary>information_and_communication>communication, KRW, % YoY","Korea, NGDP, Activity, tertiary>information_and_communication>communication, KRW, % YoY",None,line
"Korea, NGDP, Activity, tertiary>information_and_communication>publishing_broadcasting_motion_picture_v, KRW, % YoY","Korea, NGDP, Activity, tertiary>information_and_communication>publishing_broadcasting_motion_picture_v, KRW, % YoY",None,line
"Korea, NGDP, Activity, tertiary>other_services, KRW, % YoY","Korea, NGDP, Activity, tertiary>other_services, KRW, % YoY",None,line
"Korea, NGDP, Activity, tertiary>public_administration_defence_and_social, KRW, % YoY","Korea, NGDP, Activity, tertiary>public_administration_defence_and_social, KRW, % YoY",None,line
"Korea, NGDP, Activity, tertiary>real_estate, KRW, % YoY","Korea, NGDP, Activity, tertiary>real_estate, KRW, % YoY",None,line
"Korea, NGDP, Activity, tertiary>transportation_and_storage, KRW, % YoY","Korea, NGDP, Activity, tertiary>transportation_and_storage, KRW, % YoY",None,line
"Korea, NGDP, Activity, tertiary>wholesale_and_retail_trade, KRW, % YoY","Korea, NGDP, Activity, tertiary>wholesale_and_retail_trade, KRW, % YoY",None,line
"Korea, NGDP, Activity, tertiary>wholesale_and_retail_trade>accommodation_and_food_services, KRW, % YoY","Korea, NGDP, Activity, tertiary>wholesale_and_retail_trade>accommodation_and_food_services, KRW, % YoY",None,line
"Korea, RGDI, KRW, % YoY","Korea, RGDI, KRW, % YoY",None,line
"Korea, RGDP, Activity, Gross value added at basic prices, KRW, % YoY","Korea, RGDP, Activity, Gross value added at basic prices, KRW, % YoY",None,line
"Korea, RGDP, Activity, KRW, % YoY","Korea, RGDP, Activity, KRW, % YoY",None,line
"Korea, RGDP, Activity, Mining, quarrying and manufacturing, KRW, % YoY","Korea, RGDP, Activity, Mining, quarrying and manufacturing, KRW, % YoY",None,line
"Korea, RGDP, Activity, Net factor income from the rest of the world, KRW, % YoY","Korea, RGDP, Activity, Net factor income from the rest of the world, KRW, % YoY",None,line
"Korea, RGDP, Activity, Primary, Agriculture, Animals, KRW, % YoY","Korea, RGDP, Activity, Primary, Agriculture, Animals, KRW, % YoY",None,line
"Korea, RGDP, Activity, Primary, Agriculture, Cultivation, KRW, % YoY","Korea, RGDP, Activity, Primary, Agriculture, Cultivation, KRW, % YoY",None,line
"Korea, RGDP, Activity, Primary, Agriculture, Fishing and aquaculture, KRW, % YoY","Korea, RGDP, Activity, Primary, Agriculture, Fishing and aquaculture, KRW, % YoY",None,line
"Korea, RGDP, Activity, Primary, Agriculture, Forestry and logging, KRW, % YoY","Korea, RGDP, Activity, Primary, Agriculture, Forestry and logging, KRW, % YoY",None,line
"Korea, RGDP, Activity, Primary, Agriculture, KRW, % YoY","Korea, RGDP, Activity, Primary, Agriculture, KRW, % YoY",None,line
"Korea, RGDP, Activity, Primary, Mining, KRW, % YoY","Korea, RGDP, Activity, Primary, Mining, KRW, % YoY",None,line
"Korea, RGDP, Activity, Secondary, Construction, Building construction and repair, Building repair, KRW, % YoY","Korea, RGDP, Activity, Secondary, Construction, Building construction and repair, Building repair, KRW, % YoY",None,line
"Korea, RGDP, Activity, Secondary, Construction, Building construction and repair, KRW, % YoY","Korea, RGDP, Activity, Secondary, Construction, Building construction and repair, KRW, % YoY",None,line
"Korea, RGDP, Activity, Secondary, Construction, Building construction and repair, Non-residential, KRW, % YoY","Korea, RGDP, Activity, Secondary, Construction, Building construction and repair, Non-residential, KRW, % YoY",None,line
"Korea, RGDP, Activity, Secondary, Construction, Building construction and repair, Residential, KRW, % YoY","Korea, RGDP, Activity, Secondary, Construction, Building construction and repair, Residential, KRW, % YoY",None,line
"Korea, RGDP, Activity, Secondary, Construction, Civil engineering, KRW, % YoY","Korea, RGDP, Activity, Secondary, Construction, Civil engineering, KRW, % YoY",None,line
"Korea, RGDP, Activity, Secondary, Construction, KRW, % YoY","Korea, RGDP, Activity, Secondary, Construction, KRW, % YoY",None,line
"Korea, RGDP, Activity, Secondary, Manufacturing, Basic metals, KRW, % YoY","Korea, RGDP, Activity, Secondary, Manufacturing, Basic metals, KRW, % YoY",None,line
"Korea, RGDP, Activity, Secondary, Manufacturing, Chemicals and chemical products, KRW, % YoY","Korea, RGDP, Activity, Secondary, Manufacturing, Chemicals and chemical products, KRW, % YoY",None,line
"Korea, RGDP, Activity, Secondary, Manufacturing, Coke and refined petroleum products, KRW, % YoY","Korea, RGDP, Activity, Secondary, Manufacturing, Coke and refined petroleum products, KRW, % YoY",None,line
"Korea, RGDP, Activity, Secondary, Manufacturing, Computer, electronic and optical products, KRW, % YoY","Korea, RGDP, Activity, Secondary, Manufacturing, Computer, electronic and optical products, KRW, % YoY",None,line
"Korea, RGDP, Activity, Secondary, Manufacturing, Electrical equipment, KRW, % YoY","Korea, RGDP, Activity, Secondary, Manufacturing, Electrical equipment, KRW, % YoY",None,line
"Korea, RGDP, Activity, Secondary, Manufacturing, Fabricated metal products, KRW, % YoY","Korea, RGDP, Activity, Secondary, Manufacturing, Fabricated metal products, KRW, % YoY",None,line
"Korea, RGDP, Activity, Secondary, Manufacturing, Food, beverages products, KRW, % YoY","Korea, RGDP, Activity, Secondary, Manufacturing, Food, beverages products, KRW, % YoY",None,line
"Korea, RGDP, Activity, Secondary, Manufacturing, KRW, % YoY","Korea, RGDP, Activity, Secondary, Manufacturing, KRW, % YoY",None,line
"Korea, RGDP, Activity, Secondary, Manufacturing, Machinery and equipment, KRW, % YoY","Korea, RGDP, Activity, Secondary, Manufacturing, Machinery and equipment, KRW, % YoY",None,line
"Korea, RGDP, Activity, Secondary, Manufacturing, Non-metallic mineral products, KRW, % YoY","Korea, RGDP, Activity, Secondary, Manufacturing, Non-metallic mineral products, KRW, % YoY",None,line
"Korea, RGDP, Activity, Secondary, Manufacturing, Other Manufacturing, repair and installation of machinery and equipment, KRW, % YoY","Korea, RGDP, Activity, Secondary, Manufacturing, Other Manufacturing, repair and installation of machinery and equipment, KRW, % YoY",None,line
"Korea, RGDP, Activity, Secondary, Manufacturing, Textile and leather products, KRW, % YoY","Korea, RGDP, Activity, Secondary, Manufacturing, Textile and leather products, KRW, % YoY",None,line
"Korea, RGDP, Activity, Secondary, Manufacturing, Transportation equipment, KRW, % YoY","Korea, RGDP, Activity, Secondary, Manufacturing, Transportation equipment, KRW, % YoY",None,line
"Korea, RGDP, Activity, Secondary, Manufacturing, Wood and paper products, printing and reproduction of recorded media, KRW, % YoY","Korea, RGDP, Activity, Secondary, Manufacturing, Wood and paper products, printing and reproduction of recorded media, KRW, % YoY",None,line
"Korea, RGDP, Activity, Secondary, Utilities, Electricity, KRW, % YoY","Korea, RGDP, Activity, Secondary, Utilities, Electricity, KRW, % YoY",None,line
"Korea, RGDP, Activity, Secondary, Utilities, Gas, steam and air conditioning supply, KRW, % YoY","Korea, RGDP, Activity, Secondary, Utilities, Gas, steam and air conditioning supply, KRW, % YoY",None,line
"Korea, RGDP, Activity, Secondary, Utilities, KRW, % YoY","Korea, RGDP, Activity, Secondary, Utilities, KRW, % YoY",None,line
"Korea, RGDP, Activity, Secondary, Utilities, Water supply, sewerage, waste management and remediation activities, KRW, % YoY","Korea, RGDP, Activity, Secondary, Utilities, Water supply, sewerage, waste management and remediation activities, KRW, % YoY",None,line
"Korea, RGDP, Activity, Taxes less subsidies on products, KRW, % YoY","Korea, RGDP, Activity, Taxes less subsidies on products, KRW, % YoY",None,line
"Korea, RGDP, Activity, Tertiary, Accommodation and food services, KRW, % YoY","Korea, RGDP, Activity, Tertiary, Accommodation and food services, KRW, % YoY",None,line
"Korea, RGDP, Activity, Tertiary, Arts, sports and recreation, KRW, % YoY","Korea, RGDP, Activity, Tertiary, Arts, sports and recreation, KRW, % YoY",None,line
"Korea, RGDP, Activity, Tertiary, Business activities, Business support services, KRW, % YoY","Korea, RGDP, Activity, Tertiary, Business activities, Business support services, KRW, % YoY",None,line
"Korea, RGDP, Activity, Tertiary, Business activities, KRW, % YoY","Korea, RGDP, Activity, Tertiary, Business activities, KRW, % YoY",None,line
"Korea, RGDP, Activity, Tertiary, Business activities, Professional, scientific and technical services, KRW, % YoY","Korea, RGDP, Activity, Tertiary, Business activities, Professional, scientific and technical services, KRW, % YoY",None,line
"Korea, RGDP, Activity, Tertiary, Cultural and other services, KRW, % YoY","Korea, RGDP, Activity, Tertiary, Cultural and other services, KRW, % YoY",None,line
"Korea, RGDP, Activity, Tertiary, Education, KRW, % YoY","Korea, RGDP, Activity, Tertiary, Education, KRW, % YoY",None,line
"Korea, RGDP, Activity, Tertiary, Finance and insurance, KRW, % YoY","Korea, RGDP, Activity, Tertiary, Finance and insurance, KRW, % YoY",None,line
"Korea, RGDP, Activity, Tertiary, Human health and social work, KRW, % YoY","Korea, RGDP, Activity, Tertiary, Human health and social work, KRW, % YoY",None,line
"Korea, RGDP, Activity, Tertiary, Information and communication, Communication, KRW, % YoY","Korea, RGDP, Activity, Tertiary, Information and communication, Communication, KRW, % YoY",None,line
"Korea, RGDP, Activity, Tertiary, Information and communication, KRW, % YoY","Korea, RGDP, Activity, Tertiary, Information and communication, KRW, % YoY",None,line
"Korea, RGDP, Activity, Tertiary, Information and communication, Publishing, broadcasting, motion picture, video and television programme production, and information service, KRW, % YoY","Korea, RGDP, Activity, Tertiary, Information and communication, Publishing, broadcasting, motion picture, video and television programme production, and information service, KRW, % YoY",None,line
"Korea, RGDP, Activity, Tertiary, KRW, % YoY","Korea, RGDP, Activity, Tertiary, KRW, % YoY",None,line
"Korea, RGDP, Activity, Tertiary, Other services, KRW, % YoY","Korea, RGDP, Activity, Tertiary, Other services, KRW, % YoY",None,line
"Korea, RGDP, Activity, Tertiary, Public administration, defence and social security, KRW, % YoY","Korea, RGDP, Activity, Tertiary, Public administration, defence and social security, KRW, % YoY",None,line
"Korea, RGDP, Activity, Tertiary, Real estate, KRW, % YoY","Korea, RGDP, Activity, Tertiary, Real estate, KRW, % YoY",None,line
"Korea, RGDP, Activity, Tertiary, Transportation and storage, KRW, % YoY","Korea, RGDP, Activity, Tertiary, Transportation and storage, KRW, % YoY",None,line
"Korea, RGDP, Activity, Tertiary, Wholesale and retail trade, KRW, % YoY","Korea, RGDP, Activity, Tertiary, Wholesale and retail trade, KRW, % YoY",None,line
"Korea, RGDP, Activity, Tertiary, Wholesale and retail trade, accommodation and food services, KRW, % YoY","Korea, RGDP, Activity, Tertiary, Wholesale and retail trade, accommodation and food services, KRW, % YoY",None,line
"Korea, RGDP, Trading gains, KRW, % YoY","Korea, RGDP, Trading gains, KRW, % YoY",None,line
"Korea, RGDP, Activity, gdi, KRW, % YoY","Korea, RGDP, Activity, gdi, KRW, % YoY",None,line
"Korea, RGDP, Activity, gdp_at_market_prices, KRW, % YoY","Korea, RGDP, Activity, gdp_at_market_prices, KRW, % YoY",None,line
"Korea, RGDP, Activity, gni, KRW, % YoY","Korea, RGDP, Activity, gni, KRW, % YoY",None,line
"Korea, RGDP, Activity, gross_value_added_at_basic_prices, KRW, % YoY","Korea, RGDP, Activity, gross_value_added_at_basic_prices, KRW, % YoY",None,line
"Korea, RGDP, Activity, mining_and_manufacturing, KRW, % YoY","Korea, RGDP, Activity, mining_and_manufacturing, KRW, % YoY",None,line
"Korea, RGDP, Activity, net_factor_income_from_the_rest_of_the_w, KRW, % YoY","Korea, RGDP, Activity, net_factor_income_from_the_rest_of_the_w, KRW, % YoY",None,line
"Korea, RGDP, Activity, primary>agriculture, KRW, % YoY","Korea, RGDP, Activity, primary>agriculture, KRW, % YoY",None,line
"Korea, RGDP, Activity, primary>agriculture>animals, KRW, % YoY","Korea, RGDP, Activity, primary>agriculture>animals, KRW, % YoY",None,line
"Korea, RGDP, Activity, primary>agriculture>cultivation, KRW, % YoY","Korea, RGDP, Activity, primary>agriculture>cultivation, KRW, % YoY",None,line
"Korea, RGDP, Activity, primary>agriculture>fishing_and_aquaculture, KRW, % YoY","Korea, RGDP, Activity, primary>agriculture>fishing_and_aquaculture, KRW, % YoY",None,line
"Korea, RGDP, Activity, primary>agriculture>forestry_and_logging, KRW, % YoY","Korea, RGDP, Activity, primary>agriculture>forestry_and_logging, KRW, % YoY",None,line
"Korea, RGDP, Activity, primary>mining_and_quarrying, KRW, % YoY","Korea, RGDP, Activity, primary>mining_and_quarrying, KRW, % YoY",None,line
"Korea, RGDP, Activity, secondary>construction, KRW, % YoY","Korea, RGDP, Activity, secondary>construction, KRW, % YoY",None,line
"Korea, RGDP, Activity, secondary>construction>building_construction_and_repair, KRW, % YoY","Korea, RGDP, Activity, secondary>construction>building_construction_and_repair, KRW, % YoY",None,line
"Korea, RGDP, Activity, secondary>construction>building_construction_and_repair>building_repair, KRW, % YoY","Korea, RGDP, Activity, secondary>construction>building_construction_and_repair>building_repair, KRW, % YoY",None,line
"Korea, RGDP, Activity, secondary>construction>building_construction_and_repair>non_residential, KRW, % YoY","Korea, RGDP, Activity, secondary>construction>building_construction_and_repair>non_residential, KRW, % YoY",None,line
"Korea, RGDP, Activity, secondary>construction>building_construction_and_repair>residential, KRW, % YoY","Korea, RGDP, Activity, secondary>construction>building_construction_and_repair>residential, KRW, % YoY",None,line
"Korea, RGDP, Activity, secondary>construction>civil_engineering, KRW, % YoY","Korea, RGDP, Activity, secondary>construction>civil_engineering, KRW, % YoY",None,line
"Korea, RGDP, Activity, secondary>manufacturing, KRW, % YoY","Korea, RGDP, Activity, secondary>manufacturing, KRW, % YoY",None,line
"Korea, RGDP, Activity, secondary>manufacturing>basic_metals, KRW, % YoY","Korea, RGDP, Activity, secondary>manufacturing>basic_metals, KRW, % YoY",None,line
"Korea, RGDP, Activity, secondary>manufacturing>chemicals_and_chemical_products, KRW, % YoY","Korea, RGDP, Activity, secondary>manufacturing>chemicals_and_chemical_products, KRW, % YoY",None,line
"Korea, RGDP, Activity, secondary>manufacturing>coke_and_refined_petroleum_products, KRW, % YoY","Korea, RGDP, Activity, secondary>manufacturing>coke_and_refined_petroleum_products, KRW, % YoY",None,line
"Korea, RGDP, Activity, secondary>manufacturing>computer_and_electronics, KRW, % YoY","Korea, RGDP, Activity, secondary>manufacturing>computer_and_electronics, KRW, % YoY",None,line
"Korea, RGDP, Activity, secondary>manufacturing>electrical_equipment, KRW, % YoY","Korea, RGDP, Activity, secondary>manufacturing>electrical_equipment, KRW, % YoY",None,line
"Korea, RGDP, Activity, secondary>manufacturing>fabricated_metal_products, KRW, % YoY","Korea, RGDP, Activity, secondary>manufacturing>fabricated_metal_products, KRW, % YoY",None,line
"Korea, RGDP, Activity, secondary>manufacturing>food_beverages_products, KRW, % YoY","Korea, RGDP, Activity, secondary>manufacturing>food_beverages_products, KRW, % YoY",None,line
"Korea, RGDP, Activity, secondary>manufacturing>machinery_and_equipment, KRW, % YoY","Korea, RGDP, Activity, secondary>manufacturing>machinery_and_equipment, KRW, % YoY",None,line
"Korea, RGDP, Activity, secondary>manufacturing>other_manufacturing_repair_and_installat, KRW, % YoY","Korea, RGDP, Activity, secondary>manufacturing>other_manufacturing_repair_and_installat, KRW, % YoY",None,line
"Korea, RGDP, Activity, secondary>manufacturing>other_non_metallic_mineral_products, KRW, % YoY","Korea, RGDP, Activity, secondary>manufacturing>other_non_metallic_mineral_products, KRW, % YoY",None,line
"Korea, RGDP, Activity, secondary>manufacturing>textile_and_leather_products, KRW, % YoY","Korea, RGDP, Activity, secondary>manufacturing>textile_and_leather_products, KRW, % YoY",None,line
"Korea, RGDP, Activity, secondary>manufacturing>transportation_equipment, KRW, % YoY","Korea, RGDP, Activity, secondary>manufacturing>transportation_equipment, KRW, % YoY",None,line
"Korea, RGDP, Activity, secondary>manufacturing>wood_and_paper_products_printing_and_rep, KRW, % YoY","Korea, RGDP, Activity, secondary>manufacturing>wood_and_paper_products_printing_and_rep, KRW, % YoY",None,line
"Korea, RGDP, Activity, secondary>utilities, KRW, % YoY","Korea, RGDP, Activity, secondary>utilities, KRW, % YoY",None,line
"Korea, RGDP, Activity, secondary>utilities>electricity, KRW, % YoY","Korea, RGDP, Activity, secondary>utilities>electricity, KRW, % YoY",None,line
"Korea, RGDP, Activity, secondary>utilities>gas_steam_and_air_conditioning_supply, KRW, % YoY","Korea, RGDP, Activity, secondary>utilities>gas_steam_and_air_conditioning_supply, KRW, % YoY",None,line
"Korea, RGDP, Activity, secondary>utilities>water_supply_sewerage_waste_management_a, KRW, % YoY","Korea, RGDP, Activity, secondary>utilities>water_supply_sewerage_waste_management_a, KRW, % YoY",None,line
"Korea, RGDP, Activity, taxes_less_subsidies_on_products, KRW, % YoY","Korea, RGDP, Activity, taxes_less_subsidies_on_products, KRW, % YoY",None,line
"Korea, RGDP, Activity, tertiary, KRW, % YoY","Korea, RGDP, Activity, tertiary, KRW, % YoY",None,line
"Korea, RGDP, Activity, tertiary>accommodation_and_food_services_2, KRW, % YoY","Korea, RGDP, Activity, tertiary>accommodation_and_food_services_2, KRW, % YoY",None,line
"Korea, RGDP, Activity, tertiary>arts_sports_and_recreation, KRW, % YoY","Korea, RGDP, Activity, tertiary>arts_sports_and_recreation, KRW, % YoY",None,line
"Korea, RGDP, Activity, tertiary>business_activities, KRW, % YoY","Korea, RGDP, Activity, tertiary>business_activities, KRW, % YoY",None,line
"Korea, RGDP, Activity, tertiary>business_activities>business_support_services, KRW, % YoY","Korea, RGDP, Activity, tertiary>business_activities>business_support_services, KRW, % YoY",None,line
"Korea, RGDP, Activity, tertiary>business_activities>professional_scientific_and_technical_se, KRW, % YoY","Korea, RGDP, Activity, tertiary>business_activities>professional_scientific_and_technical_se, KRW, % YoY",None,line
"Korea, RGDP, Activity, tertiary>cultural_and_other_services, KRW, % YoY","Korea, RGDP, Activity, tertiary>cultural_and_other_services, KRW, % YoY",None,line
"Korea, RGDP, Activity, tertiary>education, KRW, % YoY","Korea, RGDP, Activity, tertiary>education, KRW, % YoY",None,line
"Korea, RGDP, Activity, tertiary>finance_and_insurance, KRW, % YoY","Korea, RGDP, Activity, tertiary>finance_and_insurance, KRW, % YoY",None,line
"Korea, RGDP, Activity, tertiary>human_health_and_social_work, KRW, % YoY","Korea, RGDP, Activity, tertiary>human_health_and_social_work, KRW, % YoY",None,line
"Korea, RGDP, Activity, tertiary>information_and_communication, KRW, % YoY","Korea, RGDP, Activity, tertiary>information_and_communication, KRW, % YoY",None,line
"Korea, RGDP, Activity, tertiary>information_and_communication>communication, KRW, % YoY","Korea, RGDP, Activity, tertiary>information_and_communication>communication, KRW, % YoY",None,line
"Korea, RGDP, Activity, tertiary>information_and_communication>publishing_broadcasting_motion_picture_v, KRW, % YoY","Korea, RGDP, Activity, tertiary>information_and_communication>publishing_broadcasting_motion_picture_v, KRW, % YoY",None,line
"Korea, RGDP, Activity, tertiary>other_services, KRW, % YoY","Korea, RGDP, Activity, tertiary>other_services, KRW, % YoY",None,line
"Korea, RGDP, Activity, tertiary>public_administration_defence_and_social, KRW, % YoY","Korea, RGDP, Activity, tertiary>public_administration_defence_and_social, KRW, % YoY",None,line
"Korea, RGDP, Activity, tertiary>real_estate, KRW, % YoY","Korea, RGDP, Activity, tertiary>real_estate, KRW, % YoY",None,line
"Korea, RGDP, Activity, tertiary>transportation_and_storage, KRW, % YoY","Korea, RGDP, Activity, tertiary>transportation_and_storage, KRW, % YoY",None,line
"Korea, RGDP, Activity, tertiary>wholesale_and_retail_trade, KRW, % YoY","Korea, RGDP, Activity, tertiary>wholesale_and_retail_trade, KRW, % YoY",None,line
"Korea, RGDP, Activity, tertiary>wholesale_and_retail_trade>accommodation_and_food_services, KRW, % YoY","Korea, RGDP, Activity, tertiary>wholesale_and_retail_trade>accommodation_and_food_services, KRW, % YoY",None,line
"Korea, RGDP, Activity, trading_gains, KRW, % YoY","Korea, RGDP, Activity, trading_gains, KRW, % YoY",None,line
"Korea, NGDP, Activity, Secondary, KRW, % YoY","Korea, NGDP, Activity, Secondary, KRW, % YoY",None,line
"Korea, Deflator, Expenditure, Net exports of goods and services, Exports of goods and services, Goods, % YoY","Korea, Deflator, Expenditure, Net exports of goods and services, Exports of goods and services, Goods, % YoY",None,line
"Korea, Deflator, Expenditure, Net exports of goods and services, Imports of goods and services, Goods, % YoY","Korea, Deflator, Expenditure, Net exports of goods and services, Imports of goods and services, Goods, % YoY",None,line
"Korea, Deflator, Expenditure, Net exports of goods and services, Exports of goods and services, Services, % YoY","Korea, Deflator, Expenditure, Net exports of goods and services, Exports of goods and services, Services, % YoY",None,line
"Korea, Deflator, Expenditure, Net exports of goods and services, Imports of goods and services, Services, % YoY","Korea, Deflator, Expenditure, Net exports of goods and services, Imports of goods and services, Services, % YoY",None,line
"Korea, Deflator, Expenditure, Net exports of goods and services, Imports of goods and services, % YoY","Korea, Deflator, Expenditure, Net exports of goods and services, Imports of goods and services, % YoY",None,line
"Korea, Deflator, Expenditure, Domestic demand, Gross capital formation, Gross fixed capital formation, Buildings and structures, % YoY","Korea, Deflator, Expenditure, Domestic demand, Gross capital formation, Gross fixed capital formation, Buildings and structures, % YoY",None,line
"Korea, Deflator, Expenditure, % YoY","Korea, Deflator, Expenditure, % YoY",None,line
"Korea, Deflator, Expenditure, Net exports of goods and services, Exports of goods and services, % YoY","Korea, Deflator, Expenditure, Net exports of goods and services, Exports of goods and services, % YoY",None,line
"Korea, Deflator, Expenditure, Domestic demand, Gross capital formation, Gross fixed capital formation, Facilities investment, % YoY","Korea, Deflator, Expenditure, Domestic demand, Gross capital formation, Gross fixed capital formation, Facilities investment, % YoY",None,line
"Korea, Deflator, Expenditure, Domestic demand, Final consumption expenditure, % YoY","Korea, Deflator, Expenditure, Domestic demand, Final consumption expenditure, % YoY",None,line
"Korea, Deflator, Expenditure, Domestic demand, Government consumption, % YoY","Korea, Deflator, Expenditure, Domestic demand, Government consumption, % YoY",None,line
"Korea, Deflator, Expenditure, Domestic demand, Gross capital formation, % YoY","Korea, Deflator, Expenditure, Domestic demand, Gross capital formation, % YoY",None,line
"Korea, Deflator, Expenditure, Domestic demand, Gross capital formation, Gross fixed capital formation, Public, % YoY","Korea, Deflator, Expenditure, Domestic demand, Gross capital formation, Gross fixed capital formation, Public, % YoY",None,line
"Korea, Deflator, Expenditure, Domestic demand, Gross capital formation, Gross fixed capital formation, Private, % YoY","Korea, Deflator, Expenditure, Domestic demand, Gross capital formation, Gross fixed capital formation, Private, % YoY",None,line
"Korea, Deflator, Expenditure, Domestic demand, Gross capital formation, Gross fixed capital formation, % YoY","Korea, Deflator, Expenditure, Domestic demand, Gross capital formation, Gross fixed capital formation, % YoY",None,line
"Korea, Deflator, Expenditure, Domestic demand, Private consumption, Household consumption, % YoY","Korea, Deflator, Expenditure, Domestic demand, Private consumption, Household consumption, % YoY",None,line
"Korea, Deflator, Expenditure, Domestic demand, Gross capital formation, Gross fixed capital formation, Intellectual property products, % YoY","Korea, Deflator, Expenditure, Domestic demand, Gross capital formation, Gross fixed capital formation, Intellectual property products, % YoY",None,line
"Korea, Deflator, Expenditure, Domestic demand, Private consumption, Non-profit institutions serving households, % YoY","Korea, Deflator, Expenditure, Domestic demand, Private consumption, Non-profit institutions serving households, % YoY",None,line
"Korea, Deflator, Expenditure, Domestic demand, Private consumption, % YoY","Korea, Deflator, Expenditure, Domestic demand, Private consumption, % YoY",None,line
"Korea, Deflator, Activity, Agriculture, forestry and fishing, % YoY","Korea, Deflator, Activity, Agriculture, forestry and fishing, % YoY",None,line
"Korea, Deflator, Activity, Business activities, % YoY","Korea, Deflator, Activity, Business activities, % YoY",None,line
"Korea, Deflator, Activity, Construction, % YoY","Korea, Deflator, Activity, Construction, % YoY",None,line
"Korea, Deflator, Activity, Cultural and other services, % YoY","Korea, Deflator, Activity, Cultural and other services, % YoY",None,line
"Korea, Deflator, Activity, Education, % YoY","Korea, Deflator, Activity, Education, % YoY",None,line
"Korea, Deflator, Activity, Electricity, gas and water supply, % YoY","Korea, Deflator, Activity, Electricity, gas and water supply, % YoY",None,line
"Korea, Deflator, Activity, Finance and insurance, % YoY","Korea, Deflator, Activity, Finance and insurance, % YoY",None,line
"Korea, Deflator, Activity, Gross domestic product at market prices, % YoY","Korea, Deflator, Activity, Gross domestic product at market prices, % YoY",None,line
"Korea, Deflator, Activity, Gross value added at basic prices, % YoY","Korea, Deflator, Activity, Gross value added at basic prices, % YoY",None,line
"Korea, Deflator, Activity, Human health and social work, % YoY","Korea, Deflator, Activity, Human health and social work, % YoY",None,line
"Korea, Deflator, Activity, Information and communication, % YoY","Korea, Deflator, Activity, Information and communication, % YoY",None,line
"Korea, Deflator, Activity, Manufacturing, % YoY","Korea, Deflator, Activity, Manufacturing, % YoY",None,line
"Korea, Deflator, Activity, Mining and quarrying, % YoY","Korea, Deflator, Activity, Mining and quarrying, % YoY",None,line
"Korea, Deflator, Activity, Public administration, defence and social security, % YoY","Korea, Deflator, Activity, Public administration, defence and social security, % YoY",None,line
"Korea, Deflator, Activity, Real estate, % YoY","Korea, Deflator, Activity, Real estate, % YoY",None,line
"Korea, Deflator, Activity, Taxes less subsidies on products, % YoY","Korea, Deflator, Activity, Taxes less subsidies on products, % YoY",None,line
"Korea, Deflator, Activity, Transportation and storage, % YoY","Korea, Deflator, Activity, Transportation and storage, % YoY",None,line
"Korea, Deflator, Activity, Wholesale and retail trade, accommodation and food services, % YoY","Korea, Deflator, Activity, Wholesale and retail trade, accommodation and food services, % YoY",None,line
"Korea, RGDP, ICT sector, Exports of goods, KRW, % YoY","Korea, RGDP, ICT sector, Exports of goods, KRW, % YoY",None,line
"Korea, RGDP, ICT sector, Imports of goods, KRW, % YoY","Korea, RGDP, ICT sector, Imports of goods, KRW, % YoY",None,line
"Korea, RGDP, ICT sector, Machinery and equipment investment, KRW, % YoY","Korea, RGDP, ICT sector, Machinery and equipment investment, KRW, % YoY",None,line
"Korea, RGDP, ICT sector, Private consumption expenditure, KRW, % YoY","Korea, RGDP, ICT sector, Private consumption expenditure, KRW, % YoY",None,line
"Korea, NGDP, GNI, KRW, % YoY","Korea, NGDP, GNI, KRW, % YoY",None,line
"Korea, RGDP, GNI, KRW, % YoY","Korea, RGDP, GNI, KRW, % YoY",None,line
"Korea, NGDP, Expenditure, Per capita, KRW, % YoY","Korea, NGDP, Expenditure, Per capita, KRW, % YoY",None,line
"Korea, RGDP, Expenditure, Per capita, KRW, % YoY","Korea, RGDP, Expenditure, Per capita, KRW, % YoY",None,line
"Korea, RGDI, Per capita, KRW, % YoY","Korea, RGDI, Per capita, KRW, % YoY",None,line
"Korea, NGDP, Income, Compensation per worker, KRW, % YoY","Korea, NGDP, Income, Compensation per worker, KRW, % YoY",None,line
"Korea, NGDP, Expenditure, Domestic demand, Final consumption expenditure, SA, KRW, % QoQ","Korea, NGDP, Expenditure, Domestic demand, Final consumption expenditure, SA, KRW, % QoQ",None,line
"Korea, NGDP, Expenditure, Domestic demand, Government consumption, SA, KRW, % QoQ","Korea, NGDP, Expenditure, Domestic demand, Government consumption, SA, KRW, % QoQ",None,line
"Korea, NGDP, Expenditure, Domestic demand, Gross capital formation, Gross fixed capital formation, Buildings and structures, SA, KRW, % QoQ","Korea, NGDP, Expenditure, Domestic demand, Gross capital formation, Gross fixed capital formation, Buildings and structures, SA, KRW, % QoQ",None,line
"Korea, NGDP, Expenditure, Domestic demand, Gross capital formation, Gross fixed capital formation, Facilities investment, SA, KRW, % QoQ","Korea, NGDP, Expenditure, Domestic demand, Gross capital formation, Gross fixed capital formation, Facilities investment, SA, KRW, % QoQ",None,line
"Korea, NGDP, Expenditure, Domestic demand, Gross capital formation, Gross fixed capital formation, Public, SA, KRW, % QoQ","Korea, NGDP, Expenditure, Domestic demand, Gross capital formation, Gross fixed capital formation, Public, SA, KRW, % QoQ",None,line
"Korea, NGDP, Expenditure, Domestic demand, Gross capital formation, Gross fixed capital formation, Intellectual property products, SA, KRW, % QoQ","Korea, NGDP, Expenditure, Domestic demand, Gross capital formation, Gross fixed capital formation, Intellectual property products, SA, KRW, % QoQ",None,line
"Korea, NGDP, Expenditure, Domestic demand, Gross capital formation, Gross fixed capital formation, Private, SA, KRW, % QoQ","Korea, NGDP, Expenditure, Domestic demand, Gross capital formation, Gross fixed capital formation, Private, SA, KRW, % QoQ",None,line
"Korea, NGDP, Expenditure, Domestic demand, Gross capital formation, Gross fixed capital formation, SA, KRW, % QoQ","Korea, NGDP, Expenditure, Domestic demand, Gross capital formation, Gross fixed capital formation, SA, KRW, % QoQ",None,line
"Korea, NGDP, Expenditure, Domestic demand, Gross capital formation, Inventories, SA, KRW, % QoQ","Korea, NGDP, Expenditure, Domestic demand, Gross capital formation, Inventories, SA, KRW, % QoQ",None,line
"Korea, NGDP, Expenditure, Domestic demand, Gross capital formation, SA, KRW, % QoQ","Korea, NGDP, Expenditure, Domestic demand, Gross capital formation, SA, KRW, % QoQ",None,line
"Korea, NGDP, Expenditure, Domestic demand, Private consumption, Household consumption, SA, KRW, % QoQ","Korea, NGDP, Expenditure, Domestic demand, Private consumption, Household consumption, SA, KRW, % QoQ",None,line
"Korea, NGDP, Expenditure, Domestic demand, Private consumption, Non-profit institutions serving households, SA, KRW, % QoQ","Korea, NGDP, Expenditure, Domestic demand, Private consumption, Non-profit institutions serving households, SA, KRW, % QoQ",None,line
"Korea, NGDP, Expenditure, Domestic demand, Private consumption, SA, KRW, % QoQ","Korea, NGDP, Expenditure, Domestic demand, Private consumption, SA, KRW, % QoQ",None,line
"Korea, NGDP, Expenditure, GDP, SA, KRW, % QoQ","Korea, NGDP, Expenditure, GDP, SA, KRW, % QoQ",None,line
"Korea, NGDP, Expenditure, Net exports of goods and services, Exports of goods and services, Goods, SA, KRW, % QoQ","Korea, NGDP, Expenditure, Net exports of goods and services, Exports of goods and services, Goods, SA, KRW, % QoQ",None,line
"Korea, NGDP, Expenditure, Net exports of goods and services, Exports of goods and services, SA, KRW, % QoQ","Korea, NGDP, Expenditure, Net exports of goods and services, Exports of goods and services, SA, KRW, % QoQ",None,line
"Korea, NGDP, Expenditure, Net exports of goods and services, Exports of goods and services, Services, SA, KRW, % QoQ","Korea, NGDP, Expenditure, Net exports of goods and services, Exports of goods and services, Services, SA, KRW, % QoQ",None,line
"Korea, NGDP, Expenditure, Net exports of goods and services, Imports of goods and services, Goods, SA, KRW, % QoQ","Korea, NGDP, Expenditure, Net exports of goods and services, Imports of goods and services, Goods, SA, KRW, % QoQ",None,line
"Korea, NGDP, Expenditure, Net exports of goods and services, Imports of goods and services, SA, KRW, % QoQ","Korea, NGDP, Expenditure, Net exports of goods and services, Imports of goods and services, SA, KRW, % QoQ",None,line
"Korea, NGDP, Expenditure, Net exports of goods and services, Imports of goods and services, Services, SA, KRW, % QoQ","Korea, NGDP, Expenditure, Net exports of goods and services, Imports of goods and services, Services, SA, KRW, % QoQ",None,line
"Korea, NGDP, Expenditure, SA, KRW, % QoQ","Korea, NGDP, Expenditure, SA, KRW, % QoQ",None,line
"Korea, NGDP, Expenditure, Statistical discrepancy, SA, KRW, % QoQ","Korea, NGDP, Expenditure, Statistical discrepancy, SA, KRW, % QoQ",None,line
"Korea, NGDP, Income, Compensation of employees, SA, KRW, % QoQ","Korea, NGDP, Income, Compensation of employees, SA, KRW, % QoQ",None,line
"Korea, NGDP, Income, Gross operating surplus, SA, KRW, % QoQ","Korea, NGDP, Income, Gross operating surplus, SA, KRW, % QoQ",None,line
"Korea, NGDP, Income, SA, KRW, % QoQ","Korea, NGDP, Income, SA, KRW, % QoQ",None,line
"Korea, NGDP, Income, Taxes on production and imports less subsidies, SA, KRW, % QoQ","Korea, NGDP, Income, Taxes on production and imports less subsidies, SA, KRW, % QoQ",None,line
"Korea, RGDP, Expenditure, Domestic demand, Final consumption expenditure, SA, KRW, % QoQ","Korea, RGDP, Expenditure, Domestic demand, Final consumption expenditure, SA, KRW, % QoQ",None,line
"Korea, RGDP, Expenditure, Domestic demand, Government consumption, SA, KRW, % QoQ","Korea, RGDP, Expenditure, Domestic demand, Government consumption, SA, KRW, % QoQ",None,line
"Korea, RGDP, Expenditure, Domestic demand, Gross capital formation, Gross fixed capital formation, Buildings and structures, SA, KRW, % QoQ","Korea, RGDP, Expenditure, Domestic demand, Gross capital formation, Gross fixed capital formation, Buildings and structures, SA, KRW, % QoQ",None,line
"Korea, RGDP, Expenditure, Domestic demand, Gross capital formation, Gross fixed capital formation, Facilities investment, SA, KRW, % QoQ","Korea, RGDP, Expenditure, Domestic demand, Gross capital formation, Gross fixed capital formation, Facilities investment, SA, KRW, % QoQ",None,line
"Korea, RGDP, Expenditure, Domestic demand, Gross capital formation, Gross fixed capital formation, Public, SA, KRW, % QoQ","Korea, RGDP, Expenditure, Domestic demand, Gross capital formation, Gross fixed capital formation, Public, SA, KRW, % QoQ",None,line
"Korea, RGDP, Expenditure, Domestic demand, Gross capital formation, Gross fixed capital formation, Intellectual property products, SA, KRW, % QoQ","Korea, RGDP, Expenditure, Domestic demand, Gross capital formation, Gross fixed capital formation, Intellectual property products, SA, KRW, % QoQ",None,line
"Korea, RGDP, Expenditure, Domestic demand, Gross capital formation, Gross fixed capital formation, Private, SA, KRW, % QoQ","Korea, RGDP, Expenditure, Domestic demand, Gross capital formation, Gross fixed capital formation, Private, SA, KRW, % QoQ",None,line
"Korea, RGDP, Expenditure, Domestic demand, Gross capital formation, Gross fixed capital formation, SA, KRW, % QoQ","Korea, RGDP, Expenditure, Domestic demand, Gross capital formation, Gross fixed capital formation, SA, KRW, % QoQ",None,line
"Korea, RGDP, Expenditure, Domestic demand, Gross capital formation, Inventories, SA, KRW, % QoQ","Korea, RGDP, Expenditure, Domestic demand, Gross capital formation, Inventories, SA, KRW, % QoQ",None,line
"Korea, RGDP, Expenditure, Domestic demand, Gross capital formation, SA, KRW, % QoQ","Korea, RGDP, Expenditure, Domestic demand, Gross capital formation, SA, KRW, % QoQ",None,line
"Korea, RGDP, Expenditure, Domestic demand, Private consumption, Household consumption, SA, KRW, % QoQ","Korea, RGDP, Expenditure, Domestic demand, Private consumption, Household consumption, SA, KRW, % QoQ",None,line
"Korea, RGDP, Expenditure, Domestic demand, Private consumption, Non-profit institutions serving households, SA, KRW, % QoQ","Korea, RGDP, Expenditure, Domestic demand, Private consumption, Non-profit institutions serving households, SA, KRW, % QoQ",None,line
"Korea, RGDP, Expenditure, Domestic demand, Private consumption, SA, KRW, % QoQ","Korea, RGDP, Expenditure, Domestic demand, Private consumption, SA, KRW, % QoQ",None,line
"Korea, RGDP, Expenditure, Net exports of goods and services, Exports of goods and services, Goods, SA, KRW, % QoQ","Korea, RGDP, Expenditure, Net exports of goods and services, Exports of goods and services, Goods, SA, KRW, % QoQ",None,line
"Korea, RGDP, Expenditure, Net exports of goods and services, Exports of goods and services, SA, KRW, % QoQ","Korea, RGDP, Expenditure, Net exports of goods and services, Exports of goods and services, SA, KRW, % QoQ",None,line
"Korea, RGDP, Expenditure, Net exports of goods and services, Exports of goods and services, Services, SA, KRW, % QoQ","Korea, RGDP, Expenditure, Net exports of goods and services, Exports of goods and services, Services, SA, KRW, % QoQ",None,line
"Korea, RGDP, Expenditure, Net exports of goods and services, Imports of goods and services, Goods, SA, KRW, % QoQ","Korea, RGDP, Expenditure, Net exports of goods and services, Imports of goods and services, Goods, SA, KRW, % QoQ",None,line
"Korea, RGDP, Expenditure, Net exports of goods and services, Imports of goods and services, SA, KRW, % QoQ","Korea, RGDP, Expenditure, Net exports of goods and services, Imports of goods and services, SA, KRW, % QoQ",None,line
"Korea, RGDP, Expenditure, Net exports of goods and services, Imports of goods and services, Services, SA, KRW, % QoQ","Korea, RGDP, Expenditure, Net exports of goods and services, Imports of goods and services, Services, SA, KRW, % QoQ",None,line
"Korea, RGDP, Expenditure, SA, KRW, % QoQ","Korea, RGDP, Expenditure, SA, KRW, % QoQ",None,line
"Korea, RGDP, Expenditure, Statistical discrepancy, SA, KRW, % QoQ","Korea, RGDP, Expenditure, Statistical discrepancy, SA, KRW, % QoQ",None,line
"Korea, NGDP, Expenditure, Domestic demand, Gross capital formation, Gross fixed capital formation, Construction, Building construction, Non-residential buildings, SA, KRW, % QoQ","Korea, NGDP, Expenditure, Domestic demand, Gross capital formation, Gross fixed capital formation, Construction, Building construction, Non-residential buildings, SA, KRW, % QoQ",None,line
"Korea, NGDP, Expenditure, Domestic demand, Gross capital formation, Gross fixed capital formation, Construction, Building construction, Residential, SA, KRW, % QoQ","Korea, NGDP, Expenditure, Domestic demand, Gross capital formation, Gross fixed capital formation, Construction, Building construction, Residential, SA, KRW, % QoQ",None,line
"Korea, NGDP, Expenditure, Domestic demand, Gross capital formation, Gross fixed capital formation, Construction, Building construction, SA, KRW, % QoQ","Korea, NGDP, Expenditure, Domestic demand, Gross capital formation, Gross fixed capital formation, Construction, Building construction, SA, KRW, % QoQ",None,line
"Korea, NGDP, Expenditure, Domestic demand, Gross capital formation, Gross fixed capital formation, Construction, Civil engineering, SA, KRW, % QoQ","Korea, NGDP, Expenditure, Domestic demand, Gross capital formation, Gross fixed capital formation, Construction, Civil engineering, SA, KRW, % QoQ",None,line
"Korea, NGDP, Expenditure, Domestic demand, Gross capital formation, Gross fixed capital formation, Construction, SA, KRW, % QoQ","Korea, NGDP, Expenditure, Domestic demand, Gross capital formation, Gross fixed capital formation, Construction, SA, KRW, % QoQ",None,line
"Korea, NGDP, Expenditure, Domestic demand, Gross capital formation, Gross fixed capital formation, Facilities investment, Other machinery and equipment, SA, KRW, % QoQ","Korea, NGDP, Expenditure, Domestic demand, Gross capital formation, Gross fixed capital formation, Facilities investment, Other machinery and equipment, SA, KRW, % QoQ",None,line
"Korea, NGDP, Expenditure, Domestic demand, Gross capital formation, Gross fixed capital formation, Facilities investment, Transport equipment, SA, KRW, % QoQ","Korea, NGDP, Expenditure, Domestic demand, Gross capital formation, Gross fixed capital formation, Facilities investment, Transport equipment, SA, KRW, % QoQ",None,line
"Korea, NGDP, Expenditure, Domestic demand, Gross capital formation, Gross fixed capital formation, Intellectual property products, Other intellectual property products, SA, KRW, % QoQ","Korea, NGDP, Expenditure, Domestic demand, Gross capital formation, Gross fixed capital formation, Intellectual property products, Other intellectual property products, SA, KRW, % QoQ",None,line
"Korea, NGDP, Expenditure, Domestic demand, Gross capital formation, Gross fixed capital formation, Intellectual property products, Research and development, SA, KRW, % QoQ","Korea, NGDP, Expenditure, Domestic demand, Gross capital formation, Gross fixed capital formation, Intellectual property products, Research and development, SA, KRW, % QoQ",None,line
"Korea, NGDP, Expenditure, Domestic demand, Private consumption, Household consumption, Direct purchases abroad by resident households, SA, KRW, % QoQ","Korea, NGDP, Expenditure, Domestic demand, Private consumption, Household consumption, Direct purchases abroad by resident households, SA, KRW, % QoQ",None,line
"Korea, NGDP, Expenditure, Domestic demand, Private consumption, Household consumption, Direct purchases in the domestic market by non-resident households, SA, KRW, % QoQ","Korea, NGDP, Expenditure, Domestic demand, Private consumption, Household consumption, Direct purchases in the domestic market by non-resident households, SA, KRW, % QoQ",None,line
"Korea, NGDP, Expenditure, Domestic demand, Private consumption, Household consumption, Domestic final consumption, Durable goods, SA, KRW, % QoQ","Korea, NGDP, Expenditure, Domestic demand, Private consumption, Household consumption, Domestic final consumption, Durable goods, SA, KRW, % QoQ",None,line
"Korea, NGDP, Expenditure, Domestic demand, Private consumption, Household consumption, Domestic final consumption, Non-durable goods, SA, KRW, % QoQ","Korea, NGDP, Expenditure, Domestic demand, Private consumption, Household consumption, Domestic final consumption, Non-durable goods, SA, KRW, % QoQ",None,line
"Korea, NGDP, Expenditure, Domestic demand, Private consumption, Household consumption, Domestic final consumption, SA, KRW, % QoQ","Korea, NGDP, Expenditure, Domestic demand, Private consumption, Household consumption, Domestic final consumption, SA, KRW, % QoQ",None,line
"Korea, NGDP, Expenditure, Domestic demand, Private consumption, Household consumption, Domestic final consumption, Semi-durable goods, SA, KRW, % QoQ","Korea, NGDP, Expenditure, Domestic demand, Private consumption, Household consumption, Domestic final consumption, Semi-durable goods, SA, KRW, % QoQ",None,line
"Korea, NGDP, Expenditure, Domestic demand, Private consumption, Household consumption, Domestic final consumption, Services, SA, KRW, % QoQ","Korea, NGDP, Expenditure, Domestic demand, Private consumption, Household consumption, Domestic final consumption, Services, SA, KRW, % QoQ",None,line
"Korea, RGDP, Expenditure, Domestic demand, Gross capital formation, Gross fixed capital formation, Construction, Building construction, Non-residential buildings, SA, KRW, % QoQ","Korea, RGDP, Expenditure, Domestic demand, Gross capital formation, Gross fixed capital formation, Construction, Building construction, Non-residential buildings, SA, KRW, % QoQ",None,line
"Korea, RGDP, Expenditure, Domestic demand, Gross capital formation, Gross fixed capital formation, Construction, Building construction, Residential, SA, KRW, % QoQ","Korea, RGDP, Expenditure, Domestic demand, Gross capital formation, Gross fixed capital formation, Construction, Building construction, Residential, SA, KRW, % QoQ",None,line
"Korea, RGDP, Expenditure, Domestic demand, Gross capital formation, Gross fixed capital formation, Construction, Building construction, SA, KRW, % QoQ","Korea, RGDP, Expenditure, Domestic demand, Gross capital formation, Gross fixed capital formation, Construction, Building construction, SA, KRW, % QoQ",None,line
"Korea, RGDP, Expenditure, Domestic demand, Gross capital formation, Gross fixed capital formation, Construction, Civil engineering, SA, KRW, % QoQ","Korea, RGDP, Expenditure, Domestic demand, Gross capital formation, Gross fixed capital formation, Construction, Civil engineering, SA, KRW, % QoQ",None,line
"Korea, RGDP, Expenditure, Domestic demand, Gross capital formation, Gross fixed capital formation, Construction, SA, KRW, % QoQ","Korea, RGDP, Expenditure, Domestic demand, Gross capital formation, Gross fixed capital formation, Construction, SA, KRW, % QoQ",None,line
"Korea, RGDP, Expenditure, Domestic demand, Gross capital formation, Gross fixed capital formation, Facilities investment, Other machinery and equipment, SA, KRW, % QoQ","Korea, RGDP, Expenditure, Domestic demand, Gross capital formation, Gross fixed capital formation, Facilities investment, Other machinery and equipment, SA, KRW, % QoQ",None,line
"Korea, RGDP, Expenditure, Domestic demand, Gross capital formation, Gross fixed capital formation, Facilities investment, Transport equipment, SA, KRW, % QoQ","Korea, RGDP, Expenditure, Domestic demand, Gross capital formation, Gross fixed capital formation, Facilities investment, Transport equipment, SA, KRW, % QoQ",None,line
"Korea, RGDP, Expenditure, Domestic demand, Gross capital formation, Gross fixed capital formation, Intellectual property products, Other intellectual property products, SA, KRW, % QoQ","Korea, RGDP, Expenditure, Domestic demand, Gross capital formation, Gross fixed capital formation, Intellectual property products, Other intellectual property products, SA, KRW, % QoQ",None,line
"Korea, RGDP, Expenditure, Domestic demand, Gross capital formation, Gross fixed capital formation, Intellectual property products, Research and development, SA, KRW, % QoQ","Korea, RGDP, Expenditure, Domestic demand, Gross capital formation, Gross fixed capital formation, Intellectual property products, Research and development, SA, KRW, % QoQ",None,line
"Korea, RGDP, Expenditure, Domestic demand, Private consumption, Household consumption, Direct purchases abroad by resident households, SA, KRW, % QoQ","Korea, RGDP, Expenditure, Domestic demand, Private consumption, Household consumption, Direct purchases abroad by resident households, SA, KRW, % QoQ",None,line
"Korea, RGDP, Expenditure, Domestic demand, Private consumption, Household consumption, Direct purchases in the domestic market by non-resident households, SA, KRW, % QoQ","Korea, RGDP, Expenditure, Domestic demand, Private consumption, Household consumption, Direct purchases in the domestic market by non-resident households, SA, KRW, % QoQ",None,line
"Korea, RGDP, Expenditure, Domestic demand, Private consumption, Household consumption, Domestic final consumption, Durable goods, SA, KRW, % QoQ","Korea, RGDP, Expenditure, Domestic demand, Private consumption, Household consumption, Domestic final consumption, Durable goods, SA, KRW, % QoQ",None,line
"Korea, RGDP, Expenditure, Domestic demand, Private consumption, Household consumption, Domestic final consumption, Non-durable goods, SA, KRW, % QoQ","Korea, RGDP, Expenditure, Domestic demand, Private consumption, Household consumption, Domestic final consumption, Non-durable goods, SA, KRW, % QoQ",None,line
"Korea, RGDP, Expenditure, Domestic demand, Private consumption, Household consumption, Domestic final consumption, SA, KRW, % QoQ","Korea, RGDP, Expenditure, Domestic demand, Private consumption, Household consumption, Domestic final consumption, SA, KRW, % QoQ",None,line
"Korea, RGDP, Expenditure, Domestic demand, Private consumption, Household consumption, Domestic final consumption, Semi-durable goods, SA, KRW, % QoQ","Korea, RGDP, Expenditure, Domestic demand, Private consumption, Household consumption, Domestic final consumption, Semi-durable goods, SA, KRW, % QoQ",None,line
"Korea, RGDP, Expenditure, Domestic demand, Private consumption, Household consumption, Domestic final consumption, Services, SA, KRW, % QoQ","Korea, RGDP, Expenditure, Domestic demand, Private consumption, Household consumption, Domestic final consumption, Services, SA, KRW, % QoQ",None,line
"Korea, NGDP, Activity, Gross value added at basic prices, SA, KRW, % QoQ","Korea, NGDP, Activity, Gross value added at basic prices, SA, KRW, % QoQ",None,line
"Korea, NGDP, Activity, Mining, quarrying and manufacturing, SA, KRW, % QoQ","Korea, NGDP, Activity, Mining, quarrying and manufacturing, SA, KRW, % QoQ",None,line
"Korea, NGDP, Activity, Net factor income from the rest of the world, SA, KRW, % QoQ","Korea, NGDP, Activity, Net factor income from the rest of the world, SA, KRW, % QoQ",None,line
"Korea, NGDP, Activity, Primary, Agriculture, SA, KRW, % QoQ","Korea, NGDP, Activity, Primary, Agriculture, SA, KRW, % QoQ",None,line
"Korea, NGDP, Activity, Primary, Mining, SA, KRW, % QoQ","Korea, NGDP, Activity, Primary, Mining, SA, KRW, % QoQ",None,line
"Korea, NGDP, Activity, SA, KRW, % QoQ","Korea, NGDP, Activity, SA, KRW, % QoQ",None,line
"Korea, NGDP, Activity, Secondary, Construction, Building construction and repair, Building repair, SA, KRW, % QoQ","Korea, NGDP, Activity, Secondary, Construction, Building construction and repair, Building repair, SA, KRW, % QoQ",None,line
"Korea, NGDP, Activity, Secondary, Construction, Building construction and repair, Non-residential, SA, KRW, % QoQ","Korea, NGDP, Activity, Secondary, Construction, Building construction and repair, Non-residential, SA, KRW, % QoQ",None,line
"Korea, NGDP, Activity, Secondary, Construction, Building construction and repair, Residential, SA, KRW, % QoQ","Korea, NGDP, Activity, Secondary, Construction, Building construction and repair, Residential, SA, KRW, % QoQ",None,line
"Korea, NGDP, Activity, Secondary, Construction, Building construction and repair, SA, KRW, % QoQ","Korea, NGDP, Activity, Secondary, Construction, Building construction and repair, SA, KRW, % QoQ",None,line
"Korea, NGDP, Activity, Secondary, Construction, Civil engineering, SA, KRW, % QoQ","Korea, NGDP, Activity, Secondary, Construction, Civil engineering, SA, KRW, % QoQ",None,line
"Korea, NGDP, Activity, Secondary, Construction, SA, KRW, % QoQ","Korea, NGDP, Activity, Secondary, Construction, SA, KRW, % QoQ",None,line
"Korea, NGDP, Activity, Secondary, Manufacturing, Basic metals, SA, KRW, % QoQ","Korea, NGDP, Activity, Secondary, Manufacturing, Basic metals, SA, KRW, % QoQ",None,line
"Korea, NGDP, Activity, Secondary, Manufacturing, Chemicals and chemical products, SA, KRW, % QoQ","Korea, NGDP, Activity, Secondary, Manufacturing, Chemicals and chemical products, SA, KRW, % QoQ",None,line
"Korea, NGDP, Activity, Secondary, Manufacturing, Coke and refined petroleum products, SA, KRW, % QoQ","Korea, NGDP, Activity, Secondary, Manufacturing, Coke and refined petroleum products, SA, KRW, % QoQ",None,line
"Korea, NGDP, Activity, Secondary, Manufacturing, Computer, electronic and optical products, SA, KRW, % QoQ","Korea, NGDP, Activity, Secondary, Manufacturing, Computer, electronic and optical products, SA, KRW, % QoQ",None,line
"Korea, NGDP, Activity, Secondary, Manufacturing, Electrical equipment, SA, KRW, % QoQ","Korea, NGDP, Activity, Secondary, Manufacturing, Electrical equipment, SA, KRW, % QoQ",None,line
"Korea, NGDP, Activity, Secondary, Manufacturing, Fabricated metal products, SA, KRW, % QoQ","Korea, NGDP, Activity, Secondary, Manufacturing, Fabricated metal products, SA, KRW, % QoQ",None,line
"Korea, NGDP, Activity, Secondary, Manufacturing, Food, beverages products, SA, KRW, % QoQ","Korea, NGDP, Activity, Secondary, Manufacturing, Food, beverages products, SA, KRW, % QoQ",None,line
"Korea, NGDP, Activity, Secondary, Manufacturing, Machinery and equipment, SA, KRW, % QoQ","Korea, NGDP, Activity, Secondary, Manufacturing, Machinery and equipment, SA, KRW, % QoQ",None,line
"Korea, NGDP, Activity, Secondary, Manufacturing, Non-metallic mineral products, SA, KRW, % QoQ","Korea, NGDP, Activity, Secondary, Manufacturing, Non-metallic mineral products, SA, KRW, % QoQ",None,line
"Korea, NGDP, Activity, Secondary, Manufacturing, Other Manufacturing, repair and installation of machinery and equipment, SA, KRW, % QoQ","Korea, NGDP, Activity, Secondary, Manufacturing, Other Manufacturing, repair and installation of machinery and equipment, SA, KRW, % QoQ",None,line
"Korea, NGDP, Activity, Secondary, Manufacturing, SA, KRW, % QoQ","Korea, NGDP, Activity, Secondary, Manufacturing, SA, KRW, % QoQ",None,line
"Korea, NGDP, Activity, Secondary, Manufacturing, Textile and leather products, SA, KRW, % QoQ","Korea, NGDP, Activity, Secondary, Manufacturing, Textile and leather products, SA, KRW, % QoQ",None,line
"Korea, NGDP, Activity, Secondary, Manufacturing, Transportation equipment, SA, KRW, % QoQ","Korea, NGDP, Activity, Secondary, Manufacturing, Transportation equipment, SA, KRW, % QoQ",None,line
"Korea, NGDP, Activity, Secondary, Manufacturing, Wood and paper products, printing and reproduction of recorded media, SA, KRW, % QoQ","Korea, NGDP, Activity, Secondary, Manufacturing, Wood and paper products, printing and reproduction of recorded media, SA, KRW, % QoQ",None,line
"Korea, NGDP, Activity, Secondary, Utilities, Electricity, SA, KRW, % QoQ","Korea, NGDP, Activity, Secondary, Utilities, Electricity, SA, KRW, % QoQ",None,line
"Korea, NGDP, Activity, Secondary, Utilities, Gas, steam and air conditioning supply, SA, KRW, % QoQ","Korea, NGDP, Activity, Secondary, Utilities, Gas, steam and air conditioning supply, SA, KRW, % QoQ",None,line
"Korea, NGDP, Activity, Secondary, Utilities, SA, KRW, % QoQ","Korea, NGDP, Activity, Secondary, Utilities, SA, KRW, % QoQ",None,line
"Korea, NGDP, Activity, Secondary, Utilities, Water supply, sewerage, waste management and remediation activities, SA, KRW, % QoQ","Korea, NGDP, Activity, Secondary, Utilities, Water supply, sewerage, waste management and remediation activities, SA, KRW, % QoQ",None,line
"Korea, NGDP, Activity, Taxes less subsidies on products, SA, KRW, % QoQ","Korea, NGDP, Activity, Taxes less subsidies on products, SA, KRW, % QoQ",None,line
"Korea, NGDP, Activity, Tertiary, Accommodation and food services, SA, KRW, % QoQ","Korea, NGDP, Activity, Tertiary, Accommodation and food services, SA, KRW, % QoQ",None,line
"Korea, NGDP, Activity, Tertiary, Arts, sports and recreation, SA, KRW, % QoQ","Korea, NGDP, Activity, Tertiary, Arts, sports and recreation, SA, KRW, % QoQ",None,line
"Korea, NGDP, Activity, Tertiary, Business activities, Business support services, SA, KRW, % QoQ","Korea, NGDP, Activity, Tertiary, Business activities, Business support services, SA, KRW, % QoQ",None,line
"Korea, NGDP, Activity, Tertiary, Business activities, Professional, scientific and technical services, SA, KRW, % QoQ","Korea, NGDP, Activity, Tertiary, Business activities, Professional, scientific and technical services, SA, KRW, % QoQ",None,line
"Korea, NGDP, Activity, Tertiary, Business activities, SA, KRW, % QoQ","Korea, NGDP, Activity, Tertiary, Business activities, SA, KRW, % QoQ",None,line
"Korea, NGDP, Activity, Tertiary, Cultural and other services, SA, KRW, % QoQ","Korea, NGDP, Activity, Tertiary, Cultural and other services, SA, KRW, % QoQ",None,line
"Korea, NGDP, Activity, Tertiary, Education, SA, KRW, % QoQ","Korea, NGDP, Activity, Tertiary, Education, SA, KRW, % QoQ",None,line
"Korea, NGDP, Activity, Tertiary, Finance and insurance, SA, KRW, % QoQ","Korea, NGDP, Activity, Tertiary, Finance and insurance, SA, KRW, % QoQ",None,line
"Korea, NGDP, Activity, Tertiary, Human health and social work, SA, KRW, % QoQ","Korea, NGDP, Activity, Tertiary, Human health and social work, SA, KRW, % QoQ",None,line
"Korea, NGDP, Activity, Tertiary, Information and communication, Communication, SA, KRW, % QoQ","Korea, NGDP, Activity, Tertiary, Information and communication, Communication, SA, KRW, % QoQ",None,line
"Korea, NGDP, Activity, Tertiary, Information and communication, Publishing, broadcasting, motion picture, video and television programme production, and information service, SA, KRW, % QoQ","Korea, NGDP, Activity, Tertiary, Information and communication, Publishing, broadcasting, motion picture, video and television programme production, and information service, SA, KRW, % QoQ",None,line
"Korea, NGDP, Activity, Tertiary, Information and communication, SA, KRW, % QoQ","Korea, NGDP, Activity, Tertiary, Information and communication, SA, KRW, % QoQ",None,line
"Korea, NGDP, Activity, Tertiary, Other services, SA, KRW, % QoQ","Korea, NGDP, Activity, Tertiary, Other services, SA, KRW, % QoQ",None,line
"Korea, NGDP, Activity, Tertiary, Public administration, defence and social security, SA, KRW, % QoQ","Korea, NGDP, Activity, Tertiary, Public administration, defence and social security, SA, KRW, % QoQ",None,line
"Korea, NGDP, Activity, Tertiary, Real estate, SA, KRW, % QoQ","Korea, NGDP, Activity, Tertiary, Real estate, SA, KRW, % QoQ",None,line
"Korea, NGDP, Activity, Tertiary, SA, KRW, % QoQ","Korea, NGDP, Activity, Tertiary, SA, KRW, % QoQ",None,line
"Korea, NGDP, Activity, Tertiary, Transportation and storage, SA, KRW, % QoQ","Korea, NGDP, Activity, Tertiary, Transportation and storage, SA, KRW, % QoQ",None,line
"Korea, NGDP, Activity, Tertiary, Wholesale and retail trade, SA, KRW, % QoQ","Korea, NGDP, Activity, Tertiary, Wholesale and retail trade, SA, KRW, % QoQ",None,line
"Korea, NGDP, Activity, Tertiary, Wholesale and retail trade, accommodation and food services, SA, KRW, % QoQ","Korea, NGDP, Activity, Tertiary, Wholesale and retail trade, accommodation and food services, SA, KRW, % QoQ",None,line
"Korea, NGDP, Activity, gdp_at_market_prices, SA, KRW, % QoQ","Korea, NGDP, Activity, gdp_at_market_prices, SA, KRW, % QoQ",None,line
"Korea, NGDP, Activity, gni, SA, KRW, % QoQ","Korea, NGDP, Activity, gni, SA, KRW, % QoQ",None,line
"Korea, NGDP, Activity, gross_value_added_at_basic_prices, SA, KRW, % QoQ","Korea, NGDP, Activity, gross_value_added_at_basic_prices, SA, KRW, % QoQ",None,line
"Korea, NGDP, Activity, mining_and_manufacturing, SA, KRW, % QoQ","Korea, NGDP, Activity, mining_and_manufacturing, SA, KRW, % QoQ",None,line
"Korea, NGDP, Activity, net_factor_income_from_the_rest_of_the_w, SA, KRW, % QoQ","Korea, NGDP, Activity, net_factor_income_from_the_rest_of_the_w, SA, KRW, % QoQ",None,line
"Korea, NGDP, Activity, primary>agriculture, SA, KRW, % QoQ","Korea, NGDP, Activity, primary>agriculture, SA, KRW, % QoQ",None,line
"Korea, NGDP, Activity, primary>mining_and_quarrying, SA, KRW, % QoQ","Korea, NGDP, Activity, primary>mining_and_quarrying, SA, KRW, % QoQ",None,line
"Korea, NGDP, Activity, secondary>construction, SA, KRW, % QoQ","Korea, NGDP, Activity, secondary>construction, SA, KRW, % QoQ",None,line
"Korea, NGDP, Activity, secondary>construction>building_construction_and_repair, SA, KRW, % QoQ","Korea, NGDP, Activity, secondary>construction>building_construction_and_repair, SA, KRW, % QoQ",None,line
"Korea, NGDP, Activity, secondary>construction>building_construction_and_repair>building_repair, SA, KRW, % QoQ","Korea, NGDP, Activity, secondary>construction>building_construction_and_repair>building_repair, SA, KRW, % QoQ",None,line
"Korea, NGDP, Activity, secondary>construction>building_construction_and_repair>non_residential, SA, KRW, % QoQ","Korea, NGDP, Activity, secondary>construction>building_construction_and_repair>non_residential, SA, KRW, % QoQ",None,line
"Korea, NGDP, Activity, secondary>construction>building_construction_and_repair>residential, SA, KRW, % QoQ","Korea, NGDP, Activity, secondary>construction>building_construction_and_repair>residential, SA, KRW, % QoQ",None,line
"Korea, NGDP, Activity, secondary>construction>civil_engineering, SA, KRW, % QoQ","Korea, NGDP, Activity, secondary>construction>civil_engineering, SA, KRW, % QoQ",None,line
"Korea, NGDP, Activity, secondary>manufacturing, SA, KRW, % QoQ","Korea, NGDP, Activity, secondary>manufacturing, SA, KRW, % QoQ",None,line
"Korea, NGDP, Activity, secondary>manufacturing>basic_metals, SA, KRW, % QoQ","Korea, NGDP, Activity, secondary>manufacturing>basic_metals, SA, KRW, % QoQ",None,line
"Korea, NGDP, Activity, secondary>manufacturing>chemicals_and_chemical_products, SA, KRW, % QoQ","Korea, NGDP, Activity, secondary>manufacturing>chemicals_and_chemical_products, SA, KRW, % QoQ",None,line
"Korea, NGDP, Activity, secondary>manufacturing>coke_and_refined_petroleum_products, SA, KRW, % QoQ","Korea, NGDP, Activity, secondary>manufacturing>coke_and_refined_petroleum_products, SA, KRW, % QoQ",None,line
"Korea, NGDP, Activity, secondary>manufacturing>computer_and_electronics, SA, KRW, % QoQ","Korea, NGDP, Activity, secondary>manufacturing>computer_and_electronics, SA, KRW, % QoQ",None,line
"Korea, NGDP, Activity, secondary>manufacturing>electrical_equipment, SA, KRW, % QoQ","Korea, NGDP, Activity, secondary>manufacturing>electrical_equipment, SA, KRW, % QoQ",None,line
"Korea, NGDP, Activity, secondary>manufacturing>fabricated_metal_products, SA, KRW, % QoQ","Korea, NGDP, Activity, secondary>manufacturing>fabricated_metal_products, SA, KRW, % QoQ",None,line
"Korea, NGDP, Activity, secondary>manufacturing>food_beverages_products, SA, KRW, % QoQ","Korea, NGDP, Activity, secondary>manufacturing>food_beverages_products, SA, KRW, % QoQ",None,line
"Korea, NGDP, Activity, secondary>manufacturing>machinery_and_equipment, SA, KRW, % QoQ","Korea, NGDP, Activity, secondary>manufacturing>machinery_and_equipment, SA, KRW, % QoQ",None,line
"Korea, NGDP, Activity, secondary>manufacturing>other_manufacturing_repair_and_installat, SA, KRW, % QoQ","Korea, NGDP, Activity, secondary>manufacturing>other_manufacturing_repair_and_installat, SA, KRW, % QoQ",None,line
"Korea, NGDP, Activity, secondary>manufacturing>other_non_metallic_mineral_products, SA, KRW, % QoQ","Korea, NGDP, Activity, secondary>manufacturing>other_non_metallic_mineral_products, SA, KRW, % QoQ",None,line
"Korea, NGDP, Activity, secondary>manufacturing>textile_and_leather_products, SA, KRW, % QoQ","Korea, NGDP, Activity, secondary>manufacturing>textile_and_leather_products, SA, KRW, % QoQ",None,line
"Korea, NGDP, Activity, secondary>manufacturing>transportation_equipment, SA, KRW, % QoQ","Korea, NGDP, Activity, secondary>manufacturing>transportation_equipment, SA, KRW, % QoQ",None,line
"Korea, NGDP, Activity, secondary>manufacturing>wood_and_paper_products_printing_and_rep, SA, KRW, % QoQ","Korea, NGDP, Activity, secondary>manufacturing>wood_and_paper_products_printing_and_rep, SA, KRW, % QoQ",None,line
"Korea, NGDP, Activity, secondary>utilities, SA, KRW, % QoQ","Korea, NGDP, Activity, secondary>utilities, SA, KRW, % QoQ",None,line
"Korea, NGDP, Activity, secondary>utilities>electricity, SA, KRW, % QoQ","Korea, NGDP, Activity, secondary>utilities>electricity, SA, KRW, % QoQ",None,line
"Korea, NGDP, Activity, secondary>utilities>gas_steam_and_air_conditioning_supply, SA, KRW, % QoQ","Korea, NGDP, Activity, secondary>utilities>gas_steam_and_air_conditioning_supply, SA, KRW, % QoQ",None,line
"Korea, NGDP, Activity, secondary>utilities>water_supply_sewerage_waste_management_a, SA, KRW, % QoQ","Korea, NGDP, Activity, secondary>utilities>water_supply_sewerage_waste_management_a, SA, KRW, % QoQ",None,line
"Korea, NGDP, Activity, taxes_less_subsidies_on_products, SA, KRW, % QoQ","Korea, NGDP, Activity, taxes_less_subsidies_on_products, SA, KRW, % QoQ",None,line
"Korea, NGDP, Activity, tertiary, SA, KRW, % QoQ","Korea, NGDP, Activity, tertiary, SA, KRW, % QoQ",None,line
"Korea, NGDP, Activity, tertiary>accommodation_and_food_services_2, SA, KRW, % QoQ","Korea, NGDP, Activity, tertiary>accommodation_and_food_services_2, SA, KRW, % QoQ",None,line
"Korea, NGDP, Activity, tertiary>arts_sports_and_recreation, SA, KRW, % QoQ","Korea, NGDP, Activity, tertiary>arts_sports_and_recreation, SA, KRW, % QoQ",None,line
"Korea, NGDP, Activity, tertiary>business_activities, SA, KRW, % QoQ","Korea, NGDP, Activity, tertiary>business_activities, SA, KRW, % QoQ",None,line
"Korea, NGDP, Activity, tertiary>business_activities>business_support_services, SA, KRW, % QoQ","Korea, NGDP, Activity, tertiary>business_activities>business_support_services, SA, KRW, % QoQ",None,line
"Korea, NGDP, Activity, tertiary>business_activities>professional_scientific_and_technical_se, SA, KRW, % QoQ","Korea, NGDP, Activity, tertiary>business_activities>professional_scientific_and_technical_se, SA, KRW, % QoQ",None,line
"Korea, NGDP, Activity, tertiary>cultural_and_other_services, SA, KRW, % QoQ","Korea, NGDP, Activity, tertiary>cultural_and_other_services, SA, KRW, % QoQ",None,line
"Korea, NGDP, Activity, tertiary>education, SA, KRW, % QoQ","Korea, NGDP, Activity, tertiary>education, SA, KRW, % QoQ",None,line
"Korea, NGDP, Activity, tertiary>finance_and_insurance, SA, KRW, % QoQ","Korea, NGDP, Activity, tertiary>finance_and_insurance, SA, KRW, % QoQ",None,line
"Korea, NGDP, Activity, tertiary>human_health_and_social_work, SA, KRW, % QoQ","Korea, NGDP, Activity, tertiary>human_health_and_social_work, SA, KRW, % QoQ",None,line
"Korea, NGDP, Activity, tertiary>information_and_communication, SA, KRW, % QoQ","Korea, NGDP, Activity, tertiary>information_and_communication, SA, KRW, % QoQ",None,line
"Korea, NGDP, Activity, tertiary>information_and_communication>communication, SA, KRW, % QoQ","Korea, NGDP, Activity, tertiary>information_and_communication>communication, SA, KRW, % QoQ",None,line
"Korea, NGDP, Activity, tertiary>information_and_communication>publishing_broadcasting_motion_picture_v, SA, KRW, % QoQ","Korea, NGDP, Activity, tertiary>information_and_communication>publishing_broadcasting_motion_picture_v, SA, KRW, % QoQ",None,line
"Korea, NGDP, Activity, tertiary>other_services, SA, KRW, % QoQ","Korea, NGDP, Activity, tertiary>other_services, SA, KRW, % QoQ",None,line
"Korea, NGDP, Activity, tertiary>public_administration_defence_and_social, SA, KRW, % QoQ","Korea, NGDP, Activity, tertiary>public_administration_defence_and_social, SA, KRW, % QoQ",None,line
"Korea, NGDP, Activity, tertiary>real_estate, SA, KRW, % QoQ","Korea, NGDP, Activity, tertiary>real_estate, SA, KRW, % QoQ",None,line
"Korea, NGDP, Activity, tertiary>transportation_and_storage, SA, KRW, % QoQ","Korea, NGDP, Activity, tertiary>transportation_and_storage, SA, KRW, % QoQ",None,line
"Korea, NGDP, Activity, tertiary>wholesale_and_retail_trade, SA, KRW, % QoQ","Korea, NGDP, Activity, tertiary>wholesale_and_retail_trade, SA, KRW, % QoQ",None,line
"Korea, NGDP, Activity, tertiary>wholesale_and_retail_trade>accommodation_and_food_services, SA, KRW, % QoQ","Korea, NGDP, Activity, tertiary>wholesale_and_retail_trade>accommodation_and_food_services, SA, KRW, % QoQ",None,line
"Korea, RGDI, SA, KRW, % QoQ","Korea, RGDI, SA, KRW, % QoQ",None,line
"Korea, RGDP, Activity, Gross value added at basic prices, SA, KRW, % QoQ","Korea, RGDP, Activity, Gross value added at basic prices, SA, KRW, % QoQ",None,line
"Korea, RGDP, Activity, Mining, quarrying and manufacturing, SA, KRW, % QoQ","Korea, RGDP, Activity, Mining, quarrying and manufacturing, SA, KRW, % QoQ",None,line
"Korea, RGDP, Activity, Net factor income from the rest of the world, SA, KRW, % QoQ","Korea, RGDP, Activity, Net factor income from the rest of the world, SA, KRW, % QoQ",None,line
"Korea, RGDP, Activity, Primary, Agriculture, SA, KRW, % QoQ","Korea, RGDP, Activity, Primary, Agriculture, SA, KRW, % QoQ",None,line
"Korea, RGDP, Activity, Primary, Mining, SA, KRW, % QoQ","Korea, RGDP, Activity, Primary, Mining, SA, KRW, % QoQ",None,line
"Korea, RGDP, Activity, SA, KRW, % QoQ","Korea, RGDP, Activity, SA, KRW, % QoQ",None,line
"Korea, RGDP, Activity, Secondary, Construction, Building construction and repair, Building repair, SA, KRW, % QoQ","Korea, RGDP, Activity, Secondary, Construction, Building construction and repair, Building repair, SA, KRW, % QoQ",None,line
"Korea, RGDP, Activity, Secondary, Construction, Building construction and repair, Non-residential, SA, KRW, % QoQ","Korea, RGDP, Activity, Secondary, Construction, Building construction and repair, Non-residential, SA, KRW, % QoQ",None,line
"Korea, RGDP, Activity, Secondary, Construction, Building construction and repair, Residential, SA, KRW, % QoQ","Korea, RGDP, Activity, Secondary, Construction, Building construction and repair, Residential, SA, KRW, % QoQ",None,line
"Korea, RGDP, Activity, Secondary, Construction, Building construction and repair, SA, KRW, % QoQ","Korea, RGDP, Activity, Secondary, Construction, Building construction and repair, SA, KRW, % QoQ",None,line
"Korea, RGDP, Activity, Secondary, Construction, Civil engineering, SA, KRW, % QoQ","Korea, RGDP, Activity, Secondary, Construction, Civil engineering, SA, KRW, % QoQ",None,line
"Korea, RGDP, Activity, Secondary, Construction, SA, KRW, % QoQ","Korea, RGDP, Activity, Secondary, Construction, SA, KRW, % QoQ",None,line
"Korea, RGDP, Activity, Secondary, Manufacturing, Basic metals, SA, KRW, % QoQ","Korea, RGDP, Activity, Secondary, Manufacturing, Basic metals, SA, KRW, % QoQ",None,line
"Korea, RGDP, Activity, Secondary, Manufacturing, Chemicals and chemical products, SA, KRW, % QoQ","Korea, RGDP, Activity, Secondary, Manufacturing, Chemicals and chemical products, SA, KRW, % QoQ",None,line
"Korea, RGDP, Activity, Secondary, Manufacturing, Coke and refined petroleum products, SA, KRW, % QoQ","Korea, RGDP, Activity, Secondary, Manufacturing, Coke and refined petroleum products, SA, KRW, % QoQ",None,line
"Korea, RGDP, Activity, Secondary, Manufacturing, Computer, electronic and optical products, SA, KRW, % QoQ","Korea, RGDP, Activity, Secondary, Manufacturing, Computer, electronic and optical products, SA, KRW, % QoQ",None,line
"Korea, RGDP, Activity, Secondary, Manufacturing, Electrical equipment, SA, KRW, % QoQ","Korea, RGDP, Activity, Secondary, Manufacturing, Electrical equipment, SA, KRW, % QoQ",None,line
"Korea, RGDP, Activity, Secondary, Manufacturing, Fabricated metal products, SA, KRW, % QoQ","Korea, RGDP, Activity, Secondary, Manufacturing, Fabricated metal products, SA, KRW, % QoQ",None,line
"Korea, RGDP, Activity, Secondary, Manufacturing, Food, beverages products, SA, KRW, % QoQ","Korea, RGDP, Activity, Secondary, Manufacturing, Food, beverages products, SA, KRW, % QoQ",None,line
"Korea, RGDP, Activity, Secondary, Manufacturing, Machinery and equipment, SA, KRW, % QoQ","Korea, RGDP, Activity, Secondary, Manufacturing, Machinery and equipment, SA, KRW, % QoQ",None,line
"Korea, RGDP, Activity, Secondary, Manufacturing, Non-metallic mineral products, SA, KRW, % QoQ","Korea, RGDP, Activity, Secondary, Manufacturing, Non-metallic mineral products, SA, KRW, % QoQ",None,line
"Korea, RGDP, Activity, Secondary, Manufacturing, Other Manufacturing, repair and installation of machinery and equipment, SA, KRW, % QoQ","Korea, RGDP, Activity, Secondary, Manufacturing, Other Manufacturing, repair and installation of machinery and equipment, SA, KRW, % QoQ",None,line
"Korea, RGDP, Activity, Secondary, Manufacturing, SA, KRW, % QoQ","Korea, RGDP, Activity, Secondary, Manufacturing, SA, KRW, % QoQ",None,line
"Korea, RGDP, Activity, Secondary, Manufacturing, Textile and leather products, SA, KRW, % QoQ","Korea, RGDP, Activity, Secondary, Manufacturing, Textile and leather products, SA, KRW, % QoQ",None,line
"Korea, RGDP, Activity, Secondary, Manufacturing, Transportation equipment, SA, KRW, % QoQ","Korea, RGDP, Activity, Secondary, Manufacturing, Transportation equipment, SA, KRW, % QoQ",None,line
"Korea, RGDP, Activity, Secondary, Manufacturing, Wood and paper products, printing and reproduction of recorded media, SA, KRW, % QoQ","Korea, RGDP, Activity, Secondary, Manufacturing, Wood and paper products, printing and reproduction of recorded media, SA, KRW, % QoQ",None,line
"Korea, RGDP, Activity, Secondary, Utilities, Electricity, SA, KRW, % QoQ","Korea, RGDP, Activity, Secondary, Utilities, Electricity, SA, KRW, % QoQ",None,line
"Korea, RGDP, Activity, Secondary, Utilities, Gas, steam and air conditioning supply, SA, KRW, % QoQ","Korea, RGDP, Activity, Secondary, Utilities, Gas, steam and air conditioning supply, SA, KRW, % QoQ",None,line
"Korea, RGDP, Activity, Secondary, Utilities, SA, KRW, % QoQ","Korea, RGDP, Activity, Secondary, Utilities, SA, KRW, % QoQ",None,line
"Korea, RGDP, Activity, Secondary, Utilities, Water supply, sewerage, waste management and remediation activities, SA, KRW, % QoQ","Korea, RGDP, Activity, Secondary, Utilities, Water supply, sewerage, waste management and remediation activities, SA, KRW, % QoQ",None,line
"Korea, RGDP, Activity, Taxes less subsidies on products, SA, KRW, % QoQ","Korea, RGDP, Activity, Taxes less subsidies on products, SA, KRW, % QoQ",None,line
"Korea, RGDP, Activity, Tertiary, Accommodation and food services, SA, KRW, % QoQ","Korea, RGDP, Activity, Tertiary, Accommodation and food services, SA, KRW, % QoQ",None,line
"Korea, RGDP, Activity, Tertiary, Arts, sports and recreation, SA, KRW, % QoQ","Korea, RGDP, Activity, Tertiary, Arts, sports and recreation, SA, KRW, % QoQ",None,line
"Korea, RGDP, Activity, Tertiary, Business activities, Business support services, SA, KRW, % QoQ","Korea, RGDP, Activity, Tertiary, Business activities, Business support services, SA, KRW, % QoQ",None,line
"Korea, RGDP, Activity, Tertiary, Business activities, Professional, scientific and technical services, SA, KRW, % QoQ","Korea, RGDP, Activity, Tertiary, Business activities, Professional, scientific and technical services, SA, KRW, % QoQ",None,line
"Korea, RGDP, Activity, Tertiary, Business activities, SA, KRW, % QoQ","Korea, RGDP, Activity, Tertiary, Business activities, SA, KRW, % QoQ",None,line
"Korea, RGDP, Activity, Tertiary, Cultural and other services, SA, KRW, % QoQ","Korea, RGDP, Activity, Tertiary, Cultural and other services, SA, KRW, % QoQ",None,line
"Korea, RGDP, Activity, Tertiary, Education, SA, KRW, % QoQ","Korea, RGDP, Activity, Tertiary, Education, SA, KRW, % QoQ",None,line
"Korea, RGDP, Activity, Tertiary, Finance and insurance, SA, KRW, % QoQ","Korea, RGDP, Activity, Tertiary, Finance and insurance, SA, KRW, % QoQ",None,line
"Korea, RGDP, Activity, Tertiary, Human health and social work, SA, KRW, % QoQ","Korea, RGDP, Activity, Tertiary, Human health and social work, SA, KRW, % QoQ",None,line
"Korea, RGDP, Activity, Tertiary, Information and communication, Communication, SA, KRW, % QoQ","Korea, RGDP, Activity, Tertiary, Information and communication, Communication, SA, KRW, % QoQ",None,line
"Korea, RGDP, Activity, Tertiary, Information and communication, Publishing, broadcasting, motion picture, video and television programme production, and information service, SA, KRW, % QoQ","Korea, RGDP, Activity, Tertiary, Information and communication, Publishing, broadcasting, motion picture, video and television programme production, and information service, SA, KRW, % QoQ",None,line
"Korea, RGDP, Activity, Tertiary, Information and communication, SA, KRW, % QoQ","Korea, RGDP, Activity, Tertiary, Information and communication, SA, KRW, % QoQ",None,line
"Korea, RGDP, Activity, Tertiary, Other services, SA, KRW, % QoQ","Korea, RGDP, Activity, Tertiary, Other services, SA, KRW, % QoQ",None,line
"Korea, RGDP, Activity, Tertiary, Public administration, defence and social security, SA, KRW, % QoQ","Korea, RGDP, Activity, Tertiary, Public administration, defence and social security, SA, KRW, % QoQ",None,line
"Korea, RGDP, Activity, Tertiary, Real estate, SA, KRW, % QoQ","Korea, RGDP, Activity, Tertiary, Real estate, SA, KRW, % QoQ",None,line
"Korea, RGDP, Activity, Tertiary, SA, KRW, % QoQ","Korea, RGDP, Activity, Tertiary, SA, KRW, % QoQ",None,line
"Korea, RGDP, Activity, Tertiary, Transportation and storage, SA, KRW, % QoQ","Korea, RGDP, Activity, Tertiary, Transportation and storage, SA, KRW, % QoQ",None,line
"Korea, RGDP, Activity, Tertiary, Wholesale and retail trade, SA, KRW, % QoQ","Korea, RGDP, Activity, Tertiary, Wholesale and retail trade, SA, KRW, % QoQ",None,line
"Korea, RGDP, Activity, Tertiary, Wholesale and retail trade, accommodation and food services, SA, KRW, % QoQ","Korea, RGDP, Activity, Tertiary, Wholesale and retail trade, accommodation and food services, SA, KRW, % QoQ",None,line
"Korea, RGDP, Trading gains, SA, KRW, % QoQ","Korea, RGDP, Trading gains, SA, KRW, % QoQ",None,line
"Korea, RGDP, Activity, gdi, SA, KRW, % QoQ","Korea, RGDP, Activity, gdi, SA, KRW, % QoQ",None,line
"Korea, RGDP, Activity, gdp_at_market_prices, SA, KRW, % QoQ","Korea, RGDP, Activity, gdp_at_market_prices, SA, KRW, % QoQ",None,line
"Korea, RGDP, Activity, gni, SA, KRW, % QoQ","Korea, RGDP, Activity, gni, SA, KRW, % QoQ",None,line
"Korea, RGDP, Activity, gross_value_added_at_basic_prices, SA, KRW, % QoQ","Korea, RGDP, Activity, gross_value_added_at_basic_prices, SA, KRW, % QoQ",None,line
"Korea, RGDP, Activity, mining_and_manufacturing, SA, KRW, % QoQ","Korea, RGDP, Activity, mining_and_manufacturing, SA, KRW, % QoQ",None,line
"Korea, RGDP, Activity, net_factor_income_from_the_rest_of_the_w, SA, KRW, % QoQ","Korea, RGDP, Activity, net_factor_income_from_the_rest_of_the_w, SA, KRW, % QoQ",None,line
"Korea, RGDP, Activity, primary>agriculture, SA, KRW, % QoQ","Korea, RGDP, Activity, primary>agriculture, SA, KRW, % QoQ",None,line
"Korea, RGDP, Activity, primary>mining_and_quarrying, SA, KRW, % QoQ","Korea, RGDP, Activity, primary>mining_and_quarrying, SA, KRW, % QoQ",None,line
"Korea, RGDP, Activity, secondary>construction, SA, KRW, % QoQ","Korea, RGDP, Activity, secondary>construction, SA, KRW, % QoQ",None,line
"Korea, RGDP, Activity, secondary>construction>building_construction_and_repair, SA, KRW, % QoQ","Korea, RGDP, Activity, secondary>construction>building_construction_and_repair, SA, KRW, % QoQ",None,line
"Korea, RGDP, Activity, secondary>construction>building_construction_and_repair>building_repair, SA, KRW, % QoQ","Korea, RGDP, Activity, secondary>construction>building_construction_and_repair>building_repair, SA, KRW, % QoQ",None,line
"Korea, RGDP, Activity, secondary>construction>building_construction_and_repair>non_residential, SA, KRW, % QoQ","Korea, RGDP, Activity, secondary>construction>building_construction_and_repair>non_residential, SA, KRW, % QoQ",None,line
"Korea, RGDP, Activity, secondary>construction>building_construction_and_repair>residential, SA, KRW, % QoQ","Korea, RGDP, Activity, secondary>construction>building_construction_and_repair>residential, SA, KRW, % QoQ",None,line
"Korea, RGDP, Activity, secondary>construction>civil_engineering, SA, KRW, % QoQ","Korea, RGDP, Activity, secondary>construction>civil_engineering, SA, KRW, % QoQ",None,line
"Korea, RGDP, Activity, secondary>manufacturing, SA, KRW, % QoQ","Korea, RGDP, Activity, secondary>manufacturing, SA, KRW, % QoQ",None,line
"Korea, RGDP, Activity, secondary>manufacturing>basic_metals, SA, KRW, % QoQ","Korea, RGDP, Activity, secondary>manufacturing>basic_metals, SA, KRW, % QoQ",None,line
"Korea, RGDP, Activity, secondary>manufacturing>chemicals_and_chemical_products, SA, KRW, % QoQ","Korea, RGDP, Activity, secondary>manufacturing>chemicals_and_chemical_products, SA, KRW, % QoQ",None,line
"Korea, RGDP, Activity, secondary>manufacturing>coke_and_refined_petroleum_products, SA, KRW, % QoQ","Korea, RGDP, Activity, secondary>manufacturing>coke_and_refined_petroleum_products, SA, KRW, % QoQ",None,line
"Korea, RGDP, Activity, secondary>manufacturing>computer_and_electronics, SA, KRW, % QoQ","Korea, RGDP, Activity, secondary>manufacturing>computer_and_electronics, SA, KRW, % QoQ",None,line
"Korea, RGDP, Activity, secondary>manufacturing>electrical_equipment, SA, KRW, % QoQ","Korea, RGDP, Activity, secondary>manufacturing>electrical_equipment, SA, KRW, % QoQ",None,line
"Korea, RGDP, Activity, secondary>manufacturing>fabricated_metal_products, SA, KRW, % QoQ","Korea, RGDP, Activity, secondary>manufacturing>fabricated_metal_products, SA, KRW, % QoQ",None,line
"Korea, RGDP, Activity, secondary>manufacturing>food_beverages_products, SA, KRW, % QoQ","Korea, RGDP, Activity, secondary>manufacturing>food_beverages_products, SA, KRW, % QoQ",None,line
"Korea, RGDP, Activity, secondary>manufacturing>machinery_and_equipment, SA, KRW, % QoQ","Korea, RGDP, Activity, secondary>manufacturing>machinery_and_equipment, SA, KRW, % QoQ",None,line
"Korea, RGDP, Activity, secondary>manufacturing>other_manufacturing_repair_and_installat, SA, KRW, % QoQ","Korea, RGDP, Activity, secondary>manufacturing>other_manufacturing_repair_and_installat, SA, KRW, % QoQ",None,line
"Korea, RGDP, Activity, secondary>manufacturing>other_non_metallic_mineral_products, SA, KRW, % QoQ","Korea, RGDP, Activity, secondary>manufacturing>other_non_metallic_mineral_products, SA, KRW, % QoQ",None,line
"Korea, RGDP, Activity, secondary>manufacturing>textile_and_leather_products, SA, KRW, % QoQ","Korea, RGDP, Activity, secondary>manufacturing>textile_and_leather_products, SA, KRW, % QoQ",None,line
"Korea, RGDP, Activity, secondary>manufacturing>transportation_equipment, SA, KRW, % QoQ","Korea, RGDP, Activity, secondary>manufacturing>transportation_equipment, SA, KRW, % QoQ",None,line
"Korea, RGDP, Activity, secondary>manufacturing>wood_and_paper_products_printing_and_rep, SA, KRW, % QoQ","Korea, RGDP, Activity, secondary>manufacturing>wood_and_paper_products_printing_and_rep, SA, KRW, % QoQ",None,line
"Korea, RGDP, Activity, secondary>utilities, SA, KRW, % QoQ","Korea, RGDP, Activity, secondary>utilities, SA, KRW, % QoQ",None,line
"Korea, RGDP, Activity, secondary>utilities>electricity, SA, KRW, % QoQ","Korea, RGDP, Activity, secondary>utilities>electricity, SA, KRW, % QoQ",None,line
"Korea, RGDP, Activity, secondary>utilities>gas_steam_and_air_conditioning_supply, SA, KRW, % QoQ","Korea, RGDP, Activity, secondary>utilities>gas_steam_and_air_conditioning_supply, SA, KRW, % QoQ",None,line
"Korea, RGDP, Activity, secondary>utilities>water_supply_sewerage_waste_management_a, SA, KRW, % QoQ","Korea, RGDP, Activity, secondary>utilities>water_supply_sewerage_waste_management_a, SA, KRW, % QoQ",None,line
"Korea, RGDP, Activity, taxes_less_subsidies_on_products, SA, KRW, % QoQ","Korea, RGDP, Activity, taxes_less_subsidies_on_products, SA, KRW, % QoQ",None,line
"Korea, RGDP, Activity, tertiary, SA, KRW, % QoQ","Korea, RGDP, Activity, tertiary, SA, KRW, % QoQ",None,line
"Korea, RGDP, Activity, tertiary>accommodation_and_food_services_2, SA, KRW, % QoQ","Korea, RGDP, Activity, tertiary>accommodation_and_food_services_2, SA, KRW, % QoQ",None,line
"Korea, RGDP, Activity, tertiary>arts_sports_and_recreation, SA, KRW, % QoQ","Korea, RGDP, Activity, tertiary>arts_sports_and_recreation, SA, KRW, % QoQ",None,line
"Korea, RGDP, Activity, tertiary>business_activities, SA, KRW, % QoQ","Korea, RGDP, Activity, tertiary>business_activities, SA, KRW, % QoQ",None,line
"Korea, RGDP, Activity, tertiary>business_activities>business_support_services, SA, KRW, % QoQ","Korea, RGDP, Activity, tertiary>business_activities>business_support_services, SA, KRW, % QoQ",None,line
"Korea, RGDP, Activity, tertiary>business_activities>professional_scientific_and_technical_se, SA, KRW, % QoQ","Korea, RGDP, Activity, tertiary>business_activities>professional_scientific_and_technical_se, SA, KRW, % QoQ",None,line
"Korea, RGDP, Activity, tertiary>cultural_and_other_services, SA, KRW, % QoQ","Korea, RGDP, Activity, tertiary>cultural_and_other_services, SA, KRW, % QoQ",None,line
"Korea, RGDP, Activity, tertiary>education, SA, KRW, % QoQ","Korea, RGDP, Activity, tertiary>education, SA, KRW, % QoQ",None,line
"Korea, RGDP, Activity, tertiary>finance_and_insurance, SA, KRW, % QoQ","Korea, RGDP, Activity, tertiary>finance_and_insurance, SA, KRW, % QoQ",None,line
"Korea, RGDP, Activity, tertiary>human_health_and_social_work, SA, KRW, % QoQ","Korea, RGDP, Activity, tertiary>human_health_and_social_work, SA, KRW, % QoQ",None,line
"Korea, RGDP, Activity, tertiary>information_and_communication, SA, KRW, % QoQ","Korea, RGDP, Activity, tertiary>information_and_communication, SA, KRW, % QoQ",None,line
"Korea, RGDP, Activity, tertiary>information_and_communication>communication, SA, KRW, % QoQ","Korea, RGDP, Activity, tertiary>information_and_communication>communication, SA, KRW, % QoQ",None,line
"Korea, RGDP, Activity, tertiary>information_and_communication>publishing_broadcasting_motion_picture_v, SA, KRW, % QoQ","Korea, RGDP, Activity, tertiary>information_and_communication>publishing_broadcasting_motion_picture_v, SA, KRW, % QoQ",None,line
"Korea, RGDP, Activity, tertiary>other_services, SA, KRW, % QoQ","Korea, RGDP, Activity, tertiary>other_services, SA, KRW, % QoQ",None,line
"Korea, RGDP, Activity, tertiary>public_administration_defence_and_social, SA, KRW, % QoQ","Korea, RGDP, Activity, tertiary>public_administration_defence_and_social, SA, KRW, % QoQ",None,line
"Korea, RGDP, Activity, tertiary>real_estate, SA, KRW, % QoQ","Korea, RGDP, Activity, tertiary>real_estate, SA, KRW, % QoQ",None,line
"Korea, RGDP, Activity, tertiary>transportation_and_storage, SA, KRW, % QoQ","Korea, RGDP, Activity, tertiary>transportation_and_storage, SA, KRW, % QoQ",None,line
"Korea, RGDP, Activity, tertiary>wholesale_and_retail_trade, SA, KRW, % QoQ","Korea, RGDP, Activity, tertiary>wholesale_and_retail_trade, SA, KRW, % QoQ",None,line
"Korea, RGDP, Activity, tertiary>wholesale_and_retail_trade>accommodation_and_food_services, SA, KRW, % QoQ","Korea, RGDP, Activity, tertiary>wholesale_and_retail_trade>accommodation_and_food_services, SA, KRW, % QoQ",None,line
"Korea, RGDP, Activity, trading_gains, SA, KRW, % QoQ","Korea, RGDP, Activity, trading_gains, SA, KRW, % QoQ",None,line
"Korea, RGDP, ICT sector, Exports of goods, SA, KRW, % QoQ","Korea, RGDP, ICT sector, Exports of goods, SA, KRW, % QoQ",None,line
"Korea, RGDP, ICT sector, Imports of goods, SA, KRW, % QoQ","Korea, RGDP, ICT sector, Imports of goods, SA, KRW, % QoQ",None,line
"Korea, RGDP, ICT sector, Machinery and equipment investment, SA, KRW, % QoQ","Korea, RGDP, ICT sector, Machinery and equipment investment, SA, KRW, % QoQ",None,line
"Korea, RGDP, ICT sector, Private consumption expenditure, SA, KRW, % QoQ","Korea, RGDP, ICT sector, Private consumption expenditure, SA, KRW, % QoQ",None,line
"Korea, NGDP, GNI, SA, KRW, % QoQ","Korea, NGDP, GNI, SA, KRW, % QoQ",None,line
"Korea, RGDP, GNI, SA, KRW, % QoQ","Korea, RGDP, GNI, SA, KRW, % QoQ",None,line
"Korea, NGDP, Expenditure, Domestic demand, Gross capital formation, Gross fixed capital formation, Construction, Residential, SA, KRW, % QoQ","Korea, NGDP, Expenditure, Domestic demand, Gross capital formation, Gross fixed capital formation, Construction, Residential, SA, KRW, % QoQ",None,line
"Korea, NGDP, Expenditure, Domestic demand, Gross capital formation, Gross fixed capital formation, Construction, Non-residential, SA, KRW, % QoQ","Korea, NGDP, Expenditure, Domestic demand, Gross capital formation, Gross fixed capital formation, Construction, Non-residential, SA, KRW, % QoQ",None,line
"Korea, NGDP, Expenditure, Domestic demand, Gross capital formation, Gross fixed capital formation, Construction, Other buildings and structures, SA, KRW, % QoQ","Korea, NGDP, Expenditure, Domestic demand, Gross capital formation, Gross fixed capital formation, Construction, Other buildings and structures, SA, KRW, % QoQ",None,line
"Korea, NGDP, Expenditure, Domestic demand, Gross capital formation, Gross fixed capital formation, Transport equipment, SA, KRW, % QoQ","Korea, NGDP, Expenditure, Domestic demand, Gross capital formation, Gross fixed capital formation, Transport equipment, SA, KRW, % QoQ",None,line
"Korea, NGDP, Expenditure, Domestic demand, Gross capital formation, Gross fixed capital formation, Other machinery and equipment, SA, KRW, % QoQ","Korea, NGDP, Expenditure, Domestic demand, Gross capital formation, Gross fixed capital formation, Other machinery and equipment, SA, KRW, % QoQ",None,line
"Korea, NGDP, Expenditure, Domestic demand, Private consumption, Household consumption, Domestic final consumption, Goods, SA, KRW, % QoQ","Korea, NGDP, Expenditure, Domestic demand, Private consumption, Household consumption, Domestic final consumption, Goods, SA, KRW, % QoQ",None,line
"Korea, RGDP, Expenditure, Domestic demand, Gross capital formation, Gross fixed capital formation, Construction, Residential, SA, KRW, % QoQ","Korea, RGDP, Expenditure, Domestic demand, Gross capital formation, Gross fixed capital formation, Construction, Residential, SA, KRW, % QoQ",None,line
"Korea, RGDP, Expenditure, Domestic demand, Gross capital formation, Gross fixed capital formation, Construction, Non-residential, SA, KRW, % QoQ","Korea, RGDP, Expenditure, Domestic demand, Gross capital formation, Gross fixed capital formation, Construction, Non-residential, SA, KRW, % QoQ",None,line
"Korea, RGDP, Expenditure, Domestic demand, Gross capital formation, Gross fixed capital formation, Construction, Other buildings and structures, SA, KRW, % QoQ","Korea, RGDP, Expenditure, Domestic demand, Gross capital formation, Gross fixed capital formation, Construction, Other buildings and structures, SA, KRW, % QoQ",None,line
"Korea, RGDP, Expenditure, Domestic demand, Gross capital formation, Gross fixed capital formation, Transport equipment, SA, KRW, % QoQ","Korea, RGDP, Expenditure, Domestic demand, Gross capital formation, Gross fixed capital formation, Transport equipment, SA, KRW, % QoQ",None,line
"Korea, RGDP, Expenditure, Domestic demand, Gross capital formation, Gross fixed capital formation, Other machinery and equipment, SA, KRW, % QoQ","Korea, RGDP, Expenditure, Domestic demand, Gross capital formation, Gross fixed capital formation, Other machinery and equipment, SA, KRW, % QoQ",None,line
"Korea, RGDP, Expenditure, Domestic demand, Private consumption, Household consumption, Domestic final consumption, Goods, SA, KRW, % QoQ","Korea, RGDP, Expenditure, Domestic demand, Private consumption, Household consumption, Domestic final consumption, Goods, SA, KRW, % QoQ",None,line
"Korea, NGDP, Expenditure, Domestic demand, SA, KRW, % QoQ","Korea, NGDP, Expenditure, Domestic demand, SA, KRW, % QoQ",None,line
"Korea, NGDP, Expenditure, Domestic demand, Excluding inventories, SA, KRW, % QoQ","Korea, NGDP, Expenditure, Domestic demand, Excluding inventories, SA, KRW, % QoQ",None,line
"Korea, NGDP, Expenditure, Domestic demand, Private, Excluding inventories, SA, KRW, % QoQ","Korea, NGDP, Expenditure, Domestic demand, Private, Excluding inventories, SA, KRW, % QoQ",None,line
"Korea, NGDP, Expenditure, Domestic demand, Public, Excluding inventories, SA, KRW, % QoQ","Korea, NGDP, Expenditure, Domestic demand, Public, Excluding inventories, SA, KRW, % QoQ",None,line
"Korea, RGDP, Expenditure, Domestic demand, SA, KRW, % QoQ","Korea, RGDP, Expenditure, Domestic demand, SA, KRW, % QoQ",None,line
"Korea, RGDP, Expenditure, Domestic demand, Excluding inventories, SA, KRW, % QoQ","Korea, RGDP, Expenditure, Domestic demand, Excluding inventories, SA, KRW, % QoQ",None,line
"Korea, RGDP, Expenditure, Domestic demand, Private, Excluding inventories, SA, KRW, % QoQ","Korea, RGDP, Expenditure, Domestic demand, Private, Excluding inventories, SA, KRW, % QoQ",None,line
"Korea, RGDP, Expenditure, Domestic demand, Public, Excluding inventories, SA, KRW, % QoQ","Korea, RGDP, Expenditure, Domestic demand, Public, Excluding inventories, SA, KRW, % QoQ",None,line
"Korea, NGDP, Expenditure, Per capita, SA, KRW, % QoQ","Korea, NGDP, Expenditure, Per capita, SA, KRW, % QoQ",None,line
"Korea, RGDP, Expenditure, Per capita, SA, KRW, % QoQ","Korea, RGDP, Expenditure, Per capita, SA, KRW, % QoQ",None,line
"Korea, RGDI, Per capita, SA, KRW, % QoQ","Korea, RGDI, Per capita, SA, KRW, % QoQ",None,line
"Korea, NGDP, Expenditure, Domestic demand, Private consumption, Household consumption, Per capita, SA, KRW, % QoQ","Korea, NGDP, Expenditure, Domestic demand, Private consumption, Household consumption, Per capita, SA, KRW, % QoQ",None,line
"Korea, NGDP, Expenditure, Domestic demand, Private consumption, Non-profit institutions serving households, Per capita, SA, KRW, % QoQ","Korea, NGDP, Expenditure, Domestic demand, Private consumption, Non-profit institutions serving households, Per capita, SA, KRW, % QoQ",None,line
"Korea, NGDP, Expenditure, Domestic demand, Private consumption, Per capita, SA, KRW, % QoQ","Korea, NGDP, Expenditure, Domestic demand, Private consumption, Per capita, SA, KRW, % QoQ",None,line
"Korea, RGDP, Expenditure, Domestic demand, Private consumption, Household consumption, Per capita, SA, KRW, % QoQ","Korea, RGDP, Expenditure, Domestic demand, Private consumption, Household consumption, Per capita, SA, KRW, % QoQ",None,line
"Korea, RGDP, Expenditure, Domestic demand, Private consumption, Non-profit institutions serving households, Per capita, SA, KRW, % QoQ","Korea, RGDP, Expenditure, Domestic demand, Private consumption, Non-profit institutions serving households, Per capita, SA, KRW, % QoQ",None,line
"Korea, RGDP, Expenditure, Domestic demand, Private consumption, Per capita, SA, KRW, % QoQ","Korea, RGDP, Expenditure, Domestic demand, Private consumption, Per capita, SA, KRW, % QoQ",None,line
"Korea, NGDP, Expenditure, Domestic demand, Private consumption, Household consumption, Direct purchases abroad by resident households, Per capita, SA, KRW, % QoQ","Korea, NGDP, Expenditure, Domestic demand, Private consumption, Household consumption, Direct purchases abroad by resident households, Per capita, SA, KRW, % QoQ",None,line
"Korea, NGDP, Expenditure, Domestic demand, Private consumption, Household consumption, Direct purchases in the domestic market by non-resident households, Per capita, SA, KRW, % QoQ","Korea, NGDP, Expenditure, Domestic demand, Private consumption, Household consumption, Direct purchases in the domestic market by non-resident households, Per capita, SA, KRW, % QoQ",None,line
"Korea, NGDP, Expenditure, Domestic demand, Private consumption, Household consumption, Domestic final consumption, Durable goods, Per capita, SA, KRW, % QoQ","Korea, NGDP, Expenditure, Domestic demand, Private consumption, Household consumption, Domestic final consumption, Durable goods, Per capita, SA, KRW, % QoQ",None,line
"Korea, NGDP, Expenditure, Domestic demand, Private consumption, Household consumption, Domestic final consumption, Non-durable goods, Per capita, SA, KRW, % QoQ","Korea, NGDP, Expenditure, Domestic demand, Private consumption, Household consumption, Domestic final consumption, Non-durable goods, Per capita, SA, KRW, % QoQ",None,line
"Korea, NGDP, Expenditure, Domestic demand, Private consumption, Household consumption, Domestic final consumption, Per capita, SA, KRW, % QoQ","Korea, NGDP, Expenditure, Domestic demand, Private consumption, Household consumption, Domestic final consumption, Per capita, SA, KRW, % QoQ",None,line
"Korea, NGDP, Expenditure, Domestic demand, Private consumption, Household consumption, Domestic final consumption, Semi-durable goods, Per capita, SA, KRW, % QoQ","Korea, NGDP, Expenditure, Domestic demand, Private consumption, Household consumption, Domestic final consumption, Semi-durable goods, Per capita, SA, KRW, % QoQ",None,line
"Korea, NGDP, Expenditure, Domestic demand, Private consumption, Household consumption, Domestic final consumption, Services, Per capita, SA, KRW, % QoQ","Korea, NGDP, Expenditure, Domestic demand, Private consumption, Household consumption, Domestic final consumption, Services, Per capita, SA, KRW, % QoQ",None,line
"Korea, RGDP, Expenditure, Domestic demand, Private consumption, Household consumption, Direct purchases abroad by resident households, Per capita, SA, KRW, % QoQ","Korea, RGDP, Expenditure, Domestic demand, Private consumption, Household consumption, Direct purchases abroad by resident households, Per capita, SA, KRW, % QoQ",None,line
"Korea, RGDP, Expenditure, Domestic demand, Private consumption, Household consumption, Direct purchases in the domestic market by non-resident households, Per capita, SA, KRW, % QoQ","Korea, RGDP, Expenditure, Domestic demand, Private consumption, Household consumption, Direct purchases in the domestic market by non-resident households, Per capita, SA, KRW, % QoQ",None,line
"Korea, RGDP, Expenditure, Domestic demand, Private consumption, Household consumption, Domestic final consumption, Durable goods, Per capita, SA, KRW, % QoQ","Korea, RGDP, Expenditure, Domestic demand, Private consumption, Household consumption, Domestic final consumption, Durable goods, Per capita, SA, KRW, % QoQ",None,line
"Korea, RGDP, Expenditure, Domestic demand, Private consumption, Household consumption, Domestic final consumption, Non-durable goods, Per capita, SA, KRW, % QoQ","Korea, RGDP, Expenditure, Domestic demand, Private consumption, Household consumption, Domestic final consumption, Non-durable goods, Per capita, SA, KRW, % QoQ",None,line
"Korea, RGDP, Expenditure, Domestic demand, Private consumption, Household consumption, Domestic final consumption, Per capita, SA, KRW, % QoQ","Korea, RGDP, Expenditure, Domestic demand, Private consumption, Household consumption, Domestic final consumption, Per capita, SA, KRW, % QoQ",None,line
"Korea, RGDP, Expenditure, Domestic demand, Private consumption, Household consumption, Domestic final consumption, Semi-durable goods, Per capita, SA, KRW, % QoQ","Korea, RGDP, Expenditure, Domestic demand, Private consumption, Household consumption, Domestic final consumption, Semi-durable goods, Per capita, SA, KRW, % QoQ",None,line
"Korea, RGDP, Expenditure, Domestic demand, Private consumption, Household consumption, Domestic final consumption, Services, Per capita, SA, KRW, % QoQ","Korea, RGDP, Expenditure, Domestic demand, Private consumption, Household consumption, Domestic final consumption, Services, Per capita, SA, KRW, % QoQ",None,line
"Korea, RGDP, ICT sector, Private consumption expenditure, Per capita, SA, KRW, % QoQ","Korea, RGDP, ICT sector, Private consumption expenditure, Per capita, SA, KRW, % QoQ",None,line
"Korea, NGDP, Expenditure, Domestic demand, Private consumption, Household consumption, Domestic final consumption, Goods, Per capita, SA, KRW, % QoQ","Korea, NGDP, Expenditure, Domestic demand, Private consumption, Household consumption, Domestic final consumption, Goods, Per capita, SA, KRW, % QoQ",None,line
"Korea, RGDP, Expenditure, Domestic demand, Private consumption, Household consumption, Domestic final consumption, Goods, Per capita, SA, KRW, % QoQ","Korea, RGDP, Expenditure, Domestic demand, Private consumption, Household consumption, Domestic final consumption, Goods, Per capita, SA, KRW, % QoQ",None,line
"Korea, NGDP, Income, Compensation per worker, SA, KRW, % QoQ","Korea, NGDP, Income, Compensation per worker, SA, KRW, % QoQ",None,line
"Korea, NGDP, Expenditure, Domestic demand, Final consumption expenditure, SA, KRW bn, 2013-19 trend","Korea, NGDP, Expenditure, Domestic demand, Final consumption expenditure, SA, KRW bn, 2013-19 trend",None,line
"Korea, NGDP, Expenditure, Domestic demand, Government consumption, SA, KRW bn, 2013-19 trend","Korea, NGDP, Expenditure, Domestic demand, Government consumption, SA, KRW bn, 2013-19 trend",None,line
"Korea, NGDP, Expenditure, Domestic demand, Gross capital formation, Gross fixed capital formation, Buildings and structures, SA, KRW bn, 2013-19 trend","Korea, NGDP, Expenditure, Domestic demand, Gross capital formation, Gross fixed capital formation, Buildings and structures, SA, KRW bn, 2013-19 trend",None,line
"Korea, NGDP, Expenditure, Domestic demand, Gross capital formation, Gross fixed capital formation, Facilities investment, SA, KRW bn, 2013-19 trend","Korea, NGDP, Expenditure, Domestic demand, Gross capital formation, Gross fixed capital formation, Facilities investment, SA, KRW bn, 2013-19 trend",None,line
"Korea, NGDP, Expenditure, Domestic demand, Gross capital formation, Gross fixed capital formation, Public, SA, KRW bn, 2013-19 trend","Korea, NGDP, Expenditure, Domestic demand, Gross capital formation, Gross fixed capital formation, Public, SA, KRW bn, 2013-19 trend",None,line
"Korea, NGDP, Expenditure, Domestic demand, Gross capital formation, Gross fixed capital formation, Intellectual property products, SA, KRW bn, 2013-19 trend","Korea, NGDP, Expenditure, Domestic demand, Gross capital formation, Gross fixed capital formation, Intellectual property products, SA, KRW bn, 2013-19 trend",None,line
"Korea, NGDP, Expenditure, Domestic demand, Gross capital formation, Gross fixed capital formation, Private, SA, KRW bn, 2013-19 trend","Korea, NGDP, Expenditure, Domestic demand, Gross capital formation, Gross fixed capital formation, Private, SA, KRW bn, 2013-19 trend",None,line
"Korea, NGDP, Expenditure, Domestic demand, Gross capital formation, Gross fixed capital formation, SA, KRW bn, 2013-19 trend","Korea, NGDP, Expenditure, Domestic demand, Gross capital formation, Gross fixed capital formation, SA, KRW bn, 2013-19 trend",None,line
"Korea, NGDP, Expenditure, Domestic demand, Gross capital formation, Inventories, SA, KRW bn, 2013-19 trend","Korea, NGDP, Expenditure, Domestic demand, Gross capital formation, Inventories, SA, KRW bn, 2013-19 trend",None,line
"Korea, NGDP, Expenditure, Domestic demand, Gross capital formation, SA, KRW bn, 2013-19 trend","Korea, NGDP, Expenditure, Domestic demand, Gross capital formation, SA, KRW bn, 2013-19 trend",None,line
"Korea, NGDP, Expenditure, Domestic demand, Private consumption, Household consumption, SA, KRW bn, 2013-19 trend","Korea, NGDP, Expenditure, Domestic demand, Private consumption, Household consumption, SA, KRW bn, 2013-19 trend",None,line
"Korea, NGDP, Expenditure, Domestic demand, Private consumption, Non-profit institutions serving households, SA, KRW bn, 2013-19 trend","Korea, NGDP, Expenditure, Domestic demand, Private consumption, Non-profit institutions serving households, SA, KRW bn, 2013-19 trend",None,line
"Korea, NGDP, Expenditure, Domestic demand, Private consumption, SA, KRW bn, 2013-19 trend","Korea, NGDP, Expenditure, Domestic demand, Private consumption, SA, KRW bn, 2013-19 trend",None,line
"Korea, NGDP, Expenditure, GDP, SA, KRW bn, 2013-19 trend","Korea, NGDP, Expenditure, GDP, SA, KRW bn, 2013-19 trend",None,line
"Korea, NGDP, Expenditure, Net exports of goods and services, Exports of goods and services, Goods, SA, KRW bn, 2013-19 trend","Korea, NGDP, Expenditure, Net exports of goods and services, Exports of goods and services, Goods, SA, KRW bn, 2013-19 trend",None,line
"Korea, NGDP, Expenditure, Net exports of goods and services, Exports of goods and services, SA, KRW bn, 2013-19 trend","Korea, NGDP, Expenditure, Net exports of goods and services, Exports of goods and services, SA, KRW bn, 2013-19 trend",None,line
"Korea, NGDP, Expenditure, Net exports of goods and services, Exports of goods and services, Services, SA, KRW bn, 2013-19 trend","Korea, NGDP, Expenditure, Net exports of goods and services, Exports of goods and services, Services, SA, KRW bn, 2013-19 trend",None,line
"Korea, NGDP, Expenditure, Net exports of goods and services, Imports of goods and services, Goods, SA, KRW bn, 2013-19 trend","Korea, NGDP, Expenditure, Net exports of goods and services, Imports of goods and services, Goods, SA, KRW bn, 2013-19 trend",None,line
"Korea, NGDP, Expenditure, Net exports of goods and services, Imports of goods and services, SA, KRW bn, 2013-19 trend","Korea, NGDP, Expenditure, Net exports of goods and services, Imports of goods and services, SA, KRW bn, 2013-19 trend",None,line
"Korea, NGDP, Expenditure, Net exports of goods and services, Imports of goods and services, Services, SA, KRW bn, 2013-19 trend","Korea, NGDP, Expenditure, Net exports of goods and services, Imports of goods and services, Services, SA, KRW bn, 2013-19 trend",None,line
"Korea, NGDP, Expenditure, SA, KRW bn, 2013-19 trend","Korea, NGDP, Expenditure, SA, KRW bn, 2013-19 trend",None,line
"Korea, NGDP, Expenditure, Statistical discrepancy, SA, KRW bn, 2013-19 trend","Korea, NGDP, Expenditure, Statistical discrepancy, SA, KRW bn, 2013-19 trend",None,line
"Korea, NGDP, Income, Compensation of employees, SA, KRW bn, 2013-19 trend","Korea, NGDP, Income, Compensation of employees, SA, KRW bn, 2013-19 trend",None,line
"Korea, NGDP, Income, Gross operating surplus, SA, KRW bn, 2013-19 trend","Korea, NGDP, Income, Gross operating surplus, SA, KRW bn, 2013-19 trend",None,line
"Korea, NGDP, Income, SA, KRW bn, 2013-19 trend","Korea, NGDP, Income, SA, KRW bn, 2013-19 trend",None,line
"Korea, NGDP, Income, Taxes on production and imports less subsidies, SA, KRW bn, 2013-19 trend","Korea, NGDP, Income, Taxes on production and imports less subsidies, SA, KRW bn, 2013-19 trend",None,line
"Korea, RGDP, Expenditure, Domestic demand, Final consumption expenditure, SA, KRW bn, 2013-19 trend","Korea, RGDP, Expenditure, Domestic demand, Final consumption expenditure, SA, KRW bn, 2013-19 trend",None,line
"Korea, RGDP, Expenditure, Domestic demand, Government consumption, SA, KRW bn, 2013-19 trend","Korea, RGDP, Expenditure, Domestic demand, Government consumption, SA, KRW bn, 2013-19 trend",None,line
"Korea, RGDP, Expenditure, Domestic demand, Gross capital formation, Gross fixed capital formation, Buildings and structures, SA, KRW bn, 2013-19 trend","Korea, RGDP, Expenditure, Domestic demand, Gross capital formation, Gross fixed capital formation, Buildings and structures, SA, KRW bn, 2013-19 trend",None,line
"Korea, RGDP, Expenditure, Domestic demand, Gross capital formation, Gross fixed capital formation, Facilities investment, SA, KRW bn, 2013-19 trend","Korea, RGDP, Expenditure, Domestic demand, Gross capital formation, Gross fixed capital formation, Facilities investment, SA, KRW bn, 2013-19 trend",None,line
"Korea, RGDP, Expenditure, Domestic demand, Gross capital formation, Gross fixed capital formation, Public, SA, KRW bn, 2013-19 trend","Korea, RGDP, Expenditure, Domestic demand, Gross capital formation, Gross fixed capital formation, Public, SA, KRW bn, 2013-19 trend",None,line
"Korea, RGDP, Expenditure, Domestic demand, Gross capital formation, Gross fixed capital formation, Intellectual property products, SA, KRW bn, 2013-19 trend","Korea, RGDP, Expenditure, Domestic demand, Gross capital formation, Gross fixed capital formation, Intellectual property products, SA, KRW bn, 2013-19 trend",None,line
"Korea, RGDP, Expenditure, Domestic demand, Gross capital formation, Gross fixed capital formation, Private, SA, KRW bn, 2013-19 trend","Korea, RGDP, Expenditure, Domestic demand, Gross capital formation, Gross fixed capital formation, Private, SA, KRW bn, 2013-19 trend",None,line
"Korea, RGDP, Expenditure, Domestic demand, Gross capital formation, Gross fixed capital formation, SA, KRW bn, 2013-19 trend","Korea, RGDP, Expenditure, Domestic demand, Gross capital formation, Gross fixed capital formation, SA, KRW bn, 2013-19 trend",None,line
"Korea, RGDP, Expenditure, Domestic demand, Gross capital formation, Inventories, SA, KRW bn, 2013-19 trend","Korea, RGDP, Expenditure, Domestic demand, Gross capital formation, Inventories, SA, KRW bn, 2013-19 trend",None,line
"Korea, RGDP, Expenditure, Domestic demand, Gross capital formation, SA, KRW bn, 2013-19 trend","Korea, RGDP, Expenditure, Domestic demand, Gross capital formation, SA, KRW bn, 2013-19 trend",None,line
"Korea, RGDP, Expenditure, Domestic demand, Private consumption, Household consumption, SA, KRW bn, 2013-19 trend","Korea, RGDP, Expenditure, Domestic demand, Private consumption, Household consumption, SA, KRW bn, 2013-19 trend",None,line
"Korea, RGDP, Expenditure, Domestic demand, Private consumption, Non-profit institutions serving households, SA, KRW bn, 2013-19 trend","Korea, RGDP, Expenditure, Domestic demand, Private consumption, Non-profit institutions serving households, SA, KRW bn, 2013-19 trend",None,line
"Korea, RGDP, Expenditure, Domestic demand, Private consumption, SA, KRW bn, 2013-19 trend","Korea, RGDP, Expenditure, Domestic demand, Private consumption, SA, KRW bn, 2013-19 trend",None,line
"Korea, RGDP, Expenditure, Net exports of goods and services, Exports of goods and services, Goods, SA, KRW bn, 2013-19 trend","Korea, RGDP, Expenditure, Net exports of goods and services, Exports of goods and services, Goods, SA, KRW bn, 2013-19 trend",None,line
"Korea, RGDP, Expenditure, Net exports of goods and services, Exports of goods and services, SA, KRW bn, 2013-19 trend","Korea, RGDP, Expenditure, Net exports of goods and services, Exports of goods and services, SA, KRW bn, 2013-19 trend",None,line
"Korea, RGDP, Expenditure, Net exports of goods and services, Exports of goods and services, Services, SA, KRW bn, 2013-19 trend","Korea, RGDP, Expenditure, Net exports of goods and services, Exports of goods and services, Services, SA, KRW bn, 2013-19 trend",None,line
"Korea, RGDP, Expenditure, Net exports of goods and services, Imports of goods and services, Goods, SA, KRW bn, 2013-19 trend","Korea, RGDP, Expenditure, Net exports of goods and services, Imports of goods and services, Goods, SA, KRW bn, 2013-19 trend",None,line
"Korea, RGDP, Expenditure, Net exports of goods and services, Imports of goods and services, SA, KRW bn, 2013-19 trend","Korea, RGDP, Expenditure, Net exports of goods and services, Imports of goods and services, SA, KRW bn, 2013-19 trend",None,line
"Korea, RGDP, Expenditure, Net exports of goods and services, Imports of goods and services, Services, SA, KRW bn, 2013-19 trend","Korea, RGDP, Expenditure, Net exports of goods and services, Imports of goods and services, Services, SA, KRW bn, 2013-19 trend",None,line
"Korea, RGDP, Expenditure, SA, KRW bn, 2013-19 trend","Korea, RGDP, Expenditure, SA, KRW bn, 2013-19 trend",None,line
"Korea, RGDP, Expenditure, Statistical discrepancy, SA, KRW bn, 2013-19 trend","Korea, RGDP, Expenditure, Statistical discrepancy, SA, KRW bn, 2013-19 trend",None,line
"Korea, NGDP, Expenditure, Domestic demand, Gross capital formation, Gross fixed capital formation, Construction, Building construction, Non-residential buildings, SA, KRW bn, 2013-19 trend","Korea, NGDP, Expenditure, Domestic demand, Gross capital formation, Gross fixed capital formation, Construction, Building construction, Non-residential buildings, SA, KRW bn, 2013-19 trend",None,line
"Korea, NGDP, Expenditure, Domestic demand, Gross capital formation, Gross fixed capital formation, Construction, Building construction, Residential, SA, KRW bn, 2013-19 trend","Korea, NGDP, Expenditure, Domestic demand, Gross capital formation, Gross fixed capital formation, Construction, Building construction, Residential, SA, KRW bn, 2013-19 trend",None,line
"Korea, NGDP, Expenditure, Domestic demand, Gross capital formation, Gross fixed capital formation, Construction, Building construction, SA, KRW bn, 2013-19 trend","Korea, NGDP, Expenditure, Domestic demand, Gross capital formation, Gross fixed capital formation, Construction, Building construction, SA, KRW bn, 2013-19 trend",None,line
"Korea, NGDP, Expenditure, Domestic demand, Gross capital formation, Gross fixed capital formation, Construction, Civil engineering, SA, KRW bn, 2013-19 trend","Korea, NGDP, Expenditure, Domestic demand, Gross capital formation, Gross fixed capital formation, Construction, Civil engineering, SA, KRW bn, 2013-19 trend",None,line
"Korea, NGDP, Expenditure, Domestic demand, Gross capital formation, Gross fixed capital formation, Construction, SA, KRW bn, 2013-19 trend","Korea, NGDP, Expenditure, Domestic demand, Gross capital formation, Gross fixed capital formation, Construction, SA, KRW bn, 2013-19 trend",None,line
"Korea, NGDP, Expenditure, Domestic demand, Gross capital formation, Gross fixed capital formation, Facilities investment, Other machinery and equipment, SA, KRW bn, 2013-19 trend","Korea, NGDP, Expenditure, Domestic demand, Gross capital formation, Gross fixed capital formation, Facilities investment, Other machinery and equipment, SA, KRW bn, 2013-19 trend",None,line
"Korea, NGDP, Expenditure, Domestic demand, Gross capital formation, Gross fixed capital formation, Facilities investment, Transport equipment, SA, KRW bn, 2013-19 trend","Korea, NGDP, Expenditure, Domestic demand, Gross capital formation, Gross fixed capital formation, Facilities investment, Transport equipment, SA, KRW bn, 2013-19 trend",None,line
"Korea, NGDP, Expenditure, Domestic demand, Gross capital formation, Gross fixed capital formation, Intellectual property products, Other intellectual property products, SA, KRW bn, 2013-19 trend","Korea, NGDP, Expenditure, Domestic demand, Gross capital formation, Gross fixed capital formation, Intellectual property products, Other intellectual property products, SA, KRW bn, 2013-19 trend",None,line
"Korea, NGDP, Expenditure, Domestic demand, Gross capital formation, Gross fixed capital formation, Intellectual property products, Research and development, SA, KRW bn, 2013-19 trend","Korea, NGDP, Expenditure, Domestic demand, Gross capital formation, Gross fixed capital formation, Intellectual property products, Research and development, SA, KRW bn, 2013-19 trend",None,line
"Korea, NGDP, Expenditure, Domestic demand, Private consumption, Household consumption, Direct purchases abroad by resident households, SA, KRW bn, 2013-19 trend","Korea, NGDP, Expenditure, Domestic demand, Private consumption, Household consumption, Direct purchases abroad by resident households, SA, KRW bn, 2013-19 trend",None,line
"Korea, NGDP, Expenditure, Domestic demand, Private consumption, Household consumption, Direct purchases in the domestic market by non-resident households, SA, KRW bn, 2013-19 trend","Korea, NGDP, Expenditure, Domestic demand, Private consumption, Household consumption, Direct purchases in the domestic market by non-resident households, SA, KRW bn, 2013-19 trend",None,line
"Korea, NGDP, Expenditure, Domestic demand, Private consumption, Household consumption, Domestic final consumption, Durable goods, SA, KRW bn, 2013-19 trend","Korea, NGDP, Expenditure, Domestic demand, Private consumption, Household consumption, Domestic final consumption, Durable goods, SA, KRW bn, 2013-19 trend",None,line
"Korea, NGDP, Expenditure, Domestic demand, Private consumption, Household consumption, Domestic final consumption, Non-durable goods, SA, KRW bn, 2013-19 trend","Korea, NGDP, Expenditure, Domestic demand, Private consumption, Household consumption, Domestic final consumption, Non-durable goods, SA, KRW bn, 2013-19 trend",None,line
"Korea, NGDP, Expenditure, Domestic demand, Private consumption, Household consumption, Domestic final consumption, SA, KRW bn, 2013-19 trend","Korea, NGDP, Expenditure, Domestic demand, Private consumption, Household consumption, Domestic final consumption, SA, KRW bn, 2013-19 trend",None,line
"Korea, NGDP, Expenditure, Domestic demand, Private consumption, Household consumption, Domestic final consumption, Semi-durable goods, SA, KRW bn, 2013-19 trend","Korea, NGDP, Expenditure, Domestic demand, Private consumption, Household consumption, Domestic final consumption, Semi-durable goods, SA, KRW bn, 2013-19 trend",None,line
"Korea, NGDP, Expenditure, Domestic demand, Private consumption, Household consumption, Domestic final consumption, Services, SA, KRW bn, 2013-19 trend","Korea, NGDP, Expenditure, Domestic demand, Private consumption, Household consumption, Domestic final consumption, Services, SA, KRW bn, 2013-19 trend",None,line
"Korea, RGDP, Expenditure, Domestic demand, Gross capital formation, Gross fixed capital formation, Construction, Building construction, Non-residential buildings, SA, KRW bn, 2013-19 trend","Korea, RGDP, Expenditure, Domestic demand, Gross capital formation, Gross fixed capital formation, Construction, Building construction, Non-residential buildings, SA, KRW bn, 2013-19 trend",None,line
"Korea, RGDP, Expenditure, Domestic demand, Gross capital formation, Gross fixed capital formation, Construction, Building construction, Residential, SA, KRW bn, 2013-19 trend","Korea, RGDP, Expenditure, Domestic demand, Gross capital formation, Gross fixed capital formation, Construction, Building construction, Residential, SA, KRW bn, 2013-19 trend",None,line
"Korea, RGDP, Expenditure, Domestic demand, Gross capital formation, Gross fixed capital formation, Construction, Building construction, SA, KRW bn, 2013-19 trend","Korea, RGDP, Expenditure, Domestic demand, Gross capital formation, Gross fixed capital formation, Construction, Building construction, SA, KRW bn, 2013-19 trend",None,line
"Korea, RGDP, Expenditure, Domestic demand, Gross capital formation, Gross fixed capital formation, Construction, Civil engineering, SA, KRW bn, 2013-19 trend","Korea, RGDP, Expenditure, Domestic demand, Gross capital formation, Gross fixed capital formation, Construction, Civil engineering, SA, KRW bn, 2013-19 trend",None,line
"Korea, RGDP, Expenditure, Domestic demand, Gross capital formation, Gross fixed capital formation, Construction, SA, KRW bn, 2013-19 trend","Korea, RGDP, Expenditure, Domestic demand, Gross capital formation, Gross fixed capital formation, Construction, SA, KRW bn, 2013-19 trend",None,line
"Korea, RGDP, Expenditure, Domestic demand, Gross capital formation, Gross fixed capital formation, Facilities investment, Other machinery and equipment, SA, KRW bn, 2013-19 trend","Korea, RGDP, Expenditure, Domestic demand, Gross capital formation, Gross fixed capital formation, Facilities investment, Other machinery and equipment, SA, KRW bn, 2013-19 trend",None,line
"Korea, RGDP, Expenditure, Domestic demand, Gross capital formation, Gross fixed capital formation, Facilities investment, Transport equipment, SA, KRW bn, 2013-19 trend","Korea, RGDP, Expenditure, Domestic demand, Gross capital formation, Gross fixed capital formation, Facilities investment, Transport equipment, SA, KRW bn, 2013-19 trend",None,line
"Korea, RGDP, Expenditure, Domestic demand, Gross capital formation, Gross fixed capital formation, Intellectual property products, Other intellectual property products, SA, KRW bn, 2013-19 trend","Korea, RGDP, Expenditure, Domestic demand, Gross capital formation, Gross fixed capital formation, Intellectual property products, Other intellectual property products, SA, KRW bn, 2013-19 trend",None,line
"Korea, RGDP, Expenditure, Domestic demand, Gross capital formation, Gross fixed capital formation, Intellectual property products, Research and development, SA, KRW bn, 2013-19 trend","Korea, RGDP, Expenditure, Domestic demand, Gross capital formation, Gross fixed capital formation, Intellectual property products, Research and development, SA, KRW bn, 2013-19 trend",None,line
"Korea, RGDP, Expenditure, Domestic demand, Private consumption, Household consumption, Direct purchases abroad by resident households, SA, KRW bn, 2013-19 trend","Korea, RGDP, Expenditure, Domestic demand, Private consumption, Household consumption, Direct purchases abroad by resident households, SA, KRW bn, 2013-19 trend",None,line
"Korea, RGDP, Expenditure, Domestic demand, Private consumption, Household consumption, Direct purchases in the domestic market by non-resident households, SA, KRW bn, 2013-19 trend","Korea, RGDP, Expenditure, Domestic demand, Private consumption, Household consumption, Direct purchases in the domestic market by non-resident households, SA, KRW bn, 2013-19 trend",None,line
"Korea, RGDP, Expenditure, Domestic demand, Private consumption, Household consumption, Domestic final consumption, Durable goods, SA, KRW bn, 2013-19 trend","Korea, RGDP, Expenditure, Domestic demand, Private consumption, Household consumption, Domestic final consumption, Durable goods, SA, KRW bn, 2013-19 trend",None,line
"Korea, RGDP, Expenditure, Domestic demand, Private consumption, Household consumption, Domestic final consumption, Non-durable goods, SA, KRW bn, 2013-19 trend","Korea, RGDP, Expenditure, Domestic demand, Private consumption, Household consumption, Domestic final consumption, Non-durable goods, SA, KRW bn, 2013-19 trend",None,line
"Korea, RGDP, Expenditure, Domestic demand, Private consumption, Household consumption, Domestic final consumption, SA, KRW bn, 2013-19 trend","Korea, RGDP, Expenditure, Domestic demand, Private consumption, Household consumption, Domestic final consumption, SA, KRW bn, 2013-19 trend",None,line
"Korea, RGDP, Expenditure, Domestic demand, Private consumption, Household consumption, Domestic final consumption, Semi-durable goods, SA, KRW bn, 2013-19 trend","Korea, RGDP, Expenditure, Domestic demand, Private consumption, Household consumption, Domestic final consumption, Semi-durable goods, SA, KRW bn, 2013-19 trend",None,line
"Korea, RGDP, Expenditure, Domestic demand, Private consumption, Household consumption, Domestic final consumption, Services, SA, KRW bn, 2013-19 trend","Korea, RGDP, Expenditure, Domestic demand, Private consumption, Household consumption, Domestic final consumption, Services, SA, KRW bn, 2013-19 trend",None,line
"Korea, RGDI, SA, KRW bn, 2013-19 trend","Korea, RGDI, SA, KRW bn, 2013-19 trend",None,line
"Korea, RGDP, Trading gains, SA, KRW bn, 2013-19 trend","Korea, RGDP, Trading gains, SA, KRW bn, 2013-19 trend",None,line
"Korea, RGDP, ICT sector, Exports of goods, SA, KRW bn, 2013-19 trend","Korea, RGDP, ICT sector, Exports of goods, SA, KRW bn, 2013-19 trend",None,line
"Korea, RGDP, ICT sector, Imports of goods, SA, KRW bn, 2013-19 trend","Korea, RGDP, ICT sector, Imports of goods, SA, KRW bn, 2013-19 trend",None,line
"Korea, RGDP, ICT sector, Machinery and equipment investment, SA, KRW bn, 2013-19 trend","Korea, RGDP, ICT sector, Machinery and equipment investment, SA, KRW bn, 2013-19 trend",None,line
"Korea, RGDP, ICT sector, Private consumption expenditure, SA, KRW bn, 2013-19 trend","Korea, RGDP, ICT sector, Private consumption expenditure, SA, KRW bn, 2013-19 trend",None,line
"Korea, NGDP, GNI, SA, KRW bn, 2013-19 trend","Korea, NGDP, GNI, SA, KRW bn, 2013-19 trend",None,line
"Korea, RGDP, GNI, SA, KRW bn, 2013-19 trend","Korea, RGDP, GNI, SA, KRW bn, 2013-19 trend",None,line
"Korea, NGDP, Expenditure, Domestic demand, Gross capital formation, Gross fixed capital formation, Construction, Residential, SA, KRW bn, 2013-19 trend","Korea, NGDP, Expenditure, Domestic demand, Gross capital formation, Gross fixed capital formation, Construction, Residential, SA, KRW bn, 2013-19 trend",None,line
"Korea, NGDP, Expenditure, Domestic demand, Gross capital formation, Gross fixed capital formation, Construction, Non-residential, SA, KRW bn, 2013-19 trend","Korea, NGDP, Expenditure, Domestic demand, Gross capital formation, Gross fixed capital formation, Construction, Non-residential, SA, KRW bn, 2013-19 trend",None,line
"Korea, NGDP, Expenditure, Domestic demand, Gross capital formation, Gross fixed capital formation, Construction, Other buildings and structures, SA, KRW bn, 2013-19 trend","Korea, NGDP, Expenditure, Domestic demand, Gross capital formation, Gross fixed capital formation, Construction, Other buildings and structures, SA, KRW bn, 2013-19 trend",None,line
"Korea, NGDP, Expenditure, Domestic demand, Gross capital formation, Gross fixed capital formation, Transport equipment, SA, KRW bn, 2013-19 trend","Korea, NGDP, Expenditure, Domestic demand, Gross capital formation, Gross fixed capital formation, Transport equipment, SA, KRW bn, 2013-19 trend",None,line
"Korea, NGDP, Expenditure, Domestic demand, Gross capital formation, Gross fixed capital formation, Other machinery and equipment, SA, KRW bn, 2013-19 trend","Korea, NGDP, Expenditure, Domestic demand, Gross capital formation, Gross fixed capital formation, Other machinery and equipment, SA, KRW bn, 2013-19 trend",None,line
"Korea, NGDP, Expenditure, Domestic demand, Private consumption, Household consumption, Domestic final consumption, Goods, SA, KRW bn, 2013-19 trend","Korea, NGDP, Expenditure, Domestic demand, Private consumption, Household consumption, Domestic final consumption, Goods, SA, KRW bn, 2013-19 trend",None,line
"Korea, RGDP, Expenditure, Domestic demand, Gross capital formation, Gross fixed capital formation, Construction, Residential, SA, KRW bn, 2013-19 trend","Korea, RGDP, Expenditure, Domestic demand, Gross capital formation, Gross fixed capital formation, Construction, Residential, SA, KRW bn, 2013-19 trend",None,line
"Korea, RGDP, Expenditure, Domestic demand, Gross capital formation, Gross fixed capital formation, Construction, Non-residential, SA, KRW bn, 2013-19 trend","Korea, RGDP, Expenditure, Domestic demand, Gross capital formation, Gross fixed capital formation, Construction, Non-residential, SA, KRW bn, 2013-19 trend",None,line
"Korea, RGDP, Expenditure, Domestic demand, Gross capital formation, Gross fixed capital formation, Construction, Other buildings and structures, SA, KRW bn, 2013-19 trend","Korea, RGDP, Expenditure, Domestic demand, Gross capital formation, Gross fixed capital formation, Construction, Other buildings and structures, SA, KRW bn, 2013-19 trend",None,line
"Korea, RGDP, Expenditure, Domestic demand, Gross capital formation, Gross fixed capital formation, Transport equipment, SA, KRW bn, 2013-19 trend","Korea, RGDP, Expenditure, Domestic demand, Gross capital formation, Gross fixed capital formation, Transport equipment, SA, KRW bn, 2013-19 trend",None,line
"Korea, RGDP, Expenditure, Domestic demand, Gross capital formation, Gross fixed capital formation, Other machinery and equipment, SA, KRW bn, 2013-19 trend","Korea, RGDP, Expenditure, Domestic demand, Gross capital formation, Gross fixed capital formation, Other machinery and equipment, SA, KRW bn, 2013-19 trend",None,line
"Korea, RGDP, Expenditure, Domestic demand, Private consumption, Household consumption, Domestic final consumption, Goods, SA, KRW bn, 2013-19 trend","Korea, RGDP, Expenditure, Domestic demand, Private consumption, Household consumption, Domestic final consumption, Goods, SA, KRW bn, 2013-19 trend",None,line
"Korea, NGDP, Expenditure, Domestic demand, SA, KRW bn, 2013-19 trend","Korea, NGDP, Expenditure, Domestic demand, SA, KRW bn, 2013-19 trend",None,line
"Korea, NGDP, Expenditure, Domestic demand, Excluding inventories, SA, KRW bn, 2013-19 trend","Korea, NGDP, Expenditure, Domestic demand, Excluding inventories, SA, KRW bn, 2013-19 trend",None,line
"Korea, NGDP, Expenditure, Domestic demand, Private, Excluding inventories, SA, KRW bn, 2013-19 trend","Korea, NGDP, Expenditure, Domestic demand, Private, Excluding inventories, SA, KRW bn, 2013-19 trend",None,line
"Korea, NGDP, Expenditure, Domestic demand, Public, Excluding inventories, SA, KRW bn, 2013-19 trend","Korea, NGDP, Expenditure, Domestic demand, Public, Excluding inventories, SA, KRW bn, 2013-19 trend",None,line
"Korea, RGDP, Expenditure, Domestic demand, SA, KRW bn, 2013-19 trend","Korea, RGDP, Expenditure, Domestic demand, SA, KRW bn, 2013-19 trend",None,line
"Korea, RGDP, Expenditure, Domestic demand, Excluding inventories, SA, KRW bn, 2013-19 trend","Korea, RGDP, Expenditure, Domestic demand, Excluding inventories, SA, KRW bn, 2013-19 trend",None,line
"Korea, RGDP, Expenditure, Domestic demand, Private, Excluding inventories, SA, KRW bn, 2013-19 trend","Korea, RGDP, Expenditure, Domestic demand, Private, Excluding inventories, SA, KRW bn, 2013-19 trend",None,line
"Korea, RGDP, Expenditure, Domestic demand, Public, Excluding inventories, SA, KRW bn, 2013-19 trend","Korea, RGDP, Expenditure, Domestic demand, Public, Excluding inventories, SA, KRW bn, 2013-19 trend",None,line
"Korea, NGDP, Expenditure, Per capita, SA, KRW mn, 2013-19 trend","Korea, NGDP, Expenditure, Per capita, SA, KRW mn, 2013-19 trend",None,line
"Korea, RGDP, Expenditure, Per capita, SA, KRW mn, 2013-19 trend","Korea, RGDP, Expenditure, Per capita, SA, KRW mn, 2013-19 trend",None,line
"Korea, RGDI, Per capita, SA, KRW mn, 2013-19 trend","Korea, RGDI, Per capita, SA, KRW mn, 2013-19 trend",None,line
"Korea, NGDP, Expenditure, Domestic demand, Private consumption, Household consumption, Per capita, SA, KRW mn, 2013-19 trend","Korea, NGDP, Expenditure, Domestic demand, Private consumption, Household consumption, Per capita, SA, KRW mn, 2013-19 trend",None,line
"Korea, NGDP, Expenditure, Domestic demand, Private consumption, Non-profit institutions serving households, Per capita, SA, KRW mn, 2013-19 trend","Korea, NGDP, Expenditure, Domestic demand, Private consumption, Non-profit institutions serving households, Per capita, SA, KRW mn, 2013-19 trend",None,line
"Korea, NGDP, Expenditure, Domestic demand, Private consumption, Per capita, SA, KRW mn, 2013-19 trend","Korea, NGDP, Expenditure, Domestic demand, Private consumption, Per capita, SA, KRW mn, 2013-19 trend",None,line
"Korea, RGDP, Expenditure, Domestic demand, Private consumption, Household consumption, Per capita, SA, KRW mn, 2013-19 trend","Korea, RGDP, Expenditure, Domestic demand, Private consumption, Household consumption, Per capita, SA, KRW mn, 2013-19 trend",None,line
"Korea, RGDP, Expenditure, Domestic demand, Private consumption, Non-profit institutions serving households, Per capita, SA, KRW mn, 2013-19 trend","Korea, RGDP, Expenditure, Domestic demand, Private consumption, Non-profit institutions serving households, Per capita, SA, KRW mn, 2013-19 trend",None,line
"Korea, RGDP, Expenditure, Domestic demand, Private consumption, Per capita, SA, KRW mn, 2013-19 trend","Korea, RGDP, Expenditure, Domestic demand, Private consumption, Per capita, SA, KRW mn, 2013-19 trend",None,line
"Korea, NGDP, Expenditure, Domestic demand, Private consumption, Household consumption, Direct purchases abroad by resident households, Per capita, SA, KRW mn, 2013-19 trend","Korea, NGDP, Expenditure, Domestic demand, Private consumption, Household consumption, Direct purchases abroad by resident households, Per capita, SA, KRW mn, 2013-19 trend",None,line
"Korea, NGDP, Expenditure, Domestic demand, Private consumption, Household consumption, Direct purchases in the domestic market by non-resident households, Per capita, SA, KRW mn, 2013-19 trend","Korea, NGDP, Expenditure, Domestic demand, Private consumption, Household consumption, Direct purchases in the domestic market by non-resident households, Per capita, SA, KRW mn, 2013-19 trend",None,line
"Korea, NGDP, Expenditure, Domestic demand, Private consumption, Household consumption, Domestic final consumption, Durable goods, Per capita, SA, KRW mn, 2013-19 trend","Korea, NGDP, Expenditure, Domestic demand, Private consumption, Household consumption, Domestic final consumption, Durable goods, Per capita, SA, KRW mn, 2013-19 trend",None,line
"Korea, NGDP, Expenditure, Domestic demand, Private consumption, Household consumption, Domestic final consumption, Non-durable goods, Per capita, SA, KRW mn, 2013-19 trend","Korea, NGDP, Expenditure, Domestic demand, Private consumption, Household consumption, Domestic final consumption, Non-durable goods, Per capita, SA, KRW mn, 2013-19 trend",None,line
"Korea, NGDP, Expenditure, Domestic demand, Private consumption, Household consumption, Domestic final consumption, Per capita, SA, KRW mn, 2013-19 trend","Korea, NGDP, Expenditure, Domestic demand, Private consumption, Household consumption, Domestic final consumption, Per capita, SA, KRW mn, 2013-19 trend",None,line
"Korea, NGDP, Expenditure, Domestic demand, Private consumption, Household consumption, Domestic final consumption, Semi-durable goods, Per capita, SA, KRW mn, 2013-19 trend","Korea, NGDP, Expenditure, Domestic demand, Private consumption, Household consumption, Domestic final consumption, Semi-durable goods, Per capita, SA, KRW mn, 2013-19 trend",None,line
"Korea, NGDP, Expenditure, Domestic demand, Private consumption, Household consumption, Domestic final consumption, Services, Per capita, SA, KRW mn, 2013-19 trend","Korea, NGDP, Expenditure, Domestic demand, Private consumption, Household consumption, Domestic final consumption, Services, Per capita, SA, KRW mn, 2013-19 trend",None,line
"Korea, RGDP, Expenditure, Domestic demand, Private consumption, Household consumption, Direct purchases abroad by resident households, Per capita, SA, KRW mn, 2013-19 trend","Korea, RGDP, Expenditure, Domestic demand, Private consumption, Household consumption, Direct purchases abroad by resident households, Per capita, SA, KRW mn, 2013-19 trend",None,line
"Korea, RGDP, Expenditure, Domestic demand, Private consumption, Household consumption, Direct purchases in the domestic market by non-resident households, Per capita, SA, KRW mn, 2013-19 trend","Korea, RGDP, Expenditure, Domestic demand, Private consumption, Household consumption, Direct purchases in the domestic market by non-resident households, Per capita, SA, KRW mn, 2013-19 trend",None,line
"Korea, RGDP, Expenditure, Domestic demand, Private consumption, Household consumption, Domestic final consumption, Durable goods, Per capita, SA, KRW mn, 2013-19 trend","Korea, RGDP, Expenditure, Domestic demand, Private consumption, Household consumption, Domestic final consumption, Durable goods, Per capita, SA, KRW mn, 2013-19 trend",None,line
"Korea, RGDP, Expenditure, Domestic demand, Private consumption, Household consumption, Domestic final consumption, Non-durable goods, Per capita, SA, KRW mn, 2013-19 trend","Korea, RGDP, Expenditure, Domestic demand, Private consumption, Household consumption, Domestic final consumption, Non-durable goods, Per capita, SA, KRW mn, 2013-19 trend",None,line
"Korea, RGDP, Expenditure, Domestic demand, Private consumption, Household consumption, Domestic final consumption, Per capita, SA, KRW mn, 2013-19 trend","Korea, RGDP, Expenditure, Domestic demand, Private consumption, Household consumption, Domestic final consumption, Per capita, SA, KRW mn, 2013-19 trend",None,line
"Korea, RGDP, Expenditure, Domestic demand, Private consumption, Household consumption, Domestic final consumption, Semi-durable goods, Per capita, SA, KRW mn, 2013-19 trend","Korea, RGDP, Expenditure, Domestic demand, Private consumption, Household consumption, Domestic final consumption, Semi-durable goods, Per capita, SA, KRW mn, 2013-19 trend",None,line
"Korea, RGDP, Expenditure, Domestic demand, Private consumption, Household consumption, Domestic final consumption, Services, Per capita, SA, KRW mn, 2013-19 trend","Korea, RGDP, Expenditure, Domestic demand, Private consumption, Household consumption, Domestic final consumption, Services, Per capita, SA, KRW mn, 2013-19 trend",None,line
"Korea, RGDP, ICT sector, Private consumption expenditure, Per capita, SA, KRW mn, 2013-19 trend","Korea, RGDP, ICT sector, Private consumption expenditure, Per capita, SA, KRW mn, 2013-19 trend",None,line
"Korea, NGDP, Expenditure, Domestic demand, Private consumption, Household consumption, Domestic final consumption, Goods, Per capita, SA, KRW mn, 2013-19 trend","Korea, NGDP, Expenditure, Domestic demand, Private consumption, Household consumption, Domestic final consumption, Goods, Per capita, SA, KRW mn, 2013-19 trend",None,line
"Korea, RGDP, Expenditure, Domestic demand, Private consumption, Household consumption, Domestic final consumption, Goods, Per capita, SA, KRW mn, 2013-19 trend","Korea, RGDP, Expenditure, Domestic demand, Private consumption, Household consumption, Domestic final consumption, Goods, Per capita, SA, KRW mn, 2013-19 trend",None,line
"Korea, NGDP, Income, Compensation per worker, SA, KRW mn, 2013-19 trend","Korea, NGDP, Income, Compensation per worker, SA, KRW mn, 2013-19 trend",None,line
"Korea, NGDP, Expenditure, Domestic demand, Final consumption expenditure, SA, KRW bn, Poly 2013-19 trend","Korea, NGDP, Expenditure, Domestic demand, Final consumption expenditure, SA, KRW bn, Poly 2013-19 trend",None,line
"Korea, NGDP, Expenditure, Domestic demand, Government consumption, SA, KRW bn, Poly 2013-19 trend","Korea, NGDP, Expenditure, Domestic demand, Government consumption, SA, KRW bn, Poly 2013-19 trend",None,line
"Korea, NGDP, Expenditure, Domestic demand, Gross capital formation, Gross fixed capital formation, Buildings and structures, SA, KRW bn, Poly 2013-19 trend","Korea, NGDP, Expenditure, Domestic demand, Gross capital formation, Gross fixed capital formation, Buildings and structures, SA, KRW bn, Poly 2013-19 trend",None,line
"Korea, NGDP, Expenditure, Domestic demand, Gross capital formation, Gross fixed capital formation, Facilities investment, SA, KRW bn, Poly 2013-19 trend","Korea, NGDP, Expenditure, Domestic demand, Gross capital formation, Gross fixed capital formation, Facilities investment, SA, KRW bn, Poly 2013-19 trend",None,line
"Korea, NGDP, Expenditure, Domestic demand, Gross capital formation, Gross fixed capital formation, Public, SA, KRW bn, Poly 2013-19 trend","Korea, NGDP, Expenditure, Domestic demand, Gross capital formation, Gross fixed capital formation, Public, SA, KRW bn, Poly 2013-19 trend",None,line
"Korea, NGDP, Expenditure, Domestic demand, Gross capital formation, Gross fixed capital formation, Intellectual property products, SA, KRW bn, Poly 2013-19 trend","Korea, NGDP, Expenditure, Domestic demand, Gross capital formation, Gross fixed capital formation, Intellectual property products, SA, KRW bn, Poly 2013-19 trend",None,line
"Korea, NGDP, Expenditure, Domestic demand, Gross capital formation, Gross fixed capital formation, Private, SA, KRW bn, Poly 2013-19 trend","Korea, NGDP, Expenditure, Domestic demand, Gross capital formation, Gross fixed capital formation, Private, SA, KRW bn, Poly 2013-19 trend",None,line
"Korea, NGDP, Expenditure, Domestic demand, Gross capital formation, Gross fixed capital formation, SA, KRW bn, Poly 2013-19 trend","Korea, NGDP, Expenditure, Domestic demand, Gross capital formation, Gross fixed capital formation, SA, KRW bn, Poly 2013-19 trend",None,line
"Korea, NGDP, Expenditure, Domestic demand, Gross capital formation, Inventories, SA, KRW bn, Poly 2013-19 trend","Korea, NGDP, Expenditure, Domestic demand, Gross capital formation, Inventories, SA, KRW bn, Poly 2013-19 trend",None,line
"Korea, NGDP, Expenditure, Domestic demand, Gross capital formation, SA, KRW bn, Poly 2013-19 trend","Korea, NGDP, Expenditure, Domestic demand, Gross capital formation, SA, KRW bn, Poly 2013-19 trend",None,line
"Korea, NGDP, Expenditure, Domestic demand, Private consumption, Household consumption, SA, KRW bn, Poly 2013-19 trend","Korea, NGDP, Expenditure, Domestic demand, Private consumption, Household consumption, SA, KRW bn, Poly 2013-19 trend",None,line
"Korea, NGDP, Expenditure, Domestic demand, Private consumption, Non-profit institutions serving households, SA, KRW bn, Poly 2013-19 trend","Korea, NGDP, Expenditure, Domestic demand, Private consumption, Non-profit institutions serving households, SA, KRW bn, Poly 2013-19 trend",None,line
"Korea, NGDP, Expenditure, Domestic demand, Private consumption, SA, KRW bn, Poly 2013-19 trend","Korea, NGDP, Expenditure, Domestic demand, Private consumption, SA, KRW bn, Poly 2013-19 trend",None,line
"Korea, NGDP, Expenditure, GDP, SA, KRW bn, Poly 2013-19 trend","Korea, NGDP, Expenditure, GDP, SA, KRW bn, Poly 2013-19 trend",None,line
"Korea, NGDP, Expenditure, Net exports of goods and services, Exports of goods and services, Goods, SA, KRW bn, Poly 2013-19 trend","Korea, NGDP, Expenditure, Net exports of goods and services, Exports of goods and services, Goods, SA, KRW bn, Poly 2013-19 trend",None,line
"Korea, NGDP, Expenditure, Net exports of goods and services, Exports of goods and services, SA, KRW bn, Poly 2013-19 trend","Korea, NGDP, Expenditure, Net exports of goods and services, Exports of goods and services, SA, KRW bn, Poly 2013-19 trend",None,line
"Korea, NGDP, Expenditure, Net exports of goods and services, Exports of goods and services, Services, SA, KRW bn, Poly 2013-19 trend","Korea, NGDP, Expenditure, Net exports of goods and services, Exports of goods and services, Services, SA, KRW bn, Poly 2013-19 trend",None,line
"Korea, NGDP, Expenditure, Net exports of goods and services, Imports of goods and services, Goods, SA, KRW bn, Poly 2013-19 trend","Korea, NGDP, Expenditure, Net exports of goods and services, Imports of goods and services, Goods, SA, KRW bn, Poly 2013-19 trend",None,line
"Korea, NGDP, Expenditure, Net exports of goods and services, Imports of goods and services, SA, KRW bn, Poly 2013-19 trend","Korea, NGDP, Expenditure, Net exports of goods and services, Imports of goods and services, SA, KRW bn, Poly 2013-19 trend",None,line
"Korea, NGDP, Expenditure, Net exports of goods and services, Imports of goods and services, Services, SA, KRW bn, Poly 2013-19 trend","Korea, NGDP, Expenditure, Net exports of goods and services, Imports of goods and services, Services, SA, KRW bn, Poly 2013-19 trend",None,line
"Korea, NGDP, Expenditure, SA, KRW bn, Poly 2013-19 trend","Korea, NGDP, Expenditure, SA, KRW bn, Poly 2013-19 trend",None,line
"Korea, NGDP, Expenditure, Statistical discrepancy, SA, KRW bn, Poly 2013-19 trend","Korea, NGDP, Expenditure, Statistical discrepancy, SA, KRW bn, Poly 2013-19 trend",None,line
"Korea, NGDP, Income, Compensation of employees, SA, KRW bn, Poly 2013-19 trend","Korea, NGDP, Income, Compensation of employees, SA, KRW bn, Poly 2013-19 trend",None,line
"Korea, NGDP, Income, Gross operating surplus, SA, KRW bn, Poly 2013-19 trend","Korea, NGDP, Income, Gross operating surplus, SA, KRW bn, Poly 2013-19 trend",None,line
"Korea, NGDP, Income, SA, KRW bn, Poly 2013-19 trend","Korea, NGDP, Income, SA, KRW bn, Poly 2013-19 trend",None,line
"Korea, NGDP, Income, Taxes on production and imports less subsidies, SA, KRW bn, Poly 2013-19 trend","Korea, NGDP, Income, Taxes on production and imports less subsidies, SA, KRW bn, Poly 2013-19 trend",None,line
"Korea, RGDP, Expenditure, Domestic demand, Final consumption expenditure, SA, KRW bn, Poly 2013-19 trend","Korea, RGDP, Expenditure, Domestic demand, Final consumption expenditure, SA, KRW bn, Poly 2013-19 trend",None,line
"Korea, RGDP, Expenditure, Domestic demand, Government consumption, SA, KRW bn, Poly 2013-19 trend","Korea, RGDP, Expenditure, Domestic demand, Government consumption, SA, KRW bn, Poly 2013-19 trend",None,line
"Korea, RGDP, Expenditure, Domestic demand, Gross capital formation, Gross fixed capital formation, Buildings and structures, SA, KRW bn, Poly 2013-19 trend","Korea, RGDP, Expenditure, Domestic demand, Gross capital formation, Gross fixed capital formation, Buildings and structures, SA, KRW bn, Poly 2013-19 trend",None,line
"Korea, RGDP, Expenditure, Domestic demand, Gross capital formation, Gross fixed capital formation, Facilities investment, SA, KRW bn, Poly 2013-19 trend","Korea, RGDP, Expenditure, Domestic demand, Gross capital formation, Gross fixed capital formation, Facilities investment, SA, KRW bn, Poly 2013-19 trend",None,line
"Korea, RGDP, Expenditure, Domestic demand, Gross capital formation, Gross fixed capital formation, Public, SA, KRW bn, Poly 2013-19 trend","Korea, RGDP, Expenditure, Domestic demand, Gross capital formation, Gross fixed capital formation, Public, SA, KRW bn, Poly 2013-19 trend",None,line
"Korea, RGDP, Expenditure, Domestic demand, Gross capital formation, Gross fixed capital formation, Intellectual property products, SA, KRW bn, Poly 2013-19 trend","Korea, RGDP, Expenditure, Domestic demand, Gross capital formation, Gross fixed capital formation, Intellectual property products, SA, KRW bn, Poly 2013-19 trend",None,line
"Korea, RGDP, Expenditure, Domestic demand, Gross capital formation, Gross fixed capital formation, Private, SA, KRW bn, Poly 2013-19 trend","Korea, RGDP, Expenditure, Domestic demand, Gross capital formation, Gross fixed capital formation, Private, SA, KRW bn, Poly 2013-19 trend",None,line
"Korea, RGDP, Expenditure, Domestic demand, Gross capital formation, Gross fixed capital formation, SA, KRW bn, Poly 2013-19 trend","Korea, RGDP, Expenditure, Domestic demand, Gross capital formation, Gross fixed capital formation, SA, KRW bn, Poly 2013-19 trend",None,line
"Korea, RGDP, Expenditure, Domestic demand, Gross capital formation, Inventories, SA, KRW bn, Poly 2013-19 trend","Korea, RGDP, Expenditure, Domestic demand, Gross capital formation, Inventories, SA, KRW bn, Poly 2013-19 trend",None,line
"Korea, RGDP, Expenditure, Domestic demand, Gross capital formation, SA, KRW bn, Poly 2013-19 trend","Korea, RGDP, Expenditure, Domestic demand, Gross capital formation, SA, KRW bn, Poly 2013-19 trend",None,line
"Korea, RGDP, Expenditure, Domestic demand, Private consumption, Household consumption, SA, KRW bn, Poly 2013-19 trend","Korea, RGDP, Expenditure, Domestic demand, Private consumption, Household consumption, SA, KRW bn, Poly 2013-19 trend",None,line
"Korea, RGDP, Expenditure, Domestic demand, Private consumption, Non-profit institutions serving households, SA, KRW bn, Poly 2013-19 trend","Korea, RGDP, Expenditure, Domestic demand, Private consumption, Non-profit institutions serving households, SA, KRW bn, Poly 2013-19 trend",None,line
"Korea, RGDP, Expenditure, Domestic demand, Private consumption, SA, KRW bn, Poly 2013-19 trend","Korea, RGDP, Expenditure, Domestic demand, Private consumption, SA, KRW bn, Poly 2013-19 trend",None,line
"Korea, RGDP, Expenditure, Net exports of goods and services, Exports of goods and services, Goods, SA, KRW bn, Poly 2013-19 trend","Korea, RGDP, Expenditure, Net exports of goods and services, Exports of goods and services, Goods, SA, KRW bn, Poly 2013-19 trend",None,line
"Korea, RGDP, Expenditure, Net exports of goods and services, Exports of goods and services, SA, KRW bn, Poly 2013-19 trend","Korea, RGDP, Expenditure, Net exports of goods and services, Exports of goods and services, SA, KRW bn, Poly 2013-19 trend",None,line
"Korea, RGDP, Expenditure, Net exports of goods and services, Exports of goods and services, Services, SA, KRW bn, Poly 2013-19 trend","Korea, RGDP, Expenditure, Net exports of goods and services, Exports of goods and services, Services, SA, KRW bn, Poly 2013-19 trend",None,line
"Korea, RGDP, Expenditure, Net exports of goods and services, Imports of goods and services, Goods, SA, KRW bn, Poly 2013-19 trend","Korea, RGDP, Expenditure, Net exports of goods and services, Imports of goods and services, Goods, SA, KRW bn, Poly 2013-19 trend",None,line
"Korea, RGDP, Expenditure, Net exports of goods and services, Imports of goods and services, SA, KRW bn, Poly 2013-19 trend","Korea, RGDP, Expenditure, Net exports of goods and services, Imports of goods and services, SA, KRW bn, Poly 2013-19 trend",None,line
"Korea, RGDP, Expenditure, Net exports of goods and services, Imports of goods and services, Services, SA, KRW bn, Poly 2013-19 trend","Korea, RGDP, Expenditure, Net exports of goods and services, Imports of goods and services, Services, SA, KRW bn, Poly 2013-19 trend",None,line
"Korea, RGDP, Expenditure, SA, KRW bn, Poly 2013-19 trend","Korea, RGDP, Expenditure, SA, KRW bn, Poly 2013-19 trend",None,line
"Korea, RGDP, Expenditure, Statistical discrepancy, SA, KRW bn, Poly 2013-19 trend","Korea, RGDP, Expenditure, Statistical discrepancy, SA, KRW bn, Poly 2013-19 trend",None,line
"Korea, NGDP, Expenditure, Domestic demand, Gross capital formation, Gross fixed capital formation, Construction, Building construction, Non-residential buildings, SA, KRW bn, Poly 2013-19 trend","Korea, NGDP, Expenditure, Domestic demand, Gross capital formation, Gross fixed capital formation, Construction, Building construction, Non-residential buildings, SA, KRW bn, Poly 2013-19 trend",None,line
"Korea, NGDP, Expenditure, Domestic demand, Gross capital formation, Gross fixed capital formation, Construction, Building construction, Residential, SA, KRW bn, Poly 2013-19 trend","Korea, NGDP, Expenditure, Domestic demand, Gross capital formation, Gross fixed capital formation, Construction, Building construction, Residential, SA, KRW bn, Poly 2013-19 trend",None,line
"Korea, NGDP, Expenditure, Domestic demand, Gross capital formation, Gross fixed capital formation, Construction, Building construction, SA, KRW bn, Poly 2013-19 trend","Korea, NGDP, Expenditure, Domestic demand, Gross capital formation, Gross fixed capital formation, Construction, Building construction, SA, KRW bn, Poly 2013-19 trend",None,line
"Korea, NGDP, Expenditure, Domestic demand, Gross capital formation, Gross fixed capital formation, Construction, Civil engineering, SA, KRW bn, Poly 2013-19 trend","Korea, NGDP, Expenditure, Domestic demand, Gross capital formation, Gross fixed capital formation, Construction, Civil engineering, SA, KRW bn, Poly 2013-19 trend",None,line
"Korea, NGDP, Expenditure, Domestic demand, Gross capital formation, Gross fixed capital formation, Construction, SA, KRW bn, Poly 2013-19 trend","Korea, NGDP, Expenditure, Domestic demand, Gross capital formation, Gross fixed capital formation, Construction, SA, KRW bn, Poly 2013-19 trend",None,line
"Korea, NGDP, Expenditure, Domestic demand, Gross capital formation, Gross fixed capital formation, Facilities investment, Other machinery and equipment, SA, KRW bn, Poly 2013-19 trend","Korea, NGDP, Expenditure, Domestic demand, Gross capital formation, Gross fixed capital formation, Facilities investment, Other machinery and equipment, SA, KRW bn, Poly 2013-19 trend",None,line
"Korea, NGDP, Expenditure, Domestic demand, Gross capital formation, Gross fixed capital formation, Facilities investment, Transport equipment, SA, KRW bn, Poly 2013-19 trend","Korea, NGDP, Expenditure, Domestic demand, Gross capital formation, Gross fixed capital formation, Facilities investment, Transport equipment, SA, KRW bn, Poly 2013-19 trend",None,line
"Korea, NGDP, Expenditure, Domestic demand, Gross capital formation, Gross fixed capital formation, Intellectual property products, Other intellectual property products, SA, KRW bn, Poly 2013-19 trend","Korea, NGDP, Expenditure, Domestic demand, Gross capital formation, Gross fixed capital formation, Intellectual property products, Other intellectual property products, SA, KRW bn, Poly 2013-19 trend",None,line
"Korea, NGDP, Expenditure, Domestic demand, Gross capital formation, Gross fixed capital formation, Intellectual property products, Research and development, SA, KRW bn, Poly 2013-19 trend","Korea, NGDP, Expenditure, Domestic demand, Gross capital formation, Gross fixed capital formation, Intellectual property products, Research and development, SA, KRW bn, Poly 2013-19 trend",None,line
"Korea, NGDP, Expenditure, Domestic demand, Private consumption, Household consumption, Direct purchases abroad by resident households, SA, KRW bn, Poly 2013-19 trend","Korea, NGDP, Expenditure, Domestic demand, Private consumption, Household consumption, Direct purchases abroad by resident households, SA, KRW bn, Poly 2013-19 trend",None,line
"Korea, NGDP, Expenditure, Domestic demand, Private consumption, Household consumption, Direct purchases in the domestic market by non-resident households, SA, KRW bn, Poly 2013-19 trend","Korea, NGDP, Expenditure, Domestic demand, Private consumption, Household consumption, Direct purchases in the domestic market by non-resident households, SA, KRW bn, Poly 2013-19 trend",None,line
"Korea, NGDP, Expenditure, Domestic demand, Private consumption, Household consumption, Domestic final consumption, Durable goods, SA, KRW bn, Poly 2013-19 trend","Korea, NGDP, Expenditure, Domestic demand, Private consumption, Household consumption, Domestic final consumption, Durable goods, SA, KRW bn, Poly 2013-19 trend",None,line
"Korea, NGDP, Expenditure, Domestic demand, Private consumption, Household consumption, Domestic final consumption, Non-durable goods, SA, KRW bn, Poly 2013-19 trend","Korea, NGDP, Expenditure, Domestic demand, Private consumption, Household consumption, Domestic final consumption, Non-durable goods, SA, KRW bn, Poly 2013-19 trend",None,line
"Korea, NGDP, Expenditure, Domestic demand, Private consumption, Household consumption, Domestic final consumption, SA, KRW bn, Poly 2013-19 trend","Korea, NGDP, Expenditure, Domestic demand, Private consumption, Household consumption, Domestic final consumption, SA, KRW bn, Poly 2013-19 trend",None,line
"Korea, NGDP, Expenditure, Domestic demand, Private consumption, Household consumption, Domestic final consumption, Semi-durable goods, SA, KRW bn, Poly 2013-19 trend","Korea, NGDP, Expenditure, Domestic demand, Private consumption, Household consumption, Domestic final consumption, Semi-durable goods, SA, KRW bn, Poly 2013-19 trend",None,line
"Korea, NGDP, Expenditure, Domestic demand, Private consumption, Household consumption, Domestic final consumption, Services, SA, KRW bn, Poly 2013-19 trend","Korea, NGDP, Expenditure, Domestic demand, Private consumption, Household consumption, Domestic final consumption, Services, SA, KRW bn, Poly 2013-19 trend",None,line
"Korea, RGDP, Expenditure, Domestic demand, Gross capital formation, Gross fixed capital formation, Construction, Building construction, Non-residential buildings, SA, KRW bn, Poly 2013-19 trend","Korea, RGDP, Expenditure, Domestic demand, Gross capital formation, Gross fixed capital formation, Construction, Building construction, Non-residential buildings, SA, KRW bn, Poly 2013-19 trend",None,line
"Korea, RGDP, Expenditure, Domestic demand, Gross capital formation, Gross fixed capital formation, Construction, Building construction, Residential, SA, KRW bn, Poly 2013-19 trend","Korea, RGDP, Expenditure, Domestic demand, Gross capital formation, Gross fixed capital formation, Construction, Building construction, Residential, SA, KRW bn, Poly 2013-19 trend",None,line
"Korea, RGDP, Expenditure, Domestic demand, Gross capital formation, Gross fixed capital formation, Construction, Building construction, SA, KRW bn, Poly 2013-19 trend","Korea, RGDP, Expenditure, Domestic demand, Gross capital formation, Gross fixed capital formation, Construction, Building construction, SA, KRW bn, Poly 2013-19 trend",None,line
"Korea, RGDP, Expenditure, Domestic demand, Gross capital formation, Gross fixed capital formation, Construction, Civil engineering, SA, KRW bn, Poly 2013-19 trend","Korea, RGDP, Expenditure, Domestic demand, Gross capital formation, Gross fixed capital formation, Construction, Civil engineering, SA, KRW bn, Poly 2013-19 trend",None,line
"Korea, RGDP, Expenditure, Domestic demand, Gross capital formation, Gross fixed capital formation, Construction, SA, KRW bn, Poly 2013-19 trend","Korea, RGDP, Expenditure, Domestic demand, Gross capital formation, Gross fixed capital formation, Construction, SA, KRW bn, Poly 2013-19 trend",None,line
"Korea, RGDP, Expenditure, Domestic demand, Gross capital formation, Gross fixed capital formation, Facilities investment, Other machinery and equipment, SA, KRW bn, Poly 2013-19 trend","Korea, RGDP, Expenditure, Domestic demand, Gross capital formation, Gross fixed capital formation, Facilities investment, Other machinery and equipment, SA, KRW bn, Poly 2013-19 trend",None,line
"Korea, RGDP, Expenditure, Domestic demand, Gross capital formation, Gross fixed capital formation, Facilities investment, Transport equipment, SA, KRW bn, Poly 2013-19 trend","Korea, RGDP, Expenditure, Domestic demand, Gross capital formation, Gross fixed capital formation, Facilities investment, Transport equipment, SA, KRW bn, Poly 2013-19 trend",None,line
"Korea, RGDP, Expenditure, Domestic demand, Gross capital formation, Gross fixed capital formation, Intellectual property products, Other intellectual property products, SA, KRW bn, Poly 2013-19 trend","Korea, RGDP, Expenditure, Domestic demand, Gross capital formation, Gross fixed capital formation, Intellectual property products, Other intellectual property products, SA, KRW bn, Poly 2013-19 trend",None,line
"Korea, RGDP, Expenditure, Domestic demand, Gross capital formation, Gross fixed capital formation, Intellectual property products, Research and development, SA, KRW bn, Poly 2013-19 trend","Korea, RGDP, Expenditure, Domestic demand, Gross capital formation, Gross fixed capital formation, Intellectual property products, Research and development, SA, KRW bn, Poly 2013-19 trend",None,line
"Korea, RGDP, Expenditure, Domestic demand, Private consumption, Household consumption, Direct purchases abroad by resident households, SA, KRW bn, Poly 2013-19 trend","Korea, RGDP, Expenditure, Domestic demand, Private consumption, Household consumption, Direct purchases abroad by resident households, SA, KRW bn, Poly 2013-19 trend",None,line
"Korea, RGDP, Expenditure, Domestic demand, Private consumption, Household consumption, Direct purchases in the domestic market by non-resident households, SA, KRW bn, Poly 2013-19 trend","Korea, RGDP, Expenditure, Domestic demand, Private consumption, Household consumption, Direct purchases in the domestic market by non-resident households, SA, KRW bn, Poly 2013-19 trend",None,line
"Korea, RGDP, Expenditure, Domestic demand, Private consumption, Household consumption, Domestic final consumption, Durable goods, SA, KRW bn, Poly 2013-19 trend","Korea, RGDP, Expenditure, Domestic demand, Private consumption, Household consumption, Domestic final consumption, Durable goods, SA, KRW bn, Poly 2013-19 trend",None,line
"Korea, RGDP, Expenditure, Domestic demand, Private consumption, Household consumption, Domestic final consumption, Non-durable goods, SA, KRW bn, Poly 2013-19 trend","Korea, RGDP, Expenditure, Domestic demand, Private consumption, Household consumption, Domestic final consumption, Non-durable goods, SA, KRW bn, Poly 2013-19 trend",None,line
"Korea, RGDP, Expenditure, Domestic demand, Private consumption, Household consumption, Domestic final consumption, SA, KRW bn, Poly 2013-19 trend","Korea, RGDP, Expenditure, Domestic demand, Private consumption, Household consumption, Domestic final consumption, SA, KRW bn, Poly 2013-19 trend",None,line
"Korea, RGDP, Expenditure, Domestic demand, Private consumption, Household consumption, Domestic final consumption, Semi-durable goods, SA, KRW bn, Poly 2013-19 trend","Korea, RGDP, Expenditure, Domestic demand, Private consumption, Household consumption, Domestic final consumption, Semi-durable goods, SA, KRW bn, Poly 2013-19 trend",None,line
"Korea, RGDP, Expenditure, Domestic demand, Private consumption, Household consumption, Domestic final consumption, Services, SA, KRW bn, Poly 2013-19 trend","Korea, RGDP, Expenditure, Domestic demand, Private consumption, Household consumption, Domestic final consumption, Services, SA, KRW bn, Poly 2013-19 trend",None,line
"Korea, RGDI, SA, KRW bn, Poly 2013-19 trend","Korea, RGDI, SA, KRW bn, Poly 2013-19 trend",None,line
"Korea, RGDP, Trading gains, SA, KRW bn, Poly 2013-19 trend","Korea, RGDP, Trading gains, SA, KRW bn, Poly 2013-19 trend",None,line
"Korea, RGDP, ICT sector, Exports of goods, SA, KRW bn, Poly 2013-19 trend","Korea, RGDP, ICT sector, Exports of goods, SA, KRW bn, Poly 2013-19 trend",None,line
"Korea, RGDP, ICT sector, Imports of goods, SA, KRW bn, Poly 2013-19 trend","Korea, RGDP, ICT sector, Imports of goods, SA, KRW bn, Poly 2013-19 trend",None,line
"Korea, RGDP, ICT sector, Machinery and equipment investment, SA, KRW bn, Poly 2013-19 trend","Korea, RGDP, ICT sector, Machinery and equipment investment, SA, KRW bn, Poly 2013-19 trend",None,line
"Korea, RGDP, ICT sector, Private consumption expenditure, SA, KRW bn, Poly 2013-19 trend","Korea, RGDP, ICT sector, Private consumption expenditure, SA, KRW bn, Poly 2013-19 trend",None,line
"Korea, NGDP, GNI, SA, KRW bn, Poly 2013-19 trend","Korea, NGDP, GNI, SA, KRW bn, Poly 2013-19 trend",None,line
"Korea, RGDP, GNI, SA, KRW bn, Poly 2013-19 trend","Korea, RGDP, GNI, SA, KRW bn, Poly 2013-19 trend",None,line
"Korea, NGDP, Expenditure, Domestic demand, Gross capital formation, Gross fixed capital formation, Construction, Residential, SA, KRW bn, Poly 2013-19 trend","Korea, NGDP, Expenditure, Domestic demand, Gross capital formation, Gross fixed capital formation, Construction, Residential, SA, KRW bn, Poly 2013-19 trend",None,line
"Korea, NGDP, Expenditure, Domestic demand, Gross capital formation, Gross fixed capital formation, Construction, Non-residential, SA, KRW bn, Poly 2013-19 trend","Korea, NGDP, Expenditure, Domestic demand, Gross capital formation, Gross fixed capital formation, Construction, Non-residential, SA, KRW bn, Poly 2013-19 trend",None,line
"Korea, NGDP, Expenditure, Domestic demand, Gross capital formation, Gross fixed capital formation, Construction, Other buildings and structures, SA, KRW bn, Poly 2013-19 trend","Korea, NGDP, Expenditure, Domestic demand, Gross capital formation, Gross fixed capital formation, Construction, Other buildings and structures, SA, KRW bn, Poly 2013-19 trend",None,line
"Korea, NGDP, Expenditure, Domestic demand, Gross capital formation, Gross fixed capital formation, Transport equipment, SA, KRW bn, Poly 2013-19 trend","Korea, NGDP, Expenditure, Domestic demand, Gross capital formation, Gross fixed capital formation, Transport equipment, SA, KRW bn, Poly 2013-19 trend",None,line
"Korea, NGDP, Expenditure, Domestic demand, Gross capital formation, Gross fixed capital formation, Other machinery and equipment, SA, KRW bn, Poly 2013-19 trend","Korea, NGDP, Expenditure, Domestic demand, Gross capital formation, Gross fixed capital formation, Other machinery and equipment, SA, KRW bn, Poly 2013-19 trend",None,line
"Korea, NGDP, Expenditure, Domestic demand, Private consumption, Household consumption, Domestic final consumption, Goods, SA, KRW bn, Poly 2013-19 trend","Korea, NGDP, Expenditure, Domestic demand, Private consumption, Household consumption, Domestic final consumption, Goods, SA, KRW bn, Poly 2013-19 trend",None,line
"Korea, RGDP, Expenditure, Domestic demand, Gross capital formation, Gross fixed capital formation, Construction, Residential, SA, KRW bn, Poly 2013-19 trend","Korea, RGDP, Expenditure, Domestic demand, Gross capital formation, Gross fixed capital formation, Construction, Residential, SA, KRW bn, Poly 2013-19 trend",None,line
"Korea, RGDP, Expenditure, Domestic demand, Gross capital formation, Gross fixed capital formation, Construction, Non-residential, SA, KRW bn, Poly 2013-19 trend","Korea, RGDP, Expenditure, Domestic demand, Gross capital formation, Gross fixed capital formation, Construction, Non-residential, SA, KRW bn, Poly 2013-19 trend",None,line
"Korea, RGDP, Expenditure, Domestic demand, Gross capital formation, Gross fixed capital formation, Construction, Other buildings and structures, SA, KRW bn, Poly 2013-19 trend","Korea, RGDP, Expenditure, Domestic demand, Gross capital formation, Gross fixed capital formation, Construction, Other buildings and structures, SA, KRW bn, Poly 2013-19 trend",None,line
"Korea, RGDP, Expenditure, Domestic demand, Gross capital formation, Gross fixed capital formation, Transport equipment, SA, KRW bn, Poly 2013-19 trend","Korea, RGDP, Expenditure, Domestic demand, Gross capital formation, Gross fixed capital formation, Transport equipment, SA, KRW bn, Poly 2013-19 trend",None,line
"Korea, RGDP, Expenditure, Domestic demand, Gross capital formation, Gross fixed capital formation, Other machinery and equipment, SA, KRW bn, Poly 2013-19 trend","Korea, RGDP, Expenditure, Domestic demand, Gross capital formation, Gross fixed capital formation, Other machinery and equipment, SA, KRW bn, Poly 2013-19 trend",None,line
"Korea, RGDP, Expenditure, Domestic demand, Private consumption, Household consumption, Domestic final consumption, Goods, SA, KRW bn, Poly 2013-19 trend","Korea, RGDP, Expenditure, Domestic demand, Private consumption, Household consumption, Domestic final consumption, Goods, SA, KRW bn, Poly 2013-19 trend",None,line
"Korea, NGDP, Expenditure, Domestic demand, SA, KRW bn, Poly 2013-19 trend","Korea, NGDP, Expenditure, Domestic demand, SA, KRW bn, Poly 2013-19 trend",None,line
"Korea, NGDP, Expenditure, Domestic demand, Excluding inventories, SA, KRW bn, Poly 2013-19 trend","Korea, NGDP, Expenditure, Domestic demand, Excluding inventories, SA, KRW bn, Poly 2013-19 trend",None,line
"Korea, NGDP, Expenditure, Domestic demand, Private, Excluding inventories, SA, KRW bn, Poly 2013-19 trend","Korea, NGDP, Expenditure, Domestic demand, Private, Excluding inventories, SA, KRW bn, Poly 2013-19 trend",None,line
"Korea, NGDP, Expenditure, Domestic demand, Public, Excluding inventories, SA, KRW bn, Poly 2013-19 trend","Korea, NGDP, Expenditure, Domestic demand, Public, Excluding inventories, SA, KRW bn, Poly 2013-19 trend",None,line
"Korea, RGDP, Expenditure, Domestic demand, SA, KRW bn, Poly 2013-19 trend","Korea, RGDP, Expenditure, Domestic demand, SA, KRW bn, Poly 2013-19 trend",None,line
"Korea, RGDP, Expenditure, Domestic demand, Excluding inventories, SA, KRW bn, Poly 2013-19 trend","Korea, RGDP, Expenditure, Domestic demand, Excluding inventories, SA, KRW bn, Poly 2013-19 trend",None,line
"Korea, RGDP, Expenditure, Domestic demand, Private, Excluding inventories, SA, KRW bn, Poly 2013-19 trend","Korea, RGDP, Expenditure, Domestic demand, Private, Excluding inventories, SA, KRW bn, Poly 2013-19 trend",None,line
"Korea, RGDP, Expenditure, Domestic demand, Public, Excluding inventories, SA, KRW bn, Poly 2013-19 trend","Korea, RGDP, Expenditure, Domestic demand, Public, Excluding inventories, SA, KRW bn, Poly 2013-19 trend",None,line
"Korea, NGDP, Expenditure, Per capita, SA, KRW mn, Poly 2013-19 trend","Korea, NGDP, Expenditure, Per capita, SA, KRW mn, Poly 2013-19 trend",None,line
"Korea, RGDP, Expenditure, Per capita, SA, KRW mn, Poly 2013-19 trend","Korea, RGDP, Expenditure, Per capita, SA, KRW mn, Poly 2013-19 trend",None,line
"Korea, RGDI, Per capita, SA, KRW mn, Poly 2013-19 trend","Korea, RGDI, Per capita, SA, KRW mn, Poly 2013-19 trend",None,line
"Korea, NGDP, Expenditure, Domestic demand, Private consumption, Household consumption, Per capita, SA, KRW mn, Poly 2013-19 trend","Korea, NGDP, Expenditure, Domestic demand, Private consumption, Household consumption, Per capita, SA, KRW mn, Poly 2013-19 trend",None,line
"Korea, NGDP, Expenditure, Domestic demand, Private consumption, Non-profit institutions serving households, Per capita, SA, KRW mn, Poly 2013-19 trend","Korea, NGDP, Expenditure, Domestic demand, Private consumption, Non-profit institutions serving households, Per capita, SA, KRW mn, Poly 2013-19 trend",None,line
"Korea, NGDP, Expenditure, Domestic demand, Private consumption, Per capita, SA, KRW mn, Poly 2013-19 trend","Korea, NGDP, Expenditure, Domestic demand, Private consumption, Per capita, SA, KRW mn, Poly 2013-19 trend",None,line
"Korea, RGDP, Expenditure, Domestic demand, Private consumption, Household consumption, Per capita, SA, KRW mn, Poly 2013-19 trend","Korea, RGDP, Expenditure, Domestic demand, Private consumption, Household consumption, Per capita, SA, KRW mn, Poly 2013-19 trend",None,line
"Korea, RGDP, Expenditure, Domestic demand, Private consumption, Non-profit institutions serving households, Per capita, SA, KRW mn, Poly 2013-19 trend","Korea, RGDP, Expenditure, Domestic demand, Private consumption, Non-profit institutions serving households, Per capita, SA, KRW mn, Poly 2013-19 trend",None,line
"Korea, RGDP, Expenditure, Domestic demand, Private consumption, Per capita, SA, KRW mn, Poly 2013-19 trend","Korea, RGDP, Expenditure, Domestic demand, Private consumption, Per capita, SA, KRW mn, Poly 2013-19 trend",None,line
"Korea, NGDP, Expenditure, Domestic demand, Private consumption, Household consumption, Direct purchases abroad by resident households, Per capita, SA, KRW mn, Poly 2013-19 trend","Korea, NGDP, Expenditure, Domestic demand, Private consumption, Household consumption, Direct purchases abroad by resident households, Per capita, SA, KRW mn, Poly 2013-19 trend",None,line
"Korea, NGDP, Expenditure, Domestic demand, Private consumption, Household consumption, Direct purchases in the domestic market by non-resident households, Per capita, SA, KRW mn, Poly 2013-19 trend","Korea, NGDP, Expenditure, Domestic demand, Private consumption, Household consumption, Direct purchases in the domestic market by non-resident households, Per capita, SA, KRW mn, Poly 2013-19 trend",None,line
"Korea, NGDP, Expenditure, Domestic demand, Private consumption, Household consumption, Domestic final consumption, Durable goods, Per capita, SA, KRW mn, Poly 2013-19 trend","Korea, NGDP, Expenditure, Domestic demand, Private consumption, Household consumption, Domestic final consumption, Durable goods, Per capita, SA, KRW mn, Poly 2013-19 trend",None,line
"Korea, NGDP, Expenditure, Domestic demand, Private consumption, Household consumption, Domestic final consumption, Non-durable goods, Per capita, SA, KRW mn, Poly 2013-19 trend","Korea, NGDP, Expenditure, Domestic demand, Private consumption, Household consumption, Domestic final consumption, Non-durable goods, Per capita, SA, KRW mn, Poly 2013-19 trend",None,line
"Korea, NGDP, Expenditure, Domestic demand, Private consumption, Household consumption, Domestic final consumption, Per capita, SA, KRW mn, Poly 2013-19 trend","Korea, NGDP, Expenditure, Domestic demand, Private consumption, Household consumption, Domestic final consumption, Per capita, SA, KRW mn, Poly 2013-19 trend",None,line
"Korea, NGDP, Expenditure, Domestic demand, Private consumption, Household consumption, Domestic final consumption, Semi-durable goods, Per capita, SA, KRW mn, Poly 2013-19 trend","Korea, NGDP, Expenditure, Domestic demand, Private consumption, Household consumption, Domestic final consumption, Semi-durable goods, Per capita, SA, KRW mn, Poly 2013-19 trend",None,line
"Korea, NGDP, Expenditure, Domestic demand, Private consumption, Household consumption, Domestic final consumption, Services, Per capita, SA, KRW mn, Poly 2013-19 trend","Korea, NGDP, Expenditure, Domestic demand, Private consumption, Household consumption, Domestic final consumption, Services, Per capita, SA, KRW mn, Poly 2013-19 trend",None,line
"Korea, RGDP, Expenditure, Domestic demand, Private consumption, Household consumption, Direct purchases abroad by resident households, Per capita, SA, KRW mn, Poly 2013-19 trend","Korea, RGDP, Expenditure, Domestic demand, Private consumption, Household consumption, Direct purchases abroad by resident households, Per capita, SA, KRW mn, Poly 2013-19 trend",None,line
"Korea, RGDP, Expenditure, Domestic demand, Private consumption, Household consumption, Direct purchases in the domestic market by non-resident households, Per capita, SA, KRW mn, Poly 2013-19 trend","Korea, RGDP, Expenditure, Domestic demand, Private consumption, Household consumption, Direct purchases in the domestic market by non-resident households, Per capita, SA, KRW mn, Poly 2013-19 trend",None,line
"Korea, RGDP, Expenditure, Domestic demand, Private consumption, Household consumption, Domestic final consumption, Durable goods, Per capita, SA, KRW mn, Poly 2013-19 trend","Korea, RGDP, Expenditure, Domestic demand, Private consumption, Household consumption, Domestic final consumption, Durable goods, Per capita, SA, KRW mn, Poly 2013-19 trend",None,line
"Korea, RGDP, Expenditure, Domestic demand, Private consumption, Household consumption, Domestic final consumption, Non-durable goods, Per capita, SA, KRW mn, Poly 2013-19 trend","Korea, RGDP, Expenditure, Domestic demand, Private consumption, Household consumption, Domestic final consumption, Non-durable goods, Per capita, SA, KRW mn, Poly 2013-19 trend",None,line
"Korea, RGDP, Expenditure, Domestic demand, Private consumption, Household consumption, Domestic final consumption, Per capita, SA, KRW mn, Poly 2013-19 trend","Korea, RGDP, Expenditure, Domestic demand, Private consumption, Household consumption, Domestic final consumption, Per capita, SA, KRW mn, Poly 2013-19 trend",None,line
"Korea, RGDP, Expenditure, Domestic demand, Private consumption, Household consumption, Domestic final consumption, Semi-durable goods, Per capita, SA, KRW mn, Poly 2013-19 trend","Korea, RGDP, Expenditure, Domestic demand, Private consumption, Household consumption, Domestic final consumption, Semi-durable goods, Per capita, SA, KRW mn, Poly 2013-19 trend",None,line
"Korea, RGDP, Expenditure, Domestic demand, Private consumption, Household consumption, Domestic final consumption, Services, Per capita, SA, KRW mn, Poly 2013-19 trend","Korea, RGDP, Expenditure, Domestic demand, Private consumption, Household consumption, Domestic final consumption, Services, Per capita, SA, KRW mn, Poly 2013-19 trend",None,line
"Korea, RGDP, ICT sector, Private consumption expenditure, Per capita, SA, KRW mn, Poly 2013-19 trend","Korea, RGDP, ICT sector, Private consumption expenditure, Per capita, SA, KRW mn, Poly 2013-19 trend",None,line
"Korea, NGDP, Expenditure, Domestic demand, Private consumption, Household consumption, Domestic final consumption, Goods, Per capita, SA, KRW mn, Poly 2013-19 trend","Korea, NGDP, Expenditure, Domestic demand, Private consumption, Household consumption, Domestic final consumption, Goods, Per capita, SA, KRW mn, Poly 2013-19 trend",None,line
"Korea, RGDP, Expenditure, Domestic demand, Private consumption, Household consumption, Domestic final consumption, Goods, Per capita, SA, KRW mn, Poly 2013-19 trend","Korea, RGDP, Expenditure, Domestic demand, Private consumption, Household consumption, Domestic final consumption, Goods, Per capita, SA, KRW mn, Poly 2013-19 trend",None,line
"Korea, NGDP, Income, Compensation per worker, SA, KRW mn, Poly 2013-19 trend","Korea, NGDP, Income, Compensation per worker, SA, KRW mn, Poly 2013-19 trend",None,line
"Korea, NGDP, Expenditure, Domestic demand, Final consumption expenditure, SA, KRW bn, % of 2013-19 trend","Korea, NGDP, Expenditure, Domestic demand, Final consumption expenditure, SA, KRW bn, % of 2013-19 trend",None,line
"Korea, NGDP, Expenditure, Domestic demand, Final consumption expenditure, SA, KRW bn, % of Poly 2013-19 trend","Korea, NGDP, Expenditure, Domestic demand, Final consumption expenditure, SA, KRW bn, % of Poly 2013-19 trend",None,line
"Korea, NGDP, Expenditure, Domestic demand, Government consumption, SA, KRW bn, % of 2013-19 trend","Korea, NGDP, Expenditure, Domestic demand, Government consumption, SA, KRW bn, % of 2013-19 trend",None,line
"Korea, NGDP, Expenditure, Domestic demand, Government consumption, SA, KRW bn, % of Poly 2013-19 trend","Korea, NGDP, Expenditure, Domestic demand, Government consumption, SA, KRW bn, % of Poly 2013-19 trend",None,line
"Korea, NGDP, Expenditure, Domestic demand, Gross capital formation, Gross fixed capital formation, Buildings and structures, SA, KRW bn, % of 2013-19 trend","Korea, NGDP, Expenditure, Domestic demand, Gross capital formation, Gross fixed capital formation, Buildings and structures, SA, KRW bn, % of 2013-19 trend",None,line
"Korea, NGDP, Expenditure, Domestic demand, Gross capital formation, Gross fixed capital formation, Buildings and structures, SA, KRW bn, % of Poly 2013-19 trend","Korea, NGDP, Expenditure, Domestic demand, Gross capital formation, Gross fixed capital formation, Buildings and structures, SA, KRW bn, % of Poly 2013-19 trend",None,line
"Korea, NGDP, Expenditure, Domestic demand, Gross capital formation, Gross fixed capital formation, Facilities investment, SA, KRW bn, % of 2013-19 trend","Korea, NGDP, Expenditure, Domestic demand, Gross capital formation, Gross fixed capital formation, Facilities investment, SA, KRW bn, % of 2013-19 trend",None,line
"Korea, NGDP, Expenditure, Domestic demand, Gross capital formation, Gross fixed capital formation, Facilities investment, SA, KRW bn, % of Poly 2013-19 trend","Korea, NGDP, Expenditure, Domestic demand, Gross capital formation, Gross fixed capital formation, Facilities investment, SA, KRW bn, % of Poly 2013-19 trend",None,line
"Korea, NGDP, Expenditure, Domestic demand, Gross capital formation, Gross fixed capital formation, Public, SA, KRW bn, % of 2013-19 trend","Korea, NGDP, Expenditure, Domestic demand, Gross capital formation, Gross fixed capital formation, Public, SA, KRW bn, % of 2013-19 trend",None,line
"Korea, NGDP, Expenditure, Domestic demand, Gross capital formation, Gross fixed capital formation, Public, SA, KRW bn, % of Poly 2013-19 trend","Korea, NGDP, Expenditure, Domestic demand, Gross capital formation, Gross fixed capital formation, Public, SA, KRW bn, % of Poly 2013-19 trend",None,line
"Korea, NGDP, Expenditure, Domestic demand, Gross capital formation, Gross fixed capital formation, Intellectual property products, SA, KRW bn, % of 2013-19 trend","Korea, NGDP, Expenditure, Domestic demand, Gross capital formation, Gross fixed capital formation, Intellectual property products, SA, KRW bn, % of 2013-19 trend",None,line
"Korea, NGDP, Expenditure, Domestic demand, Gross capital formation, Gross fixed capital formation, Intellectual property products, SA, KRW bn, % of Poly 2013-19 trend","Korea, NGDP, Expenditure, Domestic demand, Gross capital formation, Gross fixed capital formation, Intellectual property products, SA, KRW bn, % of Poly 2013-19 trend",None,line
"Korea, NGDP, Expenditure, Domestic demand, Gross capital formation, Gross fixed capital formation, Private, SA, KRW bn, % of 2013-19 trend","Korea, NGDP, Expenditure, Domestic demand, Gross capital formation, Gross fixed capital formation, Private, SA, KRW bn, % of 2013-19 trend",None,line
"Korea, NGDP, Expenditure, Domestic demand, Gross capital formation, Gross fixed capital formation, Private, SA, KRW bn, % of Poly 2013-19 trend","Korea, NGDP, Expenditure, Domestic demand, Gross capital formation, Gross fixed capital formation, Private, SA, KRW bn, % of Poly 2013-19 trend",None,line
"Korea, NGDP, Expenditure, Domestic demand, Gross capital formation, Gross fixed capital formation, SA, KRW bn, % of 2013-19 trend","Korea, NGDP, Expenditure, Domestic demand, Gross capital formation, Gross fixed capital formation, SA, KRW bn, % of 2013-19 trend",None,line
"Korea, NGDP, Expenditure, Domestic demand, Gross capital formation, Gross fixed capital formation, SA, KRW bn, % of Poly 2013-19 trend","Korea, NGDP, Expenditure, Domestic demand, Gross capital formation, Gross fixed capital formation, SA, KRW bn, % of Poly 2013-19 trend",None,line
"Korea, NGDP, Expenditure, Domestic demand, Gross capital formation, Inventories, SA, KRW bn, % of 2013-19 trend","Korea, NGDP, Expenditure, Domestic demand, Gross capital formation, Inventories, SA, KRW bn, % of 2013-19 trend",None,line
"Korea, NGDP, Expenditure, Domestic demand, Gross capital formation, Inventories, SA, KRW bn, % of Poly 2013-19 trend","Korea, NGDP, Expenditure, Domestic demand, Gross capital formation, Inventories, SA, KRW bn, % of Poly 2013-19 trend",None,line
"Korea, NGDP, Expenditure, Domestic demand, Gross capital formation, SA, KRW bn, % of 2013-19 trend","Korea, NGDP, Expenditure, Domestic demand, Gross capital formation, SA, KRW bn, % of 2013-19 trend",None,line
"Korea, NGDP, Expenditure, Domestic demand, Gross capital formation, SA, KRW bn, % of Poly 2013-19 trend","Korea, NGDP, Expenditure, Domestic demand, Gross capital formation, SA, KRW bn, % of Poly 2013-19 trend",None,line
"Korea, NGDP, Expenditure, Domestic demand, Private consumption, Household consumption, SA, KRW bn, % of 2013-19 trend","Korea, NGDP, Expenditure, Domestic demand, Private consumption, Household consumption, SA, KRW bn, % of 2013-19 trend",None,line
"Korea, NGDP, Expenditure, Domestic demand, Private consumption, Household consumption, SA, KRW bn, % of Poly 2013-19 trend","Korea, NGDP, Expenditure, Domestic demand, Private consumption, Household consumption, SA, KRW bn, % of Poly 2013-19 trend",None,line
"Korea, NGDP, Expenditure, Domestic demand, Private consumption, Non-profit institutions serving households, SA, KRW bn, % of 2013-19 trend","Korea, NGDP, Expenditure, Domestic demand, Private consumption, Non-profit institutions serving households, SA, KRW bn, % of 2013-19 trend",None,line
"Korea, NGDP, Expenditure, Domestic demand, Private consumption, Non-profit institutions serving households, SA, KRW bn, % of Poly 2013-19 trend","Korea, NGDP, Expenditure, Domestic demand, Private consumption, Non-profit institutions serving households, SA, KRW bn, % of Poly 2013-19 trend",None,line
"Korea, NGDP, Expenditure, Domestic demand, Private consumption, SA, KRW bn, % of 2013-19 trend","Korea, NGDP, Expenditure, Domestic demand, Private consumption, SA, KRW bn, % of 2013-19 trend",None,line
"Korea, NGDP, Expenditure, Domestic demand, Private consumption, SA, KRW bn, % of Poly 2013-19 trend","Korea, NGDP, Expenditure, Domestic demand, Private consumption, SA, KRW bn, % of Poly 2013-19 trend",None,line
"Korea, NGDP, Expenditure, GDP, SA, KRW bn, % of 2013-19 trend","Korea, NGDP, Expenditure, GDP, SA, KRW bn, % of 2013-19 trend",None,line
"Korea, NGDP, Expenditure, GDP, SA, KRW bn, % of Poly 2013-19 trend","Korea, NGDP, Expenditure, GDP, SA, KRW bn, % of Poly 2013-19 trend",None,line
"Korea, NGDP, Expenditure, Net exports of goods and services, Exports of goods and services, Goods, SA, KRW bn, % of 2013-19 trend","Korea, NGDP, Expenditure, Net exports of goods and services, Exports of goods and services, Goods, SA, KRW bn, % of 2013-19 trend",None,line
"Korea, NGDP, Expenditure, Net exports of goods and services, Exports of goods and services, Goods, SA, KRW bn, % of Poly 2013-19 trend","Korea, NGDP, Expenditure, Net exports of goods and services, Exports of goods and services, Goods, SA, KRW bn, % of Poly 2013-19 trend",None,line
"Korea, NGDP, Expenditure, Net exports of goods and services, Exports of goods and services, SA, KRW bn, % of 2013-19 trend","Korea, NGDP, Expenditure, Net exports of goods and services, Exports of goods and services, SA, KRW bn, % of 2013-19 trend",None,line
"Korea, NGDP, Expenditure, Net exports of goods and services, Exports of goods and services, SA, KRW bn, % of Poly 2013-19 trend","Korea, NGDP, Expenditure, Net exports of goods and services, Exports of goods and services, SA, KRW bn, % of Poly 2013-19 trend",None,line
"Korea, NGDP, Expenditure, Net exports of goods and services, Exports of goods and services, Services, SA, KRW bn, % of 2013-19 trend","Korea, NGDP, Expenditure, Net exports of goods and services, Exports of goods and services, Services, SA, KRW bn, % of 2013-19 trend",None,line
"Korea, NGDP, Expenditure, Net exports of goods and services, Exports of goods and services, Services, SA, KRW bn, % of Poly 2013-19 trend","Korea, NGDP, Expenditure, Net exports of goods and services, Exports of goods and services, Services, SA, KRW bn, % of Poly 2013-19 trend",None,line
"Korea, NGDP, Expenditure, Net exports of goods and services, Imports of goods and services, Goods, SA, KRW bn, % of 2013-19 trend","Korea, NGDP, Expenditure, Net exports of goods and services, Imports of goods and services, Goods, SA, KRW bn, % of 2013-19 trend",None,line
"Korea, NGDP, Expenditure, Net exports of goods and services, Imports of goods and services, Goods, SA, KRW bn, % of Poly 2013-19 trend","Korea, NGDP, Expenditure, Net exports of goods and services, Imports of goods and services, Goods, SA, KRW bn, % of Poly 2013-19 trend",None,line
"Korea, NGDP, Expenditure, Net exports of goods and services, Imports of goods and services, SA, KRW bn, % of 2013-19 trend","Korea, NGDP, Expenditure, Net exports of goods and services, Imports of goods and services, SA, KRW bn, % of 2013-19 trend",None,line
"Korea, NGDP, Expenditure, Net exports of goods and services, Imports of goods and services, SA, KRW bn, % of Poly 2013-19 trend","Korea, NGDP, Expenditure, Net exports of goods and services, Imports of goods and services, SA, KRW bn, % of Poly 2013-19 trend",None,line
"Korea, NGDP, Expenditure, Net exports of goods and services, Imports of goods and services, Services, SA, KRW bn, % of 2013-19 trend","Korea, NGDP, Expenditure, Net exports of goods and services, Imports of goods and services, Services, SA, KRW bn, % of 2013-19 trend",None,line
"Korea, NGDP, Expenditure, Net exports of goods and services, Imports of goods and services, Services, SA, KRW bn, % of Poly 2013-19 trend","Korea, NGDP, Expenditure, Net exports of goods and services, Imports of goods and services, Services, SA, KRW bn, % of Poly 2013-19 trend",None,line
"Korea, NGDP, Expenditure, SA, KRW bn, % of 2013-19 trend","Korea, NGDP, Expenditure, SA, KRW bn, % of 2013-19 trend",None,line
"Korea, NGDP, Expenditure, SA, KRW bn, % of Poly 2013-19 trend","Korea, NGDP, Expenditure, SA, KRW bn, % of Poly 2013-19 trend",None,line
"Korea, NGDP, Expenditure, Statistical discrepancy, SA, KRW bn, % of 2013-19 trend","Korea, NGDP, Expenditure, Statistical discrepancy, SA, KRW bn, % of 2013-19 trend",None,line
"Korea, NGDP, Expenditure, Statistical discrepancy, SA, KRW bn, % of Poly 2013-19 trend","Korea, NGDP, Expenditure, Statistical discrepancy, SA, KRW bn, % of Poly 2013-19 trend",None,line
"Korea, NGDP, Income, Compensation of employees, SA, KRW bn, % of 2013-19 trend","Korea, NGDP, Income, Compensation of employees, SA, KRW bn, % of 2013-19 trend",None,line
"Korea, NGDP, Income, Compensation of employees, SA, KRW bn, % of Poly 2013-19 trend","Korea, NGDP, Income, Compensation of employees, SA, KRW bn, % of Poly 2013-19 trend",None,line
"Korea, NGDP, Income, Gross operating surplus, SA, KRW bn, % of 2013-19 trend","Korea, NGDP, Income, Gross operating surplus, SA, KRW bn, % of 2013-19 trend",None,line
"Korea, NGDP, Income, Gross operating surplus, SA, KRW bn, % of Poly 2013-19 trend","Korea, NGDP, Income, Gross operating surplus, SA, KRW bn, % of Poly 2013-19 trend",None,line
"Korea, NGDP, Income, SA, KRW bn, % of 2013-19 trend","Korea, NGDP, Income, SA, KRW bn, % of 2013-19 trend",None,line
"Korea, NGDP, Income, SA, KRW bn, % of Poly 2013-19 trend","Korea, NGDP, Income, SA, KRW bn, % of Poly 2013-19 trend",None,line
"Korea, NGDP, Income, Taxes on production and imports less subsidies, SA, KRW bn, % of 2013-19 trend","Korea, NGDP, Income, Taxes on production and imports less subsidies, SA, KRW bn, % of 2013-19 trend",None,line
"Korea, NGDP, Income, Taxes on production and imports less subsidies, SA, KRW bn, % of Poly 2013-19 trend","Korea, NGDP, Income, Taxes on production and imports less subsidies, SA, KRW bn, % of Poly 2013-19 trend",None,line
"Korea, RGDP, Expenditure, Domestic demand, Final consumption expenditure, SA, KRW bn, % of 2013-19 trend","Korea, RGDP, Expenditure, Domestic demand, Final consumption expenditure, SA, KRW bn, % of 2013-19 trend",None,line
"Korea, RGDP, Expenditure, Domestic demand, Final consumption expenditure, SA, KRW bn, % of Poly 2013-19 trend","Korea, RGDP, Expenditure, Domestic demand, Final consumption expenditure, SA, KRW bn, % of Poly 2013-19 trend",None,line
"Korea, RGDP, Expenditure, Domestic demand, Government consumption, SA, KRW bn, % of 2013-19 trend","Korea, RGDP, Expenditure, Domestic demand, Government consumption, SA, KRW bn, % of 2013-19 trend",None,line
"Korea, RGDP, Expenditure, Domestic demand, Government consumption, SA, KRW bn, % of Poly 2013-19 trend","Korea, RGDP, Expenditure, Domestic demand, Government consumption, SA, KRW bn, % of Poly 2013-19 trend",None,line
"Korea, RGDP, Expenditure, Domestic demand, Gross capital formation, Gross fixed capital formation, Buildings and structures, SA, KRW bn, % of 2013-19 trend","Korea, RGDP, Expenditure, Domestic demand, Gross capital formation, Gross fixed capital formation, Buildings and structures, SA, KRW bn, % of 2013-19 trend",None,line
"Korea, RGDP, Expenditure, Domestic demand, Gross capital formation, Gross fixed capital formation, Buildings and structures, SA, KRW bn, % of Poly 2013-19 trend","Korea, RGDP, Expenditure, Domestic demand, Gross capital formation, Gross fixed capital formation, Buildings and structures, SA, KRW bn, % of Poly 2013-19 trend",None,line
"Korea, RGDP, Expenditure, Domestic demand, Gross capital formation, Gross fixed capital formation, Facilities investment, SA, KRW bn, % of 2013-19 trend","Korea, RGDP, Expenditure, Domestic demand, Gross capital formation, Gross fixed capital formation, Facilities investment, SA, KRW bn, % of 2013-19 trend",None,line
"Korea, RGDP, Expenditure, Domestic demand, Gross capital formation, Gross fixed capital formation, Facilities investment, SA, KRW bn, % of Poly 2013-19 trend","Korea, RGDP, Expenditure, Domestic demand, Gross capital formation, Gross fixed capital formation, Facilities investment, SA, KRW bn, % of Poly 2013-19 trend",None,line
"Korea, RGDP, Expenditure, Domestic demand, Gross capital formation, Gross fixed capital formation, Public, SA, KRW bn, % of 2013-19 trend","Korea, RGDP, Expenditure, Domestic demand, Gross capital formation, Gross fixed capital formation, Public, SA, KRW bn, % of 2013-19 trend",None,line
"Korea, RGDP, Expenditure, Domestic demand, Gross capital formation, Gross fixed capital formation, Public, SA, KRW bn, % of Poly 2013-19 trend","Korea, RGDP, Expenditure, Domestic demand, Gross capital formation, Gross fixed capital formation, Public, SA, KRW bn, % of Poly 2013-19 trend",None,line
"Korea, RGDP, Expenditure, Domestic demand, Gross capital formation, Gross fixed capital formation, Intellectual property products, SA, KRW bn, % of 2013-19 trend","Korea, RGDP, Expenditure, Domestic demand, Gross capital formation, Gross fixed capital formation, Intellectual property products, SA, KRW bn, % of 2013-19 trend",None,line
"Korea, RGDP, Expenditure, Domestic demand, Gross capital formation, Gross fixed capital formation, Intellectual property products, SA, KRW bn, % of Poly 2013-19 trend","Korea, RGDP, Expenditure, Domestic demand, Gross capital formation, Gross fixed capital formation, Intellectual property products, SA, KRW bn, % of Poly 2013-19 trend",None,line
"Korea, RGDP, Expenditure, Domestic demand, Gross capital formation, Gross fixed capital formation, Private, SA, KRW bn, % of 2013-19 trend","Korea, RGDP, Expenditure, Domestic demand, Gross capital formation, Gross fixed capital formation, Private, SA, KRW bn, % of 2013-19 trend",None,line
"Korea, RGDP, Expenditure, Domestic demand, Gross capital formation, Gross fixed capital formation, Private, SA, KRW bn, % of Poly 2013-19 trend","Korea, RGDP, Expenditure, Domestic demand, Gross capital formation, Gross fixed capital formation, Private, SA, KRW bn, % of Poly 2013-19 trend",None,line
"Korea, RGDP, Expenditure, Domestic demand, Gross capital formation, Gross fixed capital formation, SA, KRW bn, % of 2013-19 trend","Korea, RGDP, Expenditure, Domestic demand, Gross capital formation, Gross fixed capital formation, SA, KRW bn, % of 2013-19 trend",None,line
"Korea, RGDP, Expenditure, Domestic demand, Gross capital formation, Gross fixed capital formation, SA, KRW bn, % of Poly 2013-19 trend","Korea, RGDP, Expenditure, Domestic demand, Gross capital formation, Gross fixed capital formation, SA, KRW bn, % of Poly 2013-19 trend",None,line
"Korea, RGDP, Expenditure, Domestic demand, Gross capital formation, Inventories, SA, KRW bn, % of 2013-19 trend","Korea, RGDP, Expenditure, Domestic demand, Gross capital formation, Inventories, SA, KRW bn, % of 2013-19 trend",None,line
"Korea, RGDP, Expenditure, Domestic demand, Gross capital formation, Inventories, SA, KRW bn, % of Poly 2013-19 trend","Korea, RGDP, Expenditure, Domestic demand, Gross capital formation, Inventories, SA, KRW bn, % of Poly 2013-19 trend",None,line
"Korea, RGDP, Expenditure, Domestic demand, Gross capital formation, SA, KRW bn, % of 2013-19 trend","Korea, RGDP, Expenditure, Domestic demand, Gross capital formation, SA, KRW bn, % of 2013-19 trend",None,line
"Korea, RGDP, Expenditure, Domestic demand, Gross capital formation, SA, KRW bn, % of Poly 2013-19 trend","Korea, RGDP, Expenditure, Domestic demand, Gross capital formation, SA, KRW bn, % of Poly 2013-19 trend",None,line
"Korea, RGDP, Expenditure, Domestic demand, Private consumption, Household consumption, SA, KRW bn, % of 2013-19 trend","Korea, RGDP, Expenditure, Domestic demand, Private consumption, Household consumption, SA, KRW bn, % of 2013-19 trend",None,line
"Korea, RGDP, Expenditure, Domestic demand, Private consumption, Household consumption, SA, KRW bn, % of Poly 2013-19 trend","Korea, RGDP, Expenditure, Domestic demand, Private consumption, Household consumption, SA, KRW bn, % of Poly 2013-19 trend",None,line
"Korea, RGDP, Expenditure, Domestic demand, Private consumption, Non-profit institutions serving households, SA, KRW bn, % of 2013-19 trend","Korea, RGDP, Expenditure, Domestic demand, Private consumption, Non-profit institutions serving households, SA, KRW bn, % of 2013-19 trend",None,line
"Korea, RGDP, Expenditure, Domestic demand, Private consumption, Non-profit institutions serving households, SA, KRW bn, % of Poly 2013-19 trend","Korea, RGDP, Expenditure, Domestic demand, Private consumption, Non-profit institutions serving households, SA, KRW bn, % of Poly 2013-19 trend",None,line
"Korea, RGDP, Expenditure, Domestic demand, Private consumption, SA, KRW bn, % of 2013-19 trend","Korea, RGDP, Expenditure, Domestic demand, Private consumption, SA, KRW bn, % of 2013-19 trend",None,line
"Korea, RGDP, Expenditure, Domestic demand, Private consumption, SA, KRW bn, % of Poly 2013-19 trend","Korea, RGDP, Expenditure, Domestic demand, Private consumption, SA, KRW bn, % of Poly 2013-19 trend",None,line
"Korea, RGDP, Expenditure, Net exports of goods and services, Exports of goods and services, Goods, SA, KRW bn, % of 2013-19 trend","Korea, RGDP, Expenditure, Net exports of goods and services, Exports of goods and services, Goods, SA, KRW bn, % of 2013-19 trend",None,line
"Korea, RGDP, Expenditure, Net exports of goods and services, Exports of goods and services, Goods, SA, KRW bn, % of Poly 2013-19 trend","Korea, RGDP, Expenditure, Net exports of goods and services, Exports of goods and services, Goods, SA, KRW bn, % of Poly 2013-19 trend",None,line
"Korea, RGDP, Expenditure, Net exports of goods and services, Exports of goods and services, SA, KRW bn, % of 2013-19 trend","Korea, RGDP, Expenditure, Net exports of goods and services, Exports of goods and services, SA, KRW bn, % of 2013-19 trend",None,line
"Korea, RGDP, Expenditure, Net exports of goods and services, Exports of goods and services, SA, KRW bn, % of Poly 2013-19 trend","Korea, RGDP, Expenditure, Net exports of goods and services, Exports of goods and services, SA, KRW bn, % of Poly 2013-19 trend",None,line
"Korea, RGDP, Expenditure, Net exports of goods and services, Exports of goods and services, Services, SA, KRW bn, % of 2013-19 trend","Korea, RGDP, Expenditure, Net exports of goods and services, Exports of goods and services, Services, SA, KRW bn, % of 2013-19 trend",None,line
"Korea, RGDP, Expenditure, Net exports of goods and services, Exports of goods and services, Services, SA, KRW bn, % of Poly 2013-19 trend","Korea, RGDP, Expenditure, Net exports of goods and services, Exports of goods and services, Services, SA, KRW bn, % of Poly 2013-19 trend",None,line
"Korea, RGDP, Expenditure, Net exports of goods and services, Imports of goods and services, Goods, SA, KRW bn, % of 2013-19 trend","Korea, RGDP, Expenditure, Net exports of goods and services, Imports of goods and services, Goods, SA, KRW bn, % of 2013-19 trend",None,line
"Korea, RGDP, Expenditure, Net exports of goods and services, Imports of goods and services, Goods, SA, KRW bn, % of Poly 2013-19 trend","Korea, RGDP, Expenditure, Net exports of goods and services, Imports of goods and services, Goods, SA, KRW bn, % of Poly 2013-19 trend",None,line
"Korea, RGDP, Expenditure, Net exports of goods and services, Imports of goods and services, SA, KRW bn, % of 2013-19 trend","Korea, RGDP, Expenditure, Net exports of goods and services, Imports of goods and services, SA, KRW bn, % of 2013-19 trend",None,line
"Korea, RGDP, Expenditure, Net exports of goods and services, Imports of goods and services, SA, KRW bn, % of Poly 2013-19 trend","Korea, RGDP, Expenditure, Net exports of goods and services, Imports of goods and services, SA, KRW bn, % of Poly 2013-19 trend",None,line
"Korea, RGDP, Expenditure, Net exports of goods and services, Imports of goods and services, Services, SA, KRW bn, % of 2013-19 trend","Korea, RGDP, Expenditure, Net exports of goods and services, Imports of goods and services, Services, SA, KRW bn, % of 2013-19 trend",None,line
"Korea, RGDP, Expenditure, Net exports of goods and services, Imports of goods and services, Services, SA, KRW bn, % of Poly 2013-19 trend","Korea, RGDP, Expenditure, Net exports of goods and services, Imports of goods and services, Services, SA, KRW bn, % of Poly 2013-19 trend",None,line
"Korea, RGDP, Expenditure, SA, KRW bn, % of 2013-19 trend","Korea, RGDP, Expenditure, SA, KRW bn, % of 2013-19 trend",None,line
"Korea, RGDP, Expenditure, SA, KRW bn, % of Poly 2013-19 trend","Korea, RGDP, Expenditure, SA, KRW bn, % of Poly 2013-19 trend",None,line
"Korea, RGDP, Expenditure, Statistical discrepancy, SA, KRW bn, % of 2013-19 trend","Korea, RGDP, Expenditure, Statistical discrepancy, SA, KRW bn, % of 2013-19 trend",None,line
"Korea, RGDP, Expenditure, Statistical discrepancy, SA, KRW bn, % of Poly 2013-19 trend","Korea, RGDP, Expenditure, Statistical discrepancy, SA, KRW bn, % of Poly 2013-19 trend",None,line
"Korea, NGDP, Expenditure, Domestic demand, Gross capital formation, Gross fixed capital formation, Construction, Building construction, Non-residential buildings, SA, KRW bn, % of 2013-19 trend","Korea, NGDP, Expenditure, Domestic demand, Gross capital formation, Gross fixed capital formation, Construction, Building construction, Non-residential buildings, SA, KRW bn, % of 2013-19 trend",None,line
"Korea, NGDP, Expenditure, Domestic demand, Gross capital formation, Gross fixed capital formation, Construction, Building construction, Non-residential buildings, SA, KRW bn, % of Poly 2013-19 trend","Korea, NGDP, Expenditure, Domestic demand, Gross capital formation, Gross fixed capital formation, Construction, Building construction, Non-residential buildings, SA, KRW bn, % of Poly 2013-19 trend",None,line
"Korea, NGDP, Expenditure, Domestic demand, Gross capital formation, Gross fixed capital formation, Construction, Building construction, Residential, SA, KRW bn, % of 2013-19 trend","Korea, NGDP, Expenditure, Domestic demand, Gross capital formation, Gross fixed capital formation, Construction, Building construction, Residential, SA, KRW bn, % of 2013-19 trend",None,line
"Korea, NGDP, Expenditure, Domestic demand, Gross capital formation, Gross fixed capital formation, Construction, Building construction, Residential, SA, KRW bn, % of Poly 2013-19 trend","Korea, NGDP, Expenditure, Domestic demand, Gross capital formation, Gross fixed capital formation, Construction, Building construction, Residential, SA, KRW bn, % of Poly 2013-19 trend",None,line
"Korea, NGDP, Expenditure, Domestic demand, Gross capital formation, Gross fixed capital formation, Construction, Building construction, SA, KRW bn, % of 2013-19 trend","Korea, NGDP, Expenditure, Domestic demand, Gross capital formation, Gross fixed capital formation, Construction, Building construction, SA, KRW bn, % of 2013-19 trend",None,line
"Korea, NGDP, Expenditure, Domestic demand, Gross capital formation, Gross fixed capital formation, Construction, Building construction, SA, KRW bn, % of Poly 2013-19 trend","Korea, NGDP, Expenditure, Domestic demand, Gross capital formation, Gross fixed capital formation, Construction, Building construction, SA, KRW bn, % of Poly 2013-19 trend",None,line
"Korea, NGDP, Expenditure, Domestic demand, Gross capital formation, Gross fixed capital formation, Construction, Civil engineering, SA, KRW bn, % of 2013-19 trend","Korea, NGDP, Expenditure, Domestic demand, Gross capital formation, Gross fixed capital formation, Construction, Civil engineering, SA, KRW bn, % of 2013-19 trend",None,line
"Korea, NGDP, Expenditure, Domestic demand, Gross capital formation, Gross fixed capital formation, Construction, Civil engineering, SA, KRW bn, % of Poly 2013-19 trend","Korea, NGDP, Expenditure, Domestic demand, Gross capital formation, Gross fixed capital formation, Construction, Civil engineering, SA, KRW bn, % of Poly 2013-19 trend",None,line
"Korea, NGDP, Expenditure, Domestic demand, Gross capital formation, Gross fixed capital formation, Construction, SA, KRW bn, % of 2013-19 trend","Korea, NGDP, Expenditure, Domestic demand, Gross capital formation, Gross fixed capital formation, Construction, SA, KRW bn, % of 2013-19 trend",None,line
"Korea, NGDP, Expenditure, Domestic demand, Gross capital formation, Gross fixed capital formation, Construction, SA, KRW bn, % of Poly 2013-19 trend","Korea, NGDP, Expenditure, Domestic demand, Gross capital formation, Gross fixed capital formation, Construction, SA, KRW bn, % of Poly 2013-19 trend",None,line
"Korea, NGDP, Expenditure, Domestic demand, Gross capital formation, Gross fixed capital formation, Facilities investment, Other machinery and equipment, SA, KRW bn, % of 2013-19 trend","Korea, NGDP, Expenditure, Domestic demand, Gross capital formation, Gross fixed capital formation, Facilities investment, Other machinery and equipment, SA, KRW bn, % of 2013-19 trend",None,line
"Korea, NGDP, Expenditure, Domestic demand, Gross capital formation, Gross fixed capital formation, Facilities investment, Other machinery and equipment, SA, KRW bn, % of Poly 2013-19 trend","Korea, NGDP, Expenditure, Domestic demand, Gross capital formation, Gross fixed capital formation, Facilities investment, Other machinery and equipment, SA, KRW bn, % of Poly 2013-19 trend",None,line
"Korea, NGDP, Expenditure, Domestic demand, Gross capital formation, Gross fixed capital formation, Facilities investment, Transport equipment, SA, KRW bn, % of 2013-19 trend","Korea, NGDP, Expenditure, Domestic demand, Gross capital formation, Gross fixed capital formation, Facilities investment, Transport equipment, SA, KRW bn, % of 2013-19 trend",None,line
"Korea, NGDP, Expenditure, Domestic demand, Gross capital formation, Gross fixed capital formation, Facilities investment, Transport equipment, SA, KRW bn, % of Poly 2013-19 trend","Korea, NGDP, Expenditure, Domestic demand, Gross capital formation, Gross fixed capital formation, Facilities investment, Transport equipment, SA, KRW bn, % of Poly 2013-19 trend",None,line
"Korea, NGDP, Expenditure, Domestic demand, Gross capital formation, Gross fixed capital formation, Intellectual property products, Other intellectual property products, SA, KRW bn, % of 2013-19 trend","Korea, NGDP, Expenditure, Domestic demand, Gross capital formation, Gross fixed capital formation, Intellectual property products, Other intellectual property products, SA, KRW bn, % of 2013-19 trend",None,line
"Korea, NGDP, Expenditure, Domestic demand, Gross capital formation, Gross fixed capital formation, Intellectual property products, Other intellectual property products, SA, KRW bn, % of Poly 2013-19 trend","Korea, NGDP, Expenditure, Domestic demand, Gross capital formation, Gross fixed capital formation, Intellectual property products, Other intellectual property products, SA, KRW bn, % of Poly 2013-19 trend",None,line
"Korea, NGDP, Expenditure, Domestic demand, Gross capital formation, Gross fixed capital formation, Intellectual property products, Research and development, SA, KRW bn, % of 2013-19 trend","Korea, NGDP, Expenditure, Domestic demand, Gross capital formation, Gross fixed capital formation, Intellectual property products, Research and development, SA, KRW bn, % of 2013-19 trend",None,line
"Korea, NGDP, Expenditure, Domestic demand, Gross capital formation, Gross fixed capital formation, Intellectual property products, Research and development, SA, KRW bn, % of Poly 2013-19 trend","Korea, NGDP, Expenditure, Domestic demand, Gross capital formation, Gross fixed capital formation, Intellectual property products, Research and development, SA, KRW bn, % of Poly 2013-19 trend",None,line
"Korea, NGDP, Expenditure, Domestic demand, Private consumption, Household consumption, Direct purchases abroad by resident households, SA, KRW bn, % of 2013-19 trend","Korea, NGDP, Expenditure, Domestic demand, Private consumption, Household consumption, Direct purchases abroad by resident households, SA, KRW bn, % of 2013-19 trend",None,line
"Korea, NGDP, Expenditure, Domestic demand, Private consumption, Household consumption, Direct purchases abroad by resident households, SA, KRW bn, % of Poly 2013-19 trend","Korea, NGDP, Expenditure, Domestic demand, Private consumption, Household consumption, Direct purchases abroad by resident households, SA, KRW bn, % of Poly 2013-19 trend",None,line
"Korea, NGDP, Expenditure, Domestic demand, Private consumption, Household consumption, Direct purchases in the domestic market by non-resident households, SA, KRW bn, % of 2013-19 trend","Korea, NGDP, Expenditure, Domestic demand, Private consumption, Household consumption, Direct purchases in the domestic market by non-resident households, SA, KRW bn, % of 2013-19 trend",None,line
"Korea, NGDP, Expenditure, Domestic demand, Private consumption, Household consumption, Direct purchases in the domestic market by non-resident households, SA, KRW bn, % of Poly 2013-19 trend","Korea, NGDP, Expenditure, Domestic demand, Private consumption, Household consumption, Direct purchases in the domestic market by non-resident households, SA, KRW bn, % of Poly 2013-19 trend",None,line
"Korea, NGDP, Expenditure, Domestic demand, Private consumption, Household consumption, Domestic final consumption, Durable goods, SA, KRW bn, % of 2013-19 trend","Korea, NGDP, Expenditure, Domestic demand, Private consumption, Household consumption, Domestic final consumption, Durable goods, SA, KRW bn, % of 2013-19 trend",None,line
"Korea, NGDP, Expenditure, Domestic demand, Private consumption, Household consumption, Domestic final consumption, Durable goods, SA, KRW bn, % of Poly 2013-19 trend","Korea, NGDP, Expenditure, Domestic demand, Private consumption, Household consumption, Domestic final consumption, Durable goods, SA, KRW bn, % of Poly 2013-19 trend",None,line
"Korea, NGDP, Expenditure, Domestic demand, Private consumption, Household consumption, Domestic final consumption, Non-durable goods, SA, KRW bn, % of 2013-19 trend","Korea, NGDP, Expenditure, Domestic demand, Private consumption, Household consumption, Domestic final consumption, Non-durable goods, SA, KRW bn, % of 2013-19 trend",None,line
"Korea, NGDP, Expenditure, Domestic demand, Private consumption, Household consumption, Domestic final consumption, Non-durable goods, SA, KRW bn, % of Poly 2013-19 trend","Korea, NGDP, Expenditure, Domestic demand, Private consumption, Household consumption, Domestic final consumption, Non-durable goods, SA, KRW bn, % of Poly 2013-19 trend",None,line
"Korea, NGDP, Expenditure, Domestic demand, Private consumption, Household consumption, Domestic final consumption, SA, KRW bn, % of 2013-19 trend","Korea, NGDP, Expenditure, Domestic demand, Private consumption, Household consumption, Domestic final consumption, SA, KRW bn, % of 2013-19 trend",None,line
"Korea, NGDP, Expenditure, Domestic demand, Private consumption, Household consumption, Domestic final consumption, SA, KRW bn, % of Poly 2013-19 trend","Korea, NGDP, Expenditure, Domestic demand, Private consumption, Household consumption, Domestic final consumption, SA, KRW bn, % of Poly 2013-19 trend",None,line
"Korea, NGDP, Expenditure, Domestic demand, Private consumption, Household consumption, Domestic final consumption, Semi-durable goods, SA, KRW bn, % of 2013-19 trend","Korea, NGDP, Expenditure, Domestic demand, Private consumption, Household consumption, Domestic final consumption, Semi-durable goods, SA, KRW bn, % of 2013-19 trend",None,line
"Korea, NGDP, Expenditure, Domestic demand, Private consumption, Household consumption, Domestic final consumption, Semi-durable goods, SA, KRW bn, % of Poly 2013-19 trend","Korea, NGDP, Expenditure, Domestic demand, Private consumption, Household consumption, Domestic final consumption, Semi-durable goods, SA, KRW bn, % of Poly 2013-19 trend",None,line
"Korea, NGDP, Expenditure, Domestic demand, Private consumption, Household consumption, Domestic final consumption, Services, SA, KRW bn, % of 2013-19 trend","Korea, NGDP, Expenditure, Domestic demand, Private consumption, Household consumption, Domestic final consumption, Services, SA, KRW bn, % of 2013-19 trend",None,line
"Korea, NGDP, Expenditure, Domestic demand, Private consumption, Household consumption, Domestic final consumption, Services, SA, KRW bn, % of Poly 2013-19 trend","Korea, NGDP, Expenditure, Domestic demand, Private consumption, Household consumption, Domestic final consumption, Services, SA, KRW bn, % of Poly 2013-19 trend",None,line
"Korea, RGDP, Expenditure, Domestic demand, Gross capital formation, Gross fixed capital formation, Construction, Building construction, Non-residential buildings, SA, KRW bn, % of 2013-19 trend","Korea, RGDP, Expenditure, Domestic demand, Gross capital formation, Gross fixed capital formation, Construction, Building construction, Non-residential buildings, SA, KRW bn, % of 2013-19 trend",None,line
"Korea, RGDP, Expenditure, Domestic demand, Gross capital formation, Gross fixed capital formation, Construction, Building construction, Non-residential buildings, SA, KRW bn, % of Poly 2013-19 trend","Korea, RGDP, Expenditure, Domestic demand, Gross capital formation, Gross fixed capital formation, Construction, Building construction, Non-residential buildings, SA, KRW bn, % of Poly 2013-19 trend",None,line
"Korea, RGDP, Expenditure, Domestic demand, Gross capital formation, Gross fixed capital formation, Construction, Building construction, Residential, SA, KRW bn, % of 2013-19 trend","Korea, RGDP, Expenditure, Domestic demand, Gross capital formation, Gross fixed capital formation, Construction, Building construction, Residential, SA, KRW bn, % of 2013-19 trend",None,line
"Korea, RGDP, Expenditure, Domestic demand, Gross capital formation, Gross fixed capital formation, Construction, Building construction, Residential, SA, KRW bn, % of Poly 2013-19 trend","Korea, RGDP, Expenditure, Domestic demand, Gross capital formation, Gross fixed capital formation, Construction, Building construction, Residential, SA, KRW bn, % of Poly 2013-19 trend",None,line
"Korea, RGDP, Expenditure, Domestic demand, Gross capital formation, Gross fixed capital formation, Construction, Building construction, SA, KRW bn, % of 2013-19 trend","Korea, RGDP, Expenditure, Domestic demand, Gross capital formation, Gross fixed capital formation, Construction, Building construction, SA, KRW bn, % of 2013-19 trend",None,line
"Korea, RGDP, Expenditure, Domestic demand, Gross capital formation, Gross fixed capital formation, Construction, Building construction, SA, KRW bn, % of Poly 2013-19 trend","Korea, RGDP, Expenditure, Domestic demand, Gross capital formation, Gross fixed capital formation, Construction, Building construction, SA, KRW bn, % of Poly 2013-19 trend",None,line
"Korea, RGDP, Expenditure, Domestic demand, Gross capital formation, Gross fixed capital formation, Construction, Civil engineering, SA, KRW bn, % of 2013-19 trend","Korea, RGDP, Expenditure, Domestic demand, Gross capital formation, Gross fixed capital formation, Construction, Civil engineering, SA, KRW bn, % of 2013-19 trend",None,line
"Korea, RGDP, Expenditure, Domestic demand, Gross capital formation, Gross fixed capital formation, Construction, Civil engineering, SA, KRW bn, % of Poly 2013-19 trend","Korea, RGDP, Expenditure, Domestic demand, Gross capital formation, Gross fixed capital formation, Construction, Civil engineering, SA, KRW bn, % of Poly 2013-19 trend",None,line
"Korea, RGDP, Expenditure, Domestic demand, Gross capital formation, Gross fixed capital formation, Construction, SA, KRW bn, % of 2013-19 trend","Korea, RGDP, Expenditure, Domestic demand, Gross capital formation, Gross fixed capital formation, Construction, SA, KRW bn, % of 2013-19 trend",None,line
"Korea, RGDP, Expenditure, Domestic demand, Gross capital formation, Gross fixed capital formation, Construction, SA, KRW bn, % of Poly 2013-19 trend","Korea, RGDP, Expenditure, Domestic demand, Gross capital formation, Gross fixed capital formation, Construction, SA, KRW bn, % of Poly 2013-19 trend",None,line
"Korea, RGDP, Expenditure, Domestic demand, Gross capital formation, Gross fixed capital formation, Facilities investment, Other machinery and equipment, SA, KRW bn, % of 2013-19 trend","Korea, RGDP, Expenditure, Domestic demand, Gross capital formation, Gross fixed capital formation, Facilities investment, Other machinery and equipment, SA, KRW bn, % of 2013-19 trend",None,line
"Korea, RGDP, Expenditure, Domestic demand, Gross capital formation, Gross fixed capital formation, Facilities investment, Other machinery and equipment, SA, KRW bn, % of Poly 2013-19 trend","Korea, RGDP, Expenditure, Domestic demand, Gross capital formation, Gross fixed capital formation, Facilities investment, Other machinery and equipment, SA, KRW bn, % of Poly 2013-19 trend",None,line
"Korea, RGDP, Expenditure, Domestic demand, Gross capital formation, Gross fixed capital formation, Facilities investment, Transport equipment, SA, KRW bn, % of 2013-19 trend","Korea, RGDP, Expenditure, Domestic demand, Gross capital formation, Gross fixed capital formation, Facilities investment, Transport equipment, SA, KRW bn, % of 2013-19 trend",None,line
"Korea, RGDP, Expenditure, Domestic demand, Gross capital formation, Gross fixed capital formation, Facilities investment, Transport equipment, SA, KRW bn, % of Poly 2013-19 trend","Korea, RGDP, Expenditure, Domestic demand, Gross capital formation, Gross fixed capital formation, Facilities investment, Transport equipment, SA, KRW bn, % of Poly 2013-19 trend",None,line
"Korea, RGDP, Expenditure, Domestic demand, Gross capital formation, Gross fixed capital formation, Intellectual property products, Other intellectual property products, SA, KRW bn, % of 2013-19 trend","Korea, RGDP, Expenditure, Domestic demand, Gross capital formation, Gross fixed capital formation, Intellectual property products, Other intellectual property products, SA, KRW bn, % of 2013-19 trend",None,line
"Korea, RGDP, Expenditure, Domestic demand, Gross capital formation, Gross fixed capital formation, Intellectual property products, Other intellectual property products, SA, KRW bn, % of Poly 2013-19 trend","Korea, RGDP, Expenditure, Domestic demand, Gross capital formation, Gross fixed capital formation, Intellectual property products, Other intellectual property products, SA, KRW bn, % of Poly 2013-19 trend",None,line
"Korea, RGDP, Expenditure, Domestic demand, Gross capital formation, Gross fixed capital formation, Intellectual property products, Research and development, SA, KRW bn, % of 2013-19 trend","Korea, RGDP, Expenditure, Domestic demand, Gross capital formation, Gross fixed capital formation, Intellectual property products, Research and development, SA, KRW bn, % of 2013-19 trend",None,line
"Korea, RGDP, Expenditure, Domestic demand, Gross capital formation, Gross fixed capital formation, Intellectual property products, Research and development, SA, KRW bn, % of Poly 2013-19 trend","Korea, RGDP, Expenditure, Domestic demand, Gross capital formation, Gross fixed capital formation, Intellectual property products, Research and development, SA, KRW bn, % of Poly 2013-19 trend",None,line
"Korea, RGDP, Expenditure, Domestic demand, Private consumption, Household consumption, Direct purchases abroad by resident households, SA, KRW bn, % of 2013-19 trend","Korea, RGDP, Expenditure, Domestic demand, Private consumption, Household consumption, Direct purchases abroad by resident households, SA, KRW bn, % of 2013-19 trend",None,line
"Korea, RGDP, Expenditure, Domestic demand, Private consumption, Household consumption, Direct purchases abroad by resident households, SA, KRW bn, % of Poly 2013-19 trend","Korea, RGDP, Expenditure, Domestic demand, Private consumption, Household consumption, Direct purchases abroad by resident households, SA, KRW bn, % of Poly 2013-19 trend",None,line
"Korea, RGDP, Expenditure, Domestic demand, Private consumption, Household consumption, Direct purchases in the domestic market by non-resident households, SA, KRW bn, % of 2013-19 trend","Korea, RGDP, Expenditure, Domestic demand, Private consumption, Household consumption, Direct purchases in the domestic market by non-resident households, SA, KRW bn, % of 2013-19 trend",None,line
"Korea, RGDP, Expenditure, Domestic demand, Private consumption, Household consumption, Direct purchases in the domestic market by non-resident households, SA, KRW bn, % of Poly 2013-19 trend","Korea, RGDP, Expenditure, Domestic demand, Private consumption, Household consumption, Direct purchases in the domestic market by non-resident households, SA, KRW bn, % of Poly 2013-19 trend",None,line
"Korea, RGDP, Expenditure, Domestic demand, Private consumption, Household consumption, Domestic final consumption, Durable goods, SA, KRW bn, % of 2013-19 trend","Korea, RGDP, Expenditure, Domestic demand, Private consumption, Household consumption, Domestic final consumption, Durable goods, SA, KRW bn, % of 2013-19 trend",None,line
"Korea, RGDP, Expenditure, Domestic demand, Private consumption, Household consumption, Domestic final consumption, Durable goods, SA, KRW bn, % of Poly 2013-19 trend","Korea, RGDP, Expenditure, Domestic demand, Private consumption, Household consumption, Domestic final consumption, Durable goods, SA, KRW bn, % of Poly 2013-19 trend",None,line
"Korea, RGDP, Expenditure, Domestic demand, Private consumption, Household consumption, Domestic final consumption, Non-durable goods, SA, KRW bn, % of 2013-19 trend","Korea, RGDP, Expenditure, Domestic demand, Private consumption, Household consumption, Domestic final consumption, Non-durable goods, SA, KRW bn, % of 2013-19 trend",None,line
"Korea, RGDP, Expenditure, Domestic demand, Private consumption, Household consumption, Domestic final consumption, Non-durable goods, SA, KRW bn, % of Poly 2013-19 trend","Korea, RGDP, Expenditure, Domestic demand, Private consumption, Household consumption, Domestic final consumption, Non-durable goods, SA, KRW bn, % of Poly 2013-19 trend",None,line
"Korea, RGDP, Expenditure, Domestic demand, Private consumption, Household consumption, Domestic final consumption, SA, KRW bn, % of 2013-19 trend","Korea, RGDP, Expenditure, Domestic demand, Private consumption, Household consumption, Domestic final consumption, SA, KRW bn, % of 2013-19 trend",None,line
"Korea, RGDP, Expenditure, Domestic demand, Private consumption, Household consumption, Domestic final consumption, SA, KRW bn, % of Poly 2013-19 trend","Korea, RGDP, Expenditure, Domestic demand, Private consumption, Household consumption, Domestic final consumption, SA, KRW bn, % of Poly 2013-19 trend",None,line
"Korea, RGDP, Expenditure, Domestic demand, Private consumption, Household consumption, Domestic final consumption, Semi-durable goods, SA, KRW bn, % of 2013-19 trend","Korea, RGDP, Expenditure, Domestic demand, Private consumption, Household consumption, Domestic final consumption, Semi-durable goods, SA, KRW bn, % of 2013-19 trend",None,line
"Korea, RGDP, Expenditure, Domestic demand, Private consumption, Household consumption, Domestic final consumption, Semi-durable goods, SA, KRW bn, % of Poly 2013-19 trend","Korea, RGDP, Expenditure, Domestic demand, Private consumption, Household consumption, Domestic final consumption, Semi-durable goods, SA, KRW bn, % of Poly 2013-19 trend",None,line
"Korea, RGDP, Expenditure, Domestic demand, Private consumption, Household consumption, Domestic final consumption, Services, SA, KRW bn, % of 2013-19 trend","Korea, RGDP, Expenditure, Domestic demand, Private consumption, Household consumption, Domestic final consumption, Services, SA, KRW bn, % of 2013-19 trend",None,line
"Korea, RGDP, Expenditure, Domestic demand, Private consumption, Household consumption, Domestic final consumption, Services, SA, KRW bn, % of Poly 2013-19 trend","Korea, RGDP, Expenditure, Domestic demand, Private consumption, Household consumption, Domestic final consumption, Services, SA, KRW bn, % of Poly 2013-19 trend",None,line
"Korea, RGDI, SA, KRW bn, % of 2013-19 trend","Korea, RGDI, SA, KRW bn, % of 2013-19 trend",None,line
"Korea, RGDI, SA, KRW bn, % of Poly 2013-19 trend","Korea, RGDI, SA, KRW bn, % of Poly 2013-19 trend",None,line
"Korea, RGDP, Trading gains, SA, KRW bn, % of 2013-19 trend","Korea, RGDP, Trading gains, SA, KRW bn, % of 2013-19 trend",None,line
"Korea, RGDP, Trading gains, SA, KRW bn, % of Poly 2013-19 trend","Korea, RGDP, Trading gains, SA, KRW bn, % of Poly 2013-19 trend",None,line
"Korea, RGDP, ICT sector, Exports of goods, SA, KRW bn, % of 2013-19 trend","Korea, RGDP, ICT sector, Exports of goods, SA, KRW bn, % of 2013-19 trend",None,line
"Korea, RGDP, ICT sector, Exports of goods, SA, KRW bn, % of Poly 2013-19 trend","Korea, RGDP, ICT sector, Exports of goods, SA, KRW bn, % of Poly 2013-19 trend",None,line
"Korea, RGDP, ICT sector, Imports of goods, SA, KRW bn, % of 2013-19 trend","Korea, RGDP, ICT sector, Imports of goods, SA, KRW bn, % of 2013-19 trend",None,line
"Korea, RGDP, ICT sector, Imports of goods, SA, KRW bn, % of Poly 2013-19 trend","Korea, RGDP, ICT sector, Imports of goods, SA, KRW bn, % of Poly 2013-19 trend",None,line
"Korea, RGDP, ICT sector, Machinery and equipment investment, SA, KRW bn, % of 2013-19 trend","Korea, RGDP, ICT sector, Machinery and equipment investment, SA, KRW bn, % of 2013-19 trend",None,line
"Korea, RGDP, ICT sector, Machinery and equipment investment, SA, KRW bn, % of Poly 2013-19 trend","Korea, RGDP, ICT sector, Machinery and equipment investment, SA, KRW bn, % of Poly 2013-19 trend",None,line
"Korea, RGDP, ICT sector, Private consumption expenditure, SA, KRW bn, % of 2013-19 trend","Korea, RGDP, ICT sector, Private consumption expenditure, SA, KRW bn, % of 2013-19 trend",None,line
"Korea, RGDP, ICT sector, Private consumption expenditure, SA, KRW bn, % of Poly 2013-19 trend","Korea, RGDP, ICT sector, Private consumption expenditure, SA, KRW bn, % of Poly 2013-19 trend",None,line
"Korea, NGDP, GNI, SA, KRW bn, % of 2013-19 trend","Korea, NGDP, GNI, SA, KRW bn, % of 2013-19 trend",None,line
"Korea, NGDP, GNI, SA, KRW bn, % of Poly 2013-19 trend","Korea, NGDP, GNI, SA, KRW bn, % of Poly 2013-19 trend",None,line
"Korea, RGDP, GNI, SA, KRW bn, % of 2013-19 trend","Korea, RGDP, GNI, SA, KRW bn, % of 2013-19 trend",None,line
"Korea, RGDP, GNI, SA, KRW bn, % of Poly 2013-19 trend","Korea, RGDP, GNI, SA, KRW bn, % of Poly 2013-19 trend",None,line
"Korea, NGDP, Expenditure, Domestic demand, Gross capital formation, Gross fixed capital formation, Construction, Residential, SA, KRW bn, % of 2013-19 trend","Korea, NGDP, Expenditure, Domestic demand, Gross capital formation, Gross fixed capital formation, Construction, Residential, SA, KRW bn, % of 2013-19 trend",None,line
"Korea, NGDP, Expenditure, Domestic demand, Gross capital formation, Gross fixed capital formation, Construction, Residential, SA, KRW bn, % of Poly 2013-19 trend","Korea, NGDP, Expenditure, Domestic demand, Gross capital formation, Gross fixed capital formation, Construction, Residential, SA, KRW bn, % of Poly 2013-19 trend",None,line
"Korea, NGDP, Expenditure, Domestic demand, Gross capital formation, Gross fixed capital formation, Construction, Non-residential, SA, KRW bn, % of 2013-19 trend","Korea, NGDP, Expenditure, Domestic demand, Gross capital formation, Gross fixed capital formation, Construction, Non-residential, SA, KRW bn, % of 2013-19 trend",None,line
"Korea, NGDP, Expenditure, Domestic demand, Gross capital formation, Gross fixed capital formation, Construction, Non-residential, SA, KRW bn, % of Poly 2013-19 trend","Korea, NGDP, Expenditure, Domestic demand, Gross capital formation, Gross fixed capital formation, Construction, Non-residential, SA, KRW bn, % of Poly 2013-19 trend",None,line
"Korea, NGDP, Expenditure, Domestic demand, Gross capital formation, Gross fixed capital formation, Construction, Other buildings and structures, SA, KRW bn, % of 2013-19 trend","Korea, NGDP, Expenditure, Domestic demand, Gross capital formation, Gross fixed capital formation, Construction, Other buildings and structures, SA, KRW bn, % of 2013-19 trend",None,line
"Korea, NGDP, Expenditure, Domestic demand, Gross capital formation, Gross fixed capital formation, Construction, Other buildings and structures, SA, KRW bn, % of Poly 2013-19 trend","Korea, NGDP, Expenditure, Domestic demand, Gross capital formation, Gross fixed capital formation, Construction, Other buildings and structures, SA, KRW bn, % of Poly 2013-19 trend",None,line
"Korea, NGDP, Expenditure, Domestic demand, Gross capital formation, Gross fixed capital formation, Transport equipment, SA, KRW bn, % of 2013-19 trend","Korea, NGDP, Expenditure, Domestic demand, Gross capital formation, Gross fixed capital formation, Transport equipment, SA, KRW bn, % of 2013-19 trend",None,line
"Korea, NGDP, Expenditure, Domestic demand, Gross capital formation, Gross fixed capital formation, Transport equipment, SA, KRW bn, % of Poly 2013-19 trend","Korea, NGDP, Expenditure, Domestic demand, Gross capital formation, Gross fixed capital formation, Transport equipment, SA, KRW bn, % of Poly 2013-19 trend",None,line
"Korea, NGDP, Expenditure, Domestic demand, Gross capital formation, Gross fixed capital formation, Other machinery and equipment, SA, KRW bn, % of 2013-19 trend","Korea, NGDP, Expenditure, Domestic demand, Gross capital formation, Gross fixed capital formation, Other machinery and equipment, SA, KRW bn, % of 2013-19 trend",None,line
"Korea, NGDP, Expenditure, Domestic demand, Gross capital formation, Gross fixed capital formation, Other machinery and equipment, SA, KRW bn, % of Poly 2013-19 trend","Korea, NGDP, Expenditure, Domestic demand, Gross capital formation, Gross fixed capital formation, Other machinery and equipment, SA, KRW bn, % of Poly 2013-19 trend",None,line
"Korea, NGDP, Expenditure, Domestic demand, Private consumption, Household consumption, Domestic final consumption, Goods, SA, KRW bn, % of 2013-19 trend","Korea, NGDP, Expenditure, Domestic demand, Private consumption, Household consumption, Domestic final consumption, Goods, SA, KRW bn, % of 2013-19 trend",None,line
"Korea, NGDP, Expenditure, Domestic demand, Private consumption, Household consumption, Domestic final consumption, Goods, SA, KRW bn, % of Poly 2013-19 trend","Korea, NGDP, Expenditure, Domestic demand, Private consumption, Household consumption, Domestic final consumption, Goods, SA, KRW bn, % of Poly 2013-19 trend",None,line
"Korea, RGDP, Expenditure, Domestic demand, Gross capital formation, Gross fixed capital formation, Construction, Residential, SA, KRW bn, % of 2013-19 trend","Korea, RGDP, Expenditure, Domestic demand, Gross capital formation, Gross fixed capital formation, Construction, Residential, SA, KRW bn, % of 2013-19 trend",None,line
"Korea, RGDP, Expenditure, Domestic demand, Gross capital formation, Gross fixed capital formation, Construction, Residential, SA, KRW bn, % of Poly 2013-19 trend","Korea, RGDP, Expenditure, Domestic demand, Gross capital formation, Gross fixed capital formation, Construction, Residential, SA, KRW bn, % of Poly 2013-19 trend",None,line
"Korea, RGDP, Expenditure, Domestic demand, Gross capital formation, Gross fixed capital formation, Construction, Non-residential, SA, KRW bn, % of 2013-19 trend","Korea, RGDP, Expenditure, Domestic demand, Gross capital formation, Gross fixed capital formation, Construction, Non-residential, SA, KRW bn, % of 2013-19 trend",None,line
"Korea, RGDP, Expenditure, Domestic demand, Gross capital formation, Gross fixed capital formation, Construction, Non-residential, SA, KRW bn, % of Poly 2013-19 trend","Korea, RGDP, Expenditure, Domestic demand, Gross capital formation, Gross fixed capital formation, Construction, Non-residential, SA, KRW bn, % of Poly 2013-19 trend",None,line
"Korea, RGDP, Expenditure, Domestic demand, Gross capital formation, Gross fixed capital formation, Construction, Other buildings and structures, SA, KRW bn, % of 2013-19 trend","Korea, RGDP, Expenditure, Domestic demand, Gross capital formation, Gross fixed capital formation, Construction, Other buildings and structures, SA, KRW bn, % of 2013-19 trend",None,line
"Korea, RGDP, Expenditure, Domestic demand, Gross capital formation, Gross fixed capital formation, Construction, Other buildings and structures, SA, KRW bn, % of Poly 2013-19 trend","Korea, RGDP, Expenditure, Domestic demand, Gross capital formation, Gross fixed capital formation, Construction, Other buildings and structures, SA, KRW bn, % of Poly 2013-19 trend",None,line
"Korea, RGDP, Expenditure, Domestic demand, Gross capital formation, Gross fixed capital formation, Transport equipment, SA, KRW bn, % of 2013-19 trend","Korea, RGDP, Expenditure, Domestic demand, Gross capital formation, Gross fixed capital formation, Transport equipment, SA, KRW bn, % of 2013-19 trend",None,line
"Korea, RGDP, Expenditure, Domestic demand, Gross capital formation, Gross fixed capital formation, Transport equipment, SA, KRW bn, % of Poly 2013-19 trend","Korea, RGDP, Expenditure, Domestic demand, Gross capital formation, Gross fixed capital formation, Transport equipment, SA, KRW bn, % of Poly 2013-19 trend",None,line
"Korea, RGDP, Expenditure, Domestic demand, Gross capital formation, Gross fixed capital formation, Other machinery and equipment, SA, KRW bn, % of 2013-19 trend","Korea, RGDP, Expenditure, Domestic demand, Gross capital formation, Gross fixed capital formation, Other machinery and equipment, SA, KRW bn, % of 2013-19 trend",None,line
"Korea, RGDP, Expenditure, Domestic demand, Gross capital formation, Gross fixed capital formation, Other machinery and equipment, SA, KRW bn, % of Poly 2013-19 trend","Korea, RGDP, Expenditure, Domestic demand, Gross capital formation, Gross fixed capital formation, Other machinery and equipment, SA, KRW bn, % of Poly 2013-19 trend",None,line
"Korea, RGDP, Expenditure, Domestic demand, Private consumption, Household consumption, Domestic final consumption, Goods, SA, KRW bn, % of 2013-19 trend","Korea, RGDP, Expenditure, Domestic demand, Private consumption, Household consumption, Domestic final consumption, Goods, SA, KRW bn, % of 2013-19 trend",None,line
"Korea, RGDP, Expenditure, Domestic demand, Private consumption, Household consumption, Domestic final consumption, Goods, SA, KRW bn, % of Poly 2013-19 trend","Korea, RGDP, Expenditure, Domestic demand, Private consumption, Household consumption, Domestic final consumption, Goods, SA, KRW bn, % of Poly 2013-19 trend",None,line
"Korea, NGDP, Expenditure, Domestic demand, SA, KRW bn, % of 2013-19 trend","Korea, NGDP, Expenditure, Domestic demand, SA, KRW bn, % of 2013-19 trend",None,line
"Korea, NGDP, Expenditure, Domestic demand, SA, KRW bn, % of Poly 2013-19 trend","Korea, NGDP, Expenditure, Domestic demand, SA, KRW bn, % of Poly 2013-19 trend",None,line
"Korea, NGDP, Expenditure, Domestic demand, Excluding inventories, SA, KRW bn, % of 2013-19 trend","Korea, NGDP, Expenditure, Domestic demand, Excluding inventories, SA, KRW bn, % of 2013-19 trend",None,line
"Korea, NGDP, Expenditure, Domestic demand, Excluding inventories, SA, KRW bn, % of Poly 2013-19 trend","Korea, NGDP, Expenditure, Domestic demand, Excluding inventories, SA, KRW bn, % of Poly 2013-19 trend",None,line
"Korea, NGDP, Expenditure, Domestic demand, Private, Excluding inventories, SA, KRW bn, % of 2013-19 trend","Korea, NGDP, Expenditure, Domestic demand, Private, Excluding inventories, SA, KRW bn, % of 2013-19 trend",None,line
"Korea, NGDP, Expenditure, Domestic demand, Private, Excluding inventories, SA, KRW bn, % of Poly 2013-19 trend","Korea, NGDP, Expenditure, Domestic demand, Private, Excluding inventories, SA, KRW bn, % of Poly 2013-19 trend",None,line
"Korea, NGDP, Expenditure, Domestic demand, Public, Excluding inventories, SA, KRW bn, % of 2013-19 trend","Korea, NGDP, Expenditure, Domestic demand, Public, Excluding inventories, SA, KRW bn, % of 2013-19 trend",None,line
"Korea, NGDP, Expenditure, Domestic demand, Public, Excluding inventories, SA, KRW bn, % of Poly 2013-19 trend","Korea, NGDP, Expenditure, Domestic demand, Public, Excluding inventories, SA, KRW bn, % of Poly 2013-19 trend",None,line
"Korea, RGDP, Expenditure, Domestic demand, SA, KRW bn, % of 2013-19 trend","Korea, RGDP, Expenditure, Domestic demand, SA, KRW bn, % of 2013-19 trend",None,line
"Korea, RGDP, Expenditure, Domestic demand, SA, KRW bn, % of Poly 2013-19 trend","Korea, RGDP, Expenditure, Domestic demand, SA, KRW bn, % of Poly 2013-19 trend",None,line
"Korea, RGDP, Expenditure, Domestic demand, Excluding inventories, SA, KRW bn, % of 2013-19 trend","Korea, RGDP, Expenditure, Domestic demand, Excluding inventories, SA, KRW bn, % of 2013-19 trend",None,line
"Korea, RGDP, Expenditure, Domestic demand, Excluding inventories, SA, KRW bn, % of Poly 2013-19 trend","Korea, RGDP, Expenditure, Domestic demand, Excluding inventories, SA, KRW bn, % of Poly 2013-19 trend",None,line
"Korea, RGDP, Expenditure, Domestic demand, Private, Excluding inventories, SA, KRW bn, % of 2013-19 trend","Korea, RGDP, Expenditure, Domestic demand, Private, Excluding inventories, SA, KRW bn, % of 2013-19 trend",None,line
"Korea, RGDP, Expenditure, Domestic demand, Private, Excluding inventories, SA, KRW bn, % of Poly 2013-19 trend","Korea, RGDP, Expenditure, Domestic demand, Private, Excluding inventories, SA, KRW bn, % of Poly 2013-19 trend",None,line
"Korea, RGDP, Expenditure, Domestic demand, Public, Excluding inventories, SA, KRW bn, % of 2013-19 trend","Korea, RGDP, Expenditure, Domestic demand, Public, Excluding inventories, SA, KRW bn, % of 2013-19 trend",None,line
"Korea, RGDP, Expenditure, Domestic demand, Public, Excluding inventories, SA, KRW bn, % of Poly 2013-19 trend","Korea, RGDP, Expenditure, Domestic demand, Public, Excluding inventories, SA, KRW bn, % of Poly 2013-19 trend",None,line
"Korea, NGDP, Expenditure, Per capita, SA, KRW mn, % of 2013-19 trend","Korea, NGDP, Expenditure, Per capita, SA, KRW mn, % of 2013-19 trend",None,line
"Korea, NGDP, Expenditure, Per capita, SA, KRW mn, % of Poly 2013-19 trend","Korea, NGDP, Expenditure, Per capita, SA, KRW mn, % of Poly 2013-19 trend",None,line
"Korea, RGDP, Expenditure, Per capita, SA, KRW mn, % of 2013-19 trend","Korea, RGDP, Expenditure, Per capita, SA, KRW mn, % of 2013-19 trend",None,line
"Korea, RGDP, Expenditure, Per capita, SA, KRW mn, % of Poly 2013-19 trend","Korea, RGDP, Expenditure, Per capita, SA, KRW mn, % of Poly 2013-19 trend",None,line
"Korea, RGDI, Per capita, SA, KRW mn, % of 2013-19 trend","Korea, RGDI, Per capita, SA, KRW mn, % of 2013-19 trend",None,line
"Korea, RGDI, Per capita, SA, KRW mn, % of Poly 2013-19 trend","Korea, RGDI, Per capita, SA, KRW mn, % of Poly 2013-19 trend",None,line
"Korea, NGDP, Expenditure, Domestic demand, Private consumption, Household consumption, Per capita, SA, KRW mn, % of 2013-19 trend","Korea, NGDP, Expenditure, Domestic demand, Private consumption, Household consumption, Per capita, SA, KRW mn, % of 2013-19 trend",None,line
"Korea, NGDP, Expenditure, Domestic demand, Private consumption, Household consumption, Per capita, SA, KRW mn, % of Poly 2013-19 trend","Korea, NGDP, Expenditure, Domestic demand, Private consumption, Household consumption, Per capita, SA, KRW mn, % of Poly 2013-19 trend",None,line
"Korea, NGDP, Expenditure, Domestic demand, Private consumption, Non-profit institutions serving households, Per capita, SA, KRW mn, % of 2013-19 trend","Korea, NGDP, Expenditure, Domestic demand, Private consumption, Non-profit institutions serving households, Per capita, SA, KRW mn, % of 2013-19 trend",None,line
"Korea, NGDP, Expenditure, Domestic demand, Private consumption, Non-profit institutions serving households, Per capita, SA, KRW mn, % of Poly 2013-19 trend","Korea, NGDP, Expenditure, Domestic demand, Private consumption, Non-profit institutions serving households, Per capita, SA, KRW mn, % of Poly 2013-19 trend",None,line
"Korea, NGDP, Expenditure, Domestic demand, Private consumption, Per capita, SA, KRW mn, % of 2013-19 trend","Korea, NGDP, Expenditure, Domestic demand, Private consumption, Per capita, SA, KRW mn, % of 2013-19 trend",None,line
"Korea, NGDP, Expenditure, Domestic demand, Private consumption, Per capita, SA, KRW mn, % of Poly 2013-19 trend","Korea, NGDP, Expenditure, Domestic demand, Private consumption, Per capita, SA, KRW mn, % of Poly 2013-19 trend",None,line
"Korea, RGDP, Expenditure, Domestic demand, Private consumption, Household consumption, Per capita, SA, KRW mn, % of 2013-19 trend","Korea, RGDP, Expenditure, Domestic demand, Private consumption, Household consumption, Per capita, SA, KRW mn, % of 2013-19 trend",None,line
"Korea, RGDP, Expenditure, Domestic demand, Private consumption, Household consumption, Per capita, SA, KRW mn, % of Poly 2013-19 trend","Korea, RGDP, Expenditure, Domestic demand, Private consumption, Household consumption, Per capita, SA, KRW mn, % of Poly 2013-19 trend",None,line
"Korea, RGDP, Expenditure, Domestic demand, Private consumption, Non-profit institutions serving households, Per capita, SA, KRW mn, % of 2013-19 trend","Korea, RGDP, Expenditure, Domestic demand, Private consumption, Non-profit institutions serving households, Per capita, SA, KRW mn, % of 2013-19 trend",None,line
"Korea, RGDP, Expenditure, Domestic demand, Private consumption, Non-profit institutions serving households, Per capita, SA, KRW mn, % of Poly 2013-19 trend","Korea, RGDP, Expenditure, Domestic demand, Private consumption, Non-profit institutions serving households, Per capita, SA, KRW mn, % of Poly 2013-19 trend",None,line
"Korea, RGDP, Expenditure, Domestic demand, Private consumption, Per capita, SA, KRW mn, % of 2013-19 trend","Korea, RGDP, Expenditure, Domestic demand, Private consumption, Per capita, SA, KRW mn, % of 2013-19 trend",None,line
"Korea, RGDP, Expenditure, Domestic demand, Private consumption, Per capita, SA, KRW mn, % of Poly 2013-19 trend","Korea, RGDP, Expenditure, Domestic demand, Private consumption, Per capita, SA, KRW mn, % of Poly 2013-19 trend",None,line
"Korea, NGDP, Expenditure, Domestic demand, Private consumption, Household consumption, Direct purchases abroad by resident households, Per capita, SA, KRW mn, % of 2013-19 trend","Korea, NGDP, Expenditure, Domestic demand, Private consumption, Household consumption, Direct purchases abroad by resident households, Per capita, SA, KRW mn, % of 2013-19 trend",None,line
"Korea, NGDP, Expenditure, Domestic demand, Private consumption, Household consumption, Direct purchases abroad by resident households, Per capita, SA, KRW mn, % of Poly 2013-19 trend","Korea, NGDP, Expenditure, Domestic demand, Private consumption, Household consumption, Direct purchases abroad by resident households, Per capita, SA, KRW mn, % of Poly 2013-19 trend",None,line
"Korea, NGDP, Expenditure, Domestic demand, Private consumption, Household consumption, Direct purchases in the domestic market by non-resident households, Per capita, SA, KRW mn, % of 2013-19 trend","Korea, NGDP, Expenditure, Domestic demand, Private consumption, Household consumption, Direct purchases in the domestic market by non-resident households, Per capita, SA, KRW mn, % of 2013-19 trend",None,line
"Korea, NGDP, Expenditure, Domestic demand, Private consumption, Household consumption, Direct purchases in the domestic market by non-resident households, Per capita, SA, KRW mn, % of Poly 2013-19 trend","Korea, NGDP, Expenditure, Domestic demand, Private consumption, Household consumption, Direct purchases in the domestic market by non-resident households, Per capita, SA, KRW mn, % of Poly 2013-19 trend",None,line
"Korea, NGDP, Expenditure, Domestic demand, Private consumption, Household consumption, Domestic final consumption, Durable goods, Per capita, SA, KRW mn, % of 2013-19 trend","Korea, NGDP, Expenditure, Domestic demand, Private consumption, Household consumption, Domestic final consumption, Durable goods, Per capita, SA, KRW mn, % of 2013-19 trend",None,line
"Korea, NGDP, Expenditure, Domestic demand, Private consumption, Household consumption, Domestic final consumption, Durable goods, Per capita, SA, KRW mn, % of Poly 2013-19 trend","Korea, NGDP, Expenditure, Domestic demand, Private consumption, Household consumption, Domestic final consumption, Durable goods, Per capita, SA, KRW mn, % of Poly 2013-19 trend",None,line
"Korea, NGDP, Expenditure, Domestic demand, Private consumption, Household consumption, Domestic final consumption, Non-durable goods, Per capita, SA, KRW mn, % of 2013-19 trend","Korea, NGDP, Expenditure, Domestic demand, Private consumption, Household consumption, Domestic final consumption, Non-durable goods, Per capita, SA, KRW mn, % of 2013-19 trend",None,line
"Korea, NGDP, Expenditure, Domestic demand, Private consumption, Household consumption, Domestic final consumption, Non-durable goods, Per capita, SA, KRW mn, % of Poly 2013-19 trend","Korea, NGDP, Expenditure, Domestic demand, Private consumption, Household consumption, Domestic final consumption, Non-durable goods, Per capita, SA, KRW mn, % of Poly 2013-19 trend",None,line
"Korea, NGDP, Expenditure, Domestic demand, Private consumption, Household consumption, Domestic final consumption, Per capita, SA, KRW mn, % of 2013-19 trend","Korea, NGDP, Expenditure, Domestic demand, Private consumption, Household consumption, Domestic final consumption, Per capita, SA, KRW mn, % of 2013-19 trend",None,line
"Korea, NGDP, Expenditure, Domestic demand, Private consumption, Household consumption, Domestic final consumption, Per capita, SA, KRW mn, % of Poly 2013-19 trend","Korea, NGDP, Expenditure, Domestic demand, Private consumption, Household consumption, Domestic final consumption, Per capita, SA, KRW mn, % of Poly 2013-19 trend",None,line
"Korea, NGDP, Expenditure, Domestic demand, Private consumption, Household consumption, Domestic final consumption, Semi-durable goods, Per capita, SA, KRW mn, % of 2013-19 trend","Korea, NGDP, Expenditure, Domestic demand, Private consumption, Household consumption, Domestic final consumption, Semi-durable goods, Per capita, SA, KRW mn, % of 2013-19 trend",None,line
"Korea, NGDP, Expenditure, Domestic demand, Private consumption, Household consumption, Domestic final consumption, Semi-durable goods, Per capita, SA, KRW mn, % of Poly 2013-19 trend","Korea, NGDP, Expenditure, Domestic demand, Private consumption, Household consumption, Domestic final consumption, Semi-durable goods, Per capita, SA, KRW mn, % of Poly 2013-19 trend",None,line
"Korea, NGDP, Expenditure, Domestic demand, Private consumption, Household consumption, Domestic final consumption, Services, Per capita, SA, KRW mn, % of 2013-19 trend","Korea, NGDP, Expenditure, Domestic demand, Private consumption, Household consumption, Domestic final consumption, Services, Per capita, SA, KRW mn, % of 2013-19 trend",None,line
"Korea, NGDP, Expenditure, Domestic demand, Private consumption, Household consumption, Domestic final consumption, Services, Per capita, SA, KRW mn, % of Poly 2013-19 trend","Korea, NGDP, Expenditure, Domestic demand, Private consumption, Household consumption, Domestic final consumption, Services, Per capita, SA, KRW mn, % of Poly 2013-19 trend",None,line
"Korea, RGDP, Expenditure, Domestic demand, Private consumption, Household consumption, Direct purchases abroad by resident households, Per capita, SA, KRW mn, % of 2013-19 trend","Korea, RGDP, Expenditure, Domestic demand, Private consumption, Household consumption, Direct purchases abroad by resident households, Per capita, SA, KRW mn, % of 2013-19 trend",None,line
"Korea, RGDP, Expenditure, Domestic demand, Private consumption, Household consumption, Direct purchases abroad by resident households, Per capita, SA, KRW mn, % of Poly 2013-19 trend","Korea, RGDP, Expenditure, Domestic demand, Private consumption, Household consumption, Direct purchases abroad by resident households, Per capita, SA, KRW mn, % of Poly 2013-19 trend",None,line
"Korea, RGDP, Expenditure, Domestic demand, Private consumption, Household consumption, Direct purchases in the domestic market by non-resident households, Per capita, SA, KRW mn, % of 2013-19 trend","Korea, RGDP, Expenditure, Domestic demand, Private consumption, Household consumption, Direct purchases in the domestic market by non-resident households, Per capita, SA, KRW mn, % of 2013-19 trend",None,line
"Korea, RGDP, Expenditure, Domestic demand, Private consumption, Household consumption, Direct purchases in the domestic market by non-resident households, Per capita, SA, KRW mn, % of Poly 2013-19 trend","Korea, RGDP, Expenditure, Domestic demand, Private consumption, Household consumption, Direct purchases in the domestic market by non-resident households, Per capita, SA, KRW mn, % of Poly 2013-19 trend",None,line
"Korea, RGDP, Expenditure, Domestic demand, Private consumption, Household consumption, Domestic final consumption, Durable goods, Per capita, SA, KRW mn, % of 2013-19 trend","Korea, RGDP, Expenditure, Domestic demand, Private consumption, Household consumption, Domestic final consumption, Durable goods, Per capita, SA, KRW mn, % of 2013-19 trend",None,line
"Korea, RGDP, Expenditure, Domestic demand, Private consumption, Household consumption, Domestic final consumption, Durable goods, Per capita, SA, KRW mn, % of Poly 2013-19 trend","Korea, RGDP, Expenditure, Domestic demand, Private consumption, Household consumption, Domestic final consumption, Durable goods, Per capita, SA, KRW mn, % of Poly 2013-19 trend",None,line
"Korea, RGDP, Expenditure, Domestic demand, Private consumption, Household consumption, Domestic final consumption, Non-durable goods, Per capita, SA, KRW mn, % of 2013-19 trend","Korea, RGDP, Expenditure, Domestic demand, Private consumption, Household consumption, Domestic final consumption, Non-durable goods, Per capita, SA, KRW mn, % of 2013-19 trend",None,line
"Korea, RGDP, Expenditure, Domestic demand, Private consumption, Household consumption, Domestic final consumption, Non-durable goods, Per capita, SA, KRW mn, % of Poly 2013-19 trend","Korea, RGDP, Expenditure, Domestic demand, Private consumption, Household consumption, Domestic final consumption, Non-durable goods, Per capita, SA, KRW mn, % of Poly 2013-19 trend",None,line
"Korea, RGDP, Expenditure, Domestic demand, Private consumption, Household consumption, Domestic final consumption, Per capita, SA, KRW mn, % of 2013-19 trend","Korea, RGDP, Expenditure, Domestic demand, Private consumption, Household consumption, Domestic final consumption, Per capita, SA, KRW mn, % of 2013-19 trend",None,line
"Korea, RGDP, Expenditure, Domestic demand, Private consumption, Household consumption, Domestic final consumption, Per capita, SA, KRW mn, % of Poly 2013-19 trend","Korea, RGDP, Expenditure, Domestic demand, Private consumption, Household consumption, Domestic final consumption, Per capita, SA, KRW mn, % of Poly 2013-19 trend",None,line
"Korea, RGDP, Expenditure, Domestic demand, Private consumption, Household consumption, Domestic final consumption, Semi-durable goods, Per capita, SA, KRW mn, % of 2013-19 trend","Korea, RGDP, Expenditure, Domestic demand, Private consumption, Household consumption, Domestic final consumption, Semi-durable goods, Per capita, SA, KRW mn, % of 2013-19 trend",None,line
"Korea, RGDP, Expenditure, Domestic demand, Private consumption, Household consumption, Domestic final consumption, Semi-durable goods, Per capita, SA, KRW mn, % of Poly 2013-19 trend","Korea, RGDP, Expenditure, Domestic demand, Private consumption, Household consumption, Domestic final consumption, Semi-durable goods, Per capita, SA, KRW mn, % of Poly 2013-19 trend",None,line
"Korea, RGDP, Expenditure, Domestic demand, Private consumption, Household consumption, Domestic final consumption, Services, Per capita, SA, KRW mn, % of 2013-19 trend","Korea, RGDP, Expenditure, Domestic demand, Private consumption, Household consumption, Domestic final consumption, Services, Per capita, SA, KRW mn, % of 2013-19 trend",None,line
"Korea, RGDP, Expenditure, Domestic demand, Private consumption, Household consumption, Domestic final consumption, Services, Per capita, SA, KRW mn, % of Poly 2013-19 trend","Korea, RGDP, Expenditure, Domestic demand, Private consumption, Household consumption, Domestic final consumption, Services, Per capita, SA, KRW mn, % of Poly 2013-19 trend",None,line
"Korea, RGDP, ICT sector, Private consumption expenditure, Per capita, SA, KRW mn, % of 2013-19 trend","Korea, RGDP, ICT sector, Private consumption expenditure, Per capita, SA, KRW mn, % of 2013-19 trend",None,line
"Korea, RGDP, ICT sector, Private consumption expenditure, Per capita, SA, KRW mn, % of Poly 2013-19 trend","Korea, RGDP, ICT sector, Private consumption expenditure, Per capita, SA, KRW mn, % of Poly 2013-19 trend",None,line
"Korea, NGDP, Expenditure, Domestic demand, Private consumption, Household consumption, Domestic final consumption, Goods, Per capita, SA, KRW mn, % of 2013-19 trend","Korea, NGDP, Expenditure, Domestic demand, Private consumption, Household consumption, Domestic final consumption, Goods, Per capita, SA, KRW mn, % of 2013-19 trend",None,line
"Korea, NGDP, Expenditure, Domestic demand, Private consumption, Household consumption, Domestic final consumption, Goods, Per capita, SA, KRW mn, % of Poly 2013-19 trend","Korea, NGDP, Expenditure, Domestic demand, Private consumption, Household consumption, Domestic final consumption, Goods, Per capita, SA, KRW mn, % of Poly 2013-19 trend",None,line
"Korea, RGDP, Expenditure, Domestic demand, Private consumption, Household consumption, Domestic final consumption, Goods, Per capita, SA, KRW mn, % of 2013-19 trend","Korea, RGDP, Expenditure, Domestic demand, Private consumption, Household consumption, Domestic final consumption, Goods, Per capita, SA, KRW mn, % of 2013-19 trend",None,line
"Korea, RGDP, Expenditure, Domestic demand, Private consumption, Household consumption, Domestic final consumption, Goods, Per capita, SA, KRW mn, % of Poly 2013-19 trend","Korea, RGDP, Expenditure, Domestic demand, Private consumption, Household consumption, Domestic final consumption, Goods, Per capita, SA, KRW mn, % of Poly 2013-19 trend",None,line
"Korea, NGDP, Income, Compensation per worker, SA, KRW mn, % of 2013-19 trend","Korea, NGDP, Income, Compensation per worker, SA, KRW mn, % of 2013-19 trend",None,line
"Korea, NGDP, Income, Compensation per worker, SA, KRW mn, % of Poly 2013-19 trend","Korea, NGDP, Income, Compensation per worker, SA, KRW mn, % of Poly 2013-19 trend",None,line
"Korea, RGDP, Expenditure, HP filter, cycle","Korea, RGDP, Expenditure, HP filter, cycle",None,line
"Korea, RGDP, Expenditure, HP filter, trend","Korea, RGDP, Expenditure, HP filter, trend",None,line
"Korea, RGDP, Expenditure, HP filter, output gap","Korea, RGDP, Expenditure, HP filter, output gap",None,line
"Korea, RGDP, Expenditure, Hamilton filter, trend","Korea, RGDP, Expenditure, Hamilton filter, trend",None,line
"Korea, RGDP, Expenditure, Hamilton filter, cycle","Korea, RGDP, Expenditure, Hamilton filter, cycle",None,line
"Korea, RGDP, Expenditure, Hamilton filter, output gap","Korea, RGDP, Expenditure, Hamilton filter, output gap",None,line
"Korea, Deflator, Expenditure, Domestic demand, Private consumption, SA, Index","Korea, Deflator, Expenditure, Domestic demand, Private consumption, SA, Index",None,line
"Korea, Deflator, Expenditure, Domestic demand, Government consumption, SA, Index","Korea, Deflator, Expenditure, Domestic demand, Government consumption, SA, Index",None,line
"Korea, Deflator, Expenditure, Domestic demand, Gross capital formation, Gross fixed capital formation, SA, Index","Korea, Deflator, Expenditure, Domestic demand, Gross capital formation, Gross fixed capital formation, SA, Index",None,line
"Korea, Deflator, Expenditure, Net exports of goods and services, Exports of goods and services, Goods, SA, Index","Korea, Deflator, Expenditure, Net exports of goods and services, Exports of goods and services, Goods, SA, Index",None,line
"Korea, Deflator, Expenditure, Net exports of goods and services, Exports of goods and services, Services, SA, Index","Korea, Deflator, Expenditure, Net exports of goods and services, Exports of goods and services, Services, SA, Index",None,line
"Korea, Deflator, Expenditure, Net exports of goods and services, Imports of goods and services, Goods, SA, Index","Korea, Deflator, Expenditure, Net exports of goods and services, Imports of goods and services, Goods, SA, Index",None,line
"Korea, Deflator, Expenditure, Net exports of goods and services, Imports of goods and services, Services, SA, Index","Korea, Deflator, Expenditure, Net exports of goods and services, Imports of goods and services, Services, SA, Index",None,line
"Korea, NGDP, Expenditure, Domestic demand, Final consumption expenditure, SA, % of GDP","Korea, NGDP, Expenditure, Domestic demand, Final consumption expenditure, SA, % of GDP",None,line
"Korea, NGDP, Expenditure, Domestic demand, Government consumption, SA, % of GDP","Korea, NGDP, Expenditure, Domestic demand, Government consumption, SA, % of GDP",None,line
"Korea, NGDP, Expenditure, Domestic demand, Gross capital formation, Gross fixed capital formation, Buildings and structures, SA, % of GDP","Korea, NGDP, Expenditure, Domestic demand, Gross capital formation, Gross fixed capital formation, Buildings and structures, SA, % of GDP",None,line
"Korea, NGDP, Expenditure, Domestic demand, Gross capital formation, Gross fixed capital formation, Facilities investment, SA, % of GDP","Korea, NGDP, Expenditure, Domestic demand, Gross capital formation, Gross fixed capital formation, Facilities investment, SA, % of GDP",None,line
"Korea, NGDP, Expenditure, Domestic demand, Gross capital formation, Gross fixed capital formation, Public, SA, % of GDP","Korea, NGDP, Expenditure, Domestic demand, Gross capital formation, Gross fixed capital formation, Public, SA, % of GDP",None,line
"Korea, NGDP, Expenditure, Domestic demand, Gross capital formation, Gross fixed capital formation, Intellectual property products, SA, % of GDP","Korea, NGDP, Expenditure, Domestic demand, Gross capital formation, Gross fixed capital formation, Intellectual property products, SA, % of GDP",None,line
"Korea, NGDP, Expenditure, Domestic demand, Gross capital formation, Gross fixed capital formation, Private, SA, % of GDP","Korea, NGDP, Expenditure, Domestic demand, Gross capital formation, Gross fixed capital formation, Private, SA, % of GDP",None,line
"Korea, NGDP, Expenditure, Domestic demand, Gross capital formation, Gross fixed capital formation, SA, % of GDP","Korea, NGDP, Expenditure, Domestic demand, Gross capital formation, Gross fixed capital formation, SA, % of GDP",None,line
"Korea, NGDP, Expenditure, Domestic demand, Gross capital formation, Inventories, SA, % of GDP","Korea, NGDP, Expenditure, Domestic demand, Gross capital formation, Inventories, SA, % of GDP",None,line
"Korea, NGDP, Expenditure, Domestic demand, Gross capital formation, SA, % of GDP","Korea, NGDP, Expenditure, Domestic demand, Gross capital formation, SA, % of GDP",None,line
"Korea, NGDP, Expenditure, Domestic demand, Private consumption, Household consumption, SA, % of GDP","Korea, NGDP, Expenditure, Domestic demand, Private consumption, Household consumption, SA, % of GDP",None,line
"Korea, NGDP, Expenditure, Domestic demand, Private consumption, Non-profit institutions serving households, SA, % of GDP","Korea, NGDP, Expenditure, Domestic demand, Private consumption, Non-profit institutions serving households, SA, % of GDP",None,line
"Korea, NGDP, Expenditure, Domestic demand, Private consumption, SA, % of GDP","Korea, NGDP, Expenditure, Domestic demand, Private consumption, SA, % of GDP",None,line
"Korea, NGDP, Expenditure, GDP, SA, % of GDP","Korea, NGDP, Expenditure, GDP, SA, % of GDP",None,line
"Korea, NGDP, Expenditure, Net exports of goods and services, Exports of goods and services, Goods, SA, % of GDP","Korea, NGDP, Expenditure, Net exports of goods and services, Exports of goods and services, Goods, SA, % of GDP",None,line
"Korea, NGDP, Expenditure, Net exports of goods and services, Exports of goods and services, SA, % of GDP","Korea, NGDP, Expenditure, Net exports of goods and services, Exports of goods and services, SA, % of GDP",None,line
"Korea, NGDP, Expenditure, Net exports of goods and services, Exports of goods and services, Services, SA, % of GDP","Korea, NGDP, Expenditure, Net exports of goods and services, Exports of goods and services, Services, SA, % of GDP",None,line
"Korea, NGDP, Expenditure, Net exports of goods and services, Imports of goods and services, Goods, SA, % of GDP","Korea, NGDP, Expenditure, Net exports of goods and services, Imports of goods and services, Goods, SA, % of GDP",None,line
"Korea, NGDP, Expenditure, Net exports of goods and services, Imports of goods and services, SA, % of GDP","Korea, NGDP, Expenditure, Net exports of goods and services, Imports of goods and services, SA, % of GDP",None,line
"Korea, NGDP, Expenditure, Net exports of goods and services, Imports of goods and services, Services, SA, % of GDP","Korea, NGDP, Expenditure, Net exports of goods and services, Imports of goods and services, Services, SA, % of GDP",None,line
"Korea, NGDP, Expenditure, SA, % of GDP","Korea, NGDP, Expenditure, SA, % of GDP",None,line
"Korea, NGDP, Expenditure, Statistical discrepancy, SA, % of GDP","Korea, NGDP, Expenditure, Statistical discrepancy, SA, % of GDP",None,line
"Korea, NGDP, Expenditure, Domestic demand, Gross capital formation, Gross fixed capital formation, Construction, Building construction, Non-residential buildings, SA, % of GDP","Korea, NGDP, Expenditure, Domestic demand, Gross capital formation, Gross fixed capital formation, Construction, Building construction, Non-residential buildings, SA, % of GDP",None,line
"Korea, NGDP, Expenditure, Domestic demand, Gross capital formation, Gross fixed capital formation, Construction, Building construction, Residential, SA, % of GDP","Korea, NGDP, Expenditure, Domestic demand, Gross capital formation, Gross fixed capital formation, Construction, Building construction, Residential, SA, % of GDP",None,line
"Korea, NGDP, Expenditure, Domestic demand, Gross capital formation, Gross fixed capital formation, Construction, Building construction, SA, % of GDP","Korea, NGDP, Expenditure, Domestic demand, Gross capital formation, Gross fixed capital formation, Construction, Building construction, SA, % of GDP",None,line
"Korea, NGDP, Expenditure, Domestic demand, Gross capital formation, Gross fixed capital formation, Construction, Civil engineering, SA, % of GDP","Korea, NGDP, Expenditure, Domestic demand, Gross capital formation, Gross fixed capital formation, Construction, Civil engineering, SA, % of GDP",None,line
"Korea, NGDP, Expenditure, Domestic demand, Gross capital formation, Gross fixed capital formation, Construction, SA, % of GDP","Korea, NGDP, Expenditure, Domestic demand, Gross capital formation, Gross fixed capital formation, Construction, SA, % of GDP",None,line
"Korea, NGDP, Expenditure, Domestic demand, Gross capital formation, Gross fixed capital formation, Facilities investment, Other machinery and equipment, SA, % of GDP","Korea, NGDP, Expenditure, Domestic demand, Gross capital formation, Gross fixed capital formation, Facilities investment, Other machinery and equipment, SA, % of GDP",None,line
"Korea, NGDP, Expenditure, Domestic demand, Gross capital formation, Gross fixed capital formation, Facilities investment, Transport equipment, SA, % of GDP","Korea, NGDP, Expenditure, Domestic demand, Gross capital formation, Gross fixed capital formation, Facilities investment, Transport equipment, SA, % of GDP",None,line
"Korea, NGDP, Expenditure, Domestic demand, Gross capital formation, Gross fixed capital formation, Intellectual property products, Other intellectual property products, SA, % of GDP","Korea, NGDP, Expenditure, Domestic demand, Gross capital formation, Gross fixed capital formation, Intellectual property products, Other intellectual property products, SA, % of GDP",None,line
"Korea, NGDP, Expenditure, Domestic demand, Gross capital formation, Gross fixed capital formation, Intellectual property products, Research and development, SA, % of GDP","Korea, NGDP, Expenditure, Domestic demand, Gross capital formation, Gross fixed capital formation, Intellectual property products, Research and development, SA, % of GDP",None,line
"Korea, NGDP, Expenditure, Domestic demand, Private consumption, Household consumption, Direct purchases abroad by resident households, SA, % of GDP","Korea, NGDP, Expenditure, Domestic demand, Private consumption, Household consumption, Direct purchases abroad by resident households, SA, % of GDP",None,line
"Korea, NGDP, Expenditure, Domestic demand, Private consumption, Household consumption, Direct purchases in the domestic market by non-resident households, SA, % of GDP","Korea, NGDP, Expenditure, Domestic demand, Private consumption, Household consumption, Direct purchases in the domestic market by non-resident households, SA, % of GDP",None,line
"Korea, NGDP, Expenditure, Domestic demand, Private consumption, Household consumption, Domestic final consumption, Durable goods, SA, % of GDP","Korea, NGDP, Expenditure, Domestic demand, Private consumption, Household consumption, Domestic final consumption, Durable goods, SA, % of GDP",None,line
"Korea, NGDP, Expenditure, Domestic demand, Private consumption, Household consumption, Domestic final consumption, Non-durable goods, SA, % of GDP","Korea, NGDP, Expenditure, Domestic demand, Private consumption, Household consumption, Domestic final consumption, Non-durable goods, SA, % of GDP",None,line
"Korea, NGDP, Expenditure, Domestic demand, Private consumption, Household consumption, Domestic final consumption, SA, % of GDP","Korea, NGDP, Expenditure, Domestic demand, Private consumption, Household consumption, Domestic final consumption, SA, % of GDP",None,line
"Korea, NGDP, Expenditure, Domestic demand, Private consumption, Household consumption, Domestic final consumption, Semi-durable goods, SA, % of GDP","Korea, NGDP, Expenditure, Domestic demand, Private consumption, Household consumption, Domestic final consumption, Semi-durable goods, SA, % of GDP",None,line
"Korea, NGDP, Expenditure, Domestic demand, Private consumption, Household consumption, Domestic final consumption, Services, SA, % of GDP","Korea, NGDP, Expenditure, Domestic demand, Private consumption, Household consumption, Domestic final consumption, Services, SA, % of GDP",None,line
"Korea, NGDP, Expenditure, Domestic demand, Gross capital formation, Gross fixed capital formation, Construction, Residential, SA, % of GDP","Korea, NGDP, Expenditure, Domestic demand, Gross capital formation, Gross fixed capital formation, Construction, Residential, SA, % of GDP",None,line
"Korea, NGDP, Expenditure, Domestic demand, Gross capital formation, Gross fixed capital formation, Construction, Non-residential, SA, % of GDP","Korea, NGDP, Expenditure, Domestic demand, Gross capital formation, Gross fixed capital formation, Construction, Non-residential, SA, % of GDP",None,line
"Korea, NGDP, Expenditure, Domestic demand, Gross capital formation, Gross fixed capital formation, Construction, Other buildings and structures, SA, % of GDP","Korea, NGDP, Expenditure, Domestic demand, Gross capital formation, Gross fixed capital formation, Construction, Other buildings and structures, SA, % of GDP",None,line
"Korea, NGDP, Expenditure, Domestic demand, Gross capital formation, Gross fixed capital formation, Transport equipment, SA, % of GDP","Korea, NGDP, Expenditure, Domestic demand, Gross capital formation, Gross fixed capital formation, Transport equipment, SA, % of GDP",None,line
"Korea, NGDP, Expenditure, Domestic demand, Gross capital formation, Gross fixed capital formation, Other machinery and equipment, SA, % of GDP","Korea, NGDP, Expenditure, Domestic demand, Gross capital formation, Gross fixed capital formation, Other machinery and equipment, SA, % of GDP",None,line
"Korea, NGDP, Expenditure, Domestic demand, Private consumption, Household consumption, Domestic final consumption, Goods, SA, % of GDP","Korea, NGDP, Expenditure, Domestic demand, Private consumption, Household consumption, Domestic final consumption, Goods, SA, % of GDP",None,line
"Korea, NGDP, Expenditure, Domestic demand, SA, % of GDP","Korea, NGDP, Expenditure, Domestic demand, SA, % of GDP",None,line
"Korea, NGDP, Expenditure, Domestic demand, Excluding inventories, SA, % of GDP","Korea, NGDP, Expenditure, Domestic demand, Excluding inventories, SA, % of GDP",None,line
"Korea, NGDP, Expenditure, Domestic demand, Private, Excluding inventories, SA, % of GDP","Korea, NGDP, Expenditure, Domestic demand, Private, Excluding inventories, SA, % of GDP",None,line
"Korea, NGDP, Expenditure, Domestic demand, Public, Excluding inventories, SA, % of GDP","Korea, NGDP, Expenditure, Domestic demand, Public, Excluding inventories, SA, % of GDP",None,line
"Korea, NGDP, Activity, Gross value added at basic prices, SA, % of GDP","Korea, NGDP, Activity, Gross value added at basic prices, SA, % of GDP",None,line
"Korea, NGDP, Activity, Mining, quarrying and manufacturing, SA, % of GDP","Korea, NGDP, Activity, Mining, quarrying and manufacturing, SA, % of GDP",None,line
"Korea, NGDP, Activity, Net factor income from the rest of the world, SA, % of GDP","Korea, NGDP, Activity, Net factor income from the rest of the world, SA, % of GDP",None,line
"Korea, NGDP, Activity, Primary, Agriculture, SA, % of GDP","Korea, NGDP, Activity, Primary, Agriculture, SA, % of GDP",None,line
"Korea, NGDP, Activity, Primary, Mining, SA, % of GDP","Korea, NGDP, Activity, Primary, Mining, SA, % of GDP",None,line
"Korea, NGDP, Activity, SA, % of GDP","Korea, NGDP, Activity, SA, % of GDP",None,line
"Korea, NGDP, Activity, Secondary, Construction, Building construction and repair, Building repair, SA, % of GDP","Korea, NGDP, Activity, Secondary, Construction, Building construction and repair, Building repair, SA, % of GDP",None,line
"Korea, NGDP, Activity, Secondary, Construction, Building construction and repair, Non-residential, SA, % of GDP","Korea, NGDP, Activity, Secondary, Construction, Building construction and repair, Non-residential, SA, % of GDP",None,line
"Korea, NGDP, Activity, Secondary, Construction, Building construction and repair, Residential, SA, % of GDP","Korea, NGDP, Activity, Secondary, Construction, Building construction and repair, Residential, SA, % of GDP",None,line
"Korea, NGDP, Activity, Secondary, Construction, Building construction and repair, SA, % of GDP","Korea, NGDP, Activity, Secondary, Construction, Building construction and repair, SA, % of GDP",None,line
"Korea, NGDP, Activity, Secondary, Construction, Civil engineering, SA, % of GDP","Korea, NGDP, Activity, Secondary, Construction, Civil engineering, SA, % of GDP",None,line
"Korea, NGDP, Activity, Secondary, Construction, SA, % of GDP","Korea, NGDP, Activity, Secondary, Construction, SA, % of GDP",None,line
"Korea, NGDP, Activity, Secondary, Manufacturing, Basic metals, SA, % of GDP","Korea, NGDP, Activity, Secondary, Manufacturing, Basic metals, SA, % of GDP",None,line
"Korea, NGDP, Activity, Secondary, Manufacturing, Chemicals and chemical products, SA, % of GDP","Korea, NGDP, Activity, Secondary, Manufacturing, Chemicals and chemical products, SA, % of GDP",None,line
"Korea, NGDP, Activity, Secondary, Manufacturing, Coke and refined petroleum products, SA, % of GDP","Korea, NGDP, Activity, Secondary, Manufacturing, Coke and refined petroleum products, SA, % of GDP",None,line
"Korea, NGDP, Activity, Secondary, Manufacturing, Computer, electronic and optical products, SA, % of GDP","Korea, NGDP, Activity, Secondary, Manufacturing, Computer, electronic and optical products, SA, % of GDP",None,line
"Korea, NGDP, Activity, Secondary, Manufacturing, Electrical equipment, SA, % of GDP","Korea, NGDP, Activity, Secondary, Manufacturing, Electrical equipment, SA, % of GDP",None,line
"Korea, NGDP, Activity, Secondary, Manufacturing, Fabricated metal products, SA, % of GDP","Korea, NGDP, Activity, Secondary, Manufacturing, Fabricated metal products, SA, % of GDP",None,line
"Korea, NGDP, Activity, Secondary, Manufacturing, Food, beverages products, SA, % of GDP","Korea, NGDP, Activity, Secondary, Manufacturing, Food, beverages products, SA, % of GDP",None,line
"Korea, NGDP, Activity, Secondary, Manufacturing, Machinery and equipment, SA, % of GDP","Korea, NGDP, Activity, Secondary, Manufacturing, Machinery and equipment, SA, % of GDP",None,line
"Korea, NGDP, Activity, Secondary, Manufacturing, Non-metallic mineral products, SA, % of GDP","Korea, NGDP, Activity, Secondary, Manufacturing, Non-metallic mineral products, SA, % of GDP",None,line
"Korea, NGDP, Activity, Secondary, Manufacturing, Other Manufacturing, repair and installation of machinery and equipment, SA, % of GDP","Korea, NGDP, Activity, Secondary, Manufacturing, Other Manufacturing, repair and installation of machinery and equipment, SA, % of GDP",None,line
"Korea, NGDP, Activity, Secondary, Manufacturing, SA, % of GDP","Korea, NGDP, Activity, Secondary, Manufacturing, SA, % of GDP",None,line
"Korea, NGDP, Activity, Secondary, Manufacturing, Textile and leather products, SA, % of GDP","Korea, NGDP, Activity, Secondary, Manufacturing, Textile and leather products, SA, % of GDP",None,line
"Korea, NGDP, Activity, Secondary, Manufacturing, Transportation equipment, SA, % of GDP","Korea, NGDP, Activity, Secondary, Manufacturing, Transportation equipment, SA, % of GDP",None,line
"Korea, NGDP, Activity, Secondary, Manufacturing, Wood and paper products, printing and reproduction of recorded media, SA, % of GDP","Korea, NGDP, Activity, Secondary, Manufacturing, Wood and paper products, printing and reproduction of recorded media, SA, % of GDP",None,line
"Korea, NGDP, Activity, Secondary, Utilities, Electricity, SA, % of GDP","Korea, NGDP, Activity, Secondary, Utilities, Electricity, SA, % of GDP",None,line
"Korea, NGDP, Activity, Secondary, Utilities, Gas, steam and air conditioning supply, SA, % of GDP","Korea, NGDP, Activity, Secondary, Utilities, Gas, steam and air conditioning supply, SA, % of GDP",None,line
"Korea, NGDP, Activity, Secondary, Utilities, SA, % of GDP","Korea, NGDP, Activity, Secondary, Utilities, SA, % of GDP",None,line
"Korea, NGDP, Activity, Secondary, Utilities, Water supply, sewerage, waste management and remediation activities, SA, % of GDP","Korea, NGDP, Activity, Secondary, Utilities, Water supply, sewerage, waste management and remediation activities, SA, % of GDP",None,line
"Korea, NGDP, Activity, Taxes less subsidies on products, SA, % of GDP","Korea, NGDP, Activity, Taxes less subsidies on products, SA, % of GDP",None,line
"Korea, NGDP, Activity, Tertiary, Accommodation and food services, SA, % of GDP","Korea, NGDP, Activity, Tertiary, Accommodation and food services, SA, % of GDP",None,line
"Korea, NGDP, Activity, Tertiary, Arts, sports and recreation, SA, % of GDP","Korea, NGDP, Activity, Tertiary, Arts, sports and recreation, SA, % of GDP",None,line
"Korea, NGDP, Activity, Tertiary, Business activities, Business support services, SA, % of GDP","Korea, NGDP, Activity, Tertiary, Business activities, Business support services, SA, % of GDP",None,line
"Korea, NGDP, Activity, Tertiary, Business activities, Professional, scientific and technical services, SA, % of GDP","Korea, NGDP, Activity, Tertiary, Business activities, Professional, scientific and technical services, SA, % of GDP",None,line
"Korea, NGDP, Activity, Tertiary, Business activities, SA, % of GDP","Korea, NGDP, Activity, Tertiary, Business activities, SA, % of GDP",None,line
"Korea, NGDP, Activity, Tertiary, Cultural and other services, SA, % of GDP","Korea, NGDP, Activity, Tertiary, Cultural and other services, SA, % of GDP",None,line
"Korea, NGDP, Activity, Tertiary, Education, SA, % of GDP","Korea, NGDP, Activity, Tertiary, Education, SA, % of GDP",None,line
"Korea, NGDP, Activity, Tertiary, Finance and insurance, SA, % of GDP","Korea, NGDP, Activity, Tertiary, Finance and insurance, SA, % of GDP",None,line
"Korea, NGDP, Activity, Tertiary, Human health and social work, SA, % of GDP","Korea, NGDP, Activity, Tertiary, Human health and social work, SA, % of GDP",None,line
"Korea, NGDP, Activity, Tertiary, Information and communication, Communication, SA, % of GDP","Korea, NGDP, Activity, Tertiary, Information and communication, Communication, SA, % of GDP",None,line
"Korea, NGDP, Activity, Tertiary, Information and communication, Publishing, broadcasting, motion picture, video and television programme production, and information service, SA, % of GDP","Korea, NGDP, Activity, Tertiary, Information and communication, Publishing, broadcasting, motion picture, video and television programme production, and information service, SA, % of GDP",None,line
"Korea, NGDP, Activity, Tertiary, Information and communication, SA, % of GDP","Korea, NGDP, Activity, Tertiary, Information and communication, SA, % of GDP",None,line
"Korea, NGDP, Activity, Tertiary, Other services, SA, % of GDP","Korea, NGDP, Activity, Tertiary, Other services, SA, % of GDP",None,line
"Korea, NGDP, Activity, Tertiary, Public administration, defence and social security, SA, % of GDP","Korea, NGDP, Activity, Tertiary, Public administration, defence and social security, SA, % of GDP",None,line
"Korea, NGDP, Activity, Tertiary, Real estate, SA, % of GDP","Korea, NGDP, Activity, Tertiary, Real estate, SA, % of GDP",None,line
"Korea, NGDP, Activity, Tertiary, SA, % of GDP","Korea, NGDP, Activity, Tertiary, SA, % of GDP",None,line
"Korea, NGDP, Activity, Tertiary, Transportation and storage, SA, % of GDP","Korea, NGDP, Activity, Tertiary, Transportation and storage, SA, % of GDP",None,line
"Korea, NGDP, Activity, Tertiary, Wholesale and retail trade, SA, % of GDP","Korea, NGDP, Activity, Tertiary, Wholesale and retail trade, SA, % of GDP",None,line
"Korea, NGDP, Activity, Tertiary, Wholesale and retail trade, accommodation and food services, SA, % of GDP","Korea, NGDP, Activity, Tertiary, Wholesale and retail trade, accommodation and food services, SA, % of GDP",None,line
"Korea, NGDP, Activity, gdp_at_market_prices, SA, % of GDP","Korea, NGDP, Activity, gdp_at_market_prices, SA, % of GDP",None,line
"Korea, NGDP, Activity, gni, SA, % of GDP","Korea, NGDP, Activity, gni, SA, % of GDP",None,line
"Korea, NGDP, Activity, gross_value_added_at_basic_prices, SA, % of GDP","Korea, NGDP, Activity, gross_value_added_at_basic_prices, SA, % of GDP",None,line
"Korea, NGDP, Activity, mining_and_manufacturing, SA, % of GDP","Korea, NGDP, Activity, mining_and_manufacturing, SA, % of GDP",None,line
"Korea, NGDP, Activity, net_factor_income_from_the_rest_of_the_w, SA, % of GDP","Korea, NGDP, Activity, net_factor_income_from_the_rest_of_the_w, SA, % of GDP",None,line
"Korea, NGDP, Activity, primary>agriculture, SA, % of GDP","Korea, NGDP, Activity, primary>agriculture, SA, % of GDP",None,line
"Korea, NGDP, Activity, primary>mining_and_quarrying, SA, % of GDP","Korea, NGDP, Activity, primary>mining_and_quarrying, SA, % of GDP",None,line
"Korea, NGDP, Activity, secondary>construction, SA, % of GDP","Korea, NGDP, Activity, secondary>construction, SA, % of GDP",None,line
"Korea, NGDP, Activity, secondary>construction>building_construction_and_repair, SA, % of GDP","Korea, NGDP, Activity, secondary>construction>building_construction_and_repair, SA, % of GDP",None,line
"Korea, NGDP, Activity, secondary>construction>building_construction_and_repair>building_repair, SA, % of GDP","Korea, NGDP, Activity, secondary>construction>building_construction_and_repair>building_repair, SA, % of GDP",None,line
"Korea, NGDP, Activity, secondary>construction>building_construction_and_repair>non_residential, SA, % of GDP","Korea, NGDP, Activity, secondary>construction>building_construction_and_repair>non_residential, SA, % of GDP",None,line
"Korea, NGDP, Activity, secondary>construction>building_construction_and_repair>residential, SA, % of GDP","Korea, NGDP, Activity, secondary>construction>building_construction_and_repair>residential, SA, % of GDP",None,line
"Korea, NGDP, Activity, secondary>construction>civil_engineering, SA, % of GDP","Korea, NGDP, Activity, secondary>construction>civil_engineering, SA, % of GDP",None,line
"Korea, NGDP, Activity, secondary>manufacturing, SA, % of GDP","Korea, NGDP, Activity, secondary>manufacturing, SA, % of GDP",None,line
"Korea, NGDP, Activity, secondary>manufacturing>basic_metals, SA, % of GDP","Korea, NGDP, Activity, secondary>manufacturing>basic_metals, SA, % of GDP",None,line
"Korea, NGDP, Activity, secondary>manufacturing>chemicals_and_chemical_products, SA, % of GDP","Korea, NGDP, Activity, secondary>manufacturing>chemicals_and_chemical_products, SA, % of GDP",None,line
"Korea, NGDP, Activity, secondary>manufacturing>coke_and_refined_petroleum_products, SA, % of GDP","Korea, NGDP, Activity, secondary>manufacturing>coke_and_refined_petroleum_products, SA, % of GDP",None,line
"Korea, NGDP, Activity, secondary>manufacturing>computer_and_electronics, SA, % of GDP","Korea, NGDP, Activity, secondary>manufacturing>computer_and_electronics, SA, % of GDP",None,line
"Korea, NGDP, Activity, secondary>manufacturing>electrical_equipment, SA, % of GDP","Korea, NGDP, Activity, secondary>manufacturing>electrical_equipment, SA, % of GDP",None,line
"Korea, NGDP, Activity, secondary>manufacturing>fabricated_metal_products, SA, % of GDP","Korea, NGDP, Activity, secondary>manufacturing>fabricated_metal_products, SA, % of GDP",None,line
"Korea, NGDP, Activity, secondary>manufacturing>food_beverages_products, SA, % of GDP","Korea, NGDP, Activity, secondary>manufacturing>food_beverages_products, SA, % of GDP",None,line
"Korea, NGDP, Activity, secondary>manufacturing>machinery_and_equipment, SA, % of GDP","Korea, NGDP, Activity, secondary>manufacturing>machinery_and_equipment, SA, % of GDP",None,line
"Korea, NGDP, Activity, secondary>manufacturing>other_manufacturing_repair_and_installat, SA, % of GDP","Korea, NGDP, Activity, secondary>manufacturing>other_manufacturing_repair_and_installat, SA, % of GDP",None,line
"Korea, NGDP, Activity, secondary>manufacturing>other_non_metallic_mineral_products, SA, % of GDP","Korea, NGDP, Activity, secondary>manufacturing>other_non_metallic_mineral_products, SA, % of GDP",None,line
"Korea, NGDP, Activity, secondary>manufacturing>textile_and_leather_products, SA, % of GDP","Korea, NGDP, Activity, secondary>manufacturing>textile_and_leather_products, SA, % of GDP",None,line
"Korea, NGDP, Activity, secondary>manufacturing>transportation_equipment, SA, % of GDP","Korea, NGDP, Activity, secondary>manufacturing>transportation_equipment, SA, % of GDP",None,line
"Korea, NGDP, Activity, secondary>manufacturing>wood_and_paper_products_printing_and_rep, SA, % of GDP","Korea, NGDP, Activity, secondary>manufacturing>wood_and_paper_products_printing_and_rep, SA, % of GDP",None,line
"Korea, NGDP, Activity, secondary>utilities, SA, % of GDP","Korea, NGDP, Activity, secondary>utilities, SA, % of GDP",None,line
"Korea, NGDP, Activity, secondary>utilities>electricity, SA, % of GDP","Korea, NGDP, Activity, secondary>utilities>electricity, SA, % of GDP",None,line
"Korea, NGDP, Activity, secondary>utilities>gas_steam_and_air_conditioning_supply, SA, % of GDP","Korea, NGDP, Activity, secondary>utilities>gas_steam_and_air_conditioning_supply, SA, % of GDP",None,line
"Korea, NGDP, Activity, secondary>utilities>water_supply_sewerage_waste_management_a, SA, % of GDP","Korea, NGDP, Activity, secondary>utilities>water_supply_sewerage_waste_management_a, SA, % of GDP",None,line
"Korea, NGDP, Activity, taxes_less_subsidies_on_products, SA, % of GDP","Korea, NGDP, Activity, taxes_less_subsidies_on_products, SA, % of GDP",None,line
"Korea, NGDP, Activity, tertiary, SA, % of GDP","Korea, NGDP, Activity, tertiary, SA, % of GDP",None,line
"Korea, NGDP, Activity, tertiary>accommodation_and_food_services_2, SA, % of GDP","Korea, NGDP, Activity, tertiary>accommodation_and_food_services_2, SA, % of GDP",None,line
"Korea, NGDP, Activity, tertiary>arts_sports_and_recreation, SA, % of GDP","Korea, NGDP, Activity, tertiary>arts_sports_and_recreation, SA, % of GDP",None,line
"Korea, NGDP, Activity, tertiary>business_activities, SA, % of GDP","Korea, NGDP, Activity, tertiary>business_activities, SA, % of GDP",None,line
"Korea, NGDP, Activity, tertiary>business_activities>business_support_services, SA, % of GDP","Korea, NGDP, Activity, tertiary>business_activities>business_support_services, SA, % of GDP",None,line
"Korea, NGDP, Activity, tertiary>business_activities>professional_scientific_and_technical_se, SA, % of GDP","Korea, NGDP, Activity, tertiary>business_activities>professional_scientific_and_technical_se, SA, % of GDP",None,line
"Korea, NGDP, Activity, tertiary>cultural_and_other_services, SA, % of GDP","Korea, NGDP, Activity, tertiary>cultural_and_other_services, SA, % of GDP",None,line
"Korea, NGDP, Activity, tertiary>education, SA, % of GDP","Korea, NGDP, Activity, tertiary>education, SA, % of GDP",None,line
"Korea, NGDP, Activity, tertiary>finance_and_insurance, SA, % of GDP","Korea, NGDP, Activity, tertiary>finance_and_insurance, SA, % of GDP",None,line
"Korea, NGDP, Activity, tertiary>human_health_and_social_work, SA, % of GDP","Korea, NGDP, Activity, tertiary>human_health_and_social_work, SA, % of GDP",None,line
"Korea, NGDP, Activity, tertiary>information_and_communication, SA, % of GDP","Korea, NGDP, Activity, tertiary>information_and_communication, SA, % of GDP",None,line
"Korea, NGDP, Activity, tertiary>information_and_communication>communication, SA, % of GDP","Korea, NGDP, Activity, tertiary>information_and_communication>communication, SA, % of GDP",None,line
"Korea, NGDP, Activity, tertiary>information_and_communication>publishing_broadcasting_motion_picture_v, SA, % of GDP","Korea, NGDP, Activity, tertiary>information_and_communication>publishing_broadcasting_motion_picture_v, SA, % of GDP",None,line
"Korea, NGDP, Activity, tertiary>other_services, SA, % of GDP","Korea, NGDP, Activity, tertiary>other_services, SA, % of GDP",None,line
"Korea, NGDP, Activity, tertiary>public_administration_defence_and_social, SA, % of GDP","Korea, NGDP, Activity, tertiary>public_administration_defence_and_social, SA, % of GDP",None,line
"Korea, NGDP, Activity, tertiary>real_estate, SA, % of GDP","Korea, NGDP, Activity, tertiary>real_estate, SA, % of GDP",None,line
"Korea, NGDP, Activity, tertiary>transportation_and_storage, SA, % of GDP","Korea, NGDP, Activity, tertiary>transportation_and_storage, SA, % of GDP",None,line
"Korea, NGDP, Activity, tertiary>wholesale_and_retail_trade, SA, % of GDP","Korea, NGDP, Activity, tertiary>wholesale_and_retail_trade, SA, % of GDP",None,line
"Korea, NGDP, Activity, tertiary>wholesale_and_retail_trade>accommodation_and_food_services, SA, % of GDP","Korea, NGDP, Activity, tertiary>wholesale_and_retail_trade>accommodation_and_food_services, SA, % of GDP",None,line
"Korea, NGDP, Income, Compensation of employees, SA, % of GDP","Korea, NGDP, Income, Compensation of employees, SA, % of GDP",None,line
"Korea, NGDP, Income, Gross operating surplus, SA, % of GDP","Korea, NGDP, Income, Gross operating surplus, SA, % of GDP",None,line
"Korea, NGDP, Income, SA, % of GDP","Korea, NGDP, Income, SA, % of GDP",None,line
"Korea, NGDP, Income, Taxes on production and imports less subsidies, SA, % of GDP","Korea, NGDP, Income, Taxes on production and imports less subsidies, SA, % of GDP",None,line
"Korea, NGDP, Expenditure, Domestic demand, Final consumption expenditure, USD bn","Korea, NGDP, Expenditure, Domestic demand, Final consumption expenditure, USD bn",None,line
"Korea, NGDP, Expenditure, Domestic demand, Final consumption expenditure, SA, USD bn","Korea, NGDP, Expenditure, Domestic demand, Final consumption expenditure, SA, USD bn",None,line
"Korea, NGDP, Expenditure, Domestic demand, Government consumption, USD bn","Korea, NGDP, Expenditure, Domestic demand, Government consumption, USD bn",None,line
"Korea, NGDP, Expenditure, Domestic demand, Government consumption, SA, USD bn","Korea, NGDP, Expenditure, Domestic demand, Government consumption, SA, USD bn",None,line
"Korea, NGDP, Expenditure, Domestic demand, Gross capital formation, Gross fixed capital formation, Buildings and structures, USD bn","Korea, NGDP, Expenditure, Domestic demand, Gross capital formation, Gross fixed capital formation, Buildings and structures, USD bn",None,line
"Korea, NGDP, Expenditure, Domestic demand, Gross capital formation, Gross fixed capital formation, Buildings and structures, SA, USD bn","Korea, NGDP, Expenditure, Domestic demand, Gross capital formation, Gross fixed capital formation, Buildings and structures, SA, USD bn",None,line
"Korea, NGDP, Expenditure, Domestic demand, Gross capital formation, Gross fixed capital formation, Facilities investment, USD bn","Korea, NGDP, Expenditure, Domestic demand, Gross capital formation, Gross fixed capital formation, Facilities investment, USD bn",None,line
"Korea, NGDP, Expenditure, Domestic demand, Gross capital formation, Gross fixed capital formation, Facilities investment, SA, USD bn","Korea, NGDP, Expenditure, Domestic demand, Gross capital formation, Gross fixed capital formation, Facilities investment, SA, USD bn",None,line
"Korea, NGDP, Expenditure, Domestic demand, Gross capital formation, Gross fixed capital formation, Public, USD bn","Korea, NGDP, Expenditure, Domestic demand, Gross capital formation, Gross fixed capital formation, Public, USD bn",None,line
"Korea, NGDP, Expenditure, Domestic demand, Gross capital formation, Gross fixed capital formation, Public, SA, USD bn","Korea, NGDP, Expenditure, Domestic demand, Gross capital formation, Gross fixed capital formation, Public, SA, USD bn",None,line
"Korea, NGDP, Expenditure, Domestic demand, Gross capital formation, Gross fixed capital formation, Intellectual property products, USD bn","Korea, NGDP, Expenditure, Domestic demand, Gross capital formation, Gross fixed capital formation, Intellectual property products, USD bn",None,line
"Korea, NGDP, Expenditure, Domestic demand, Gross capital formation, Gross fixed capital formation, Intellectual property products, SA, USD bn","Korea, NGDP, Expenditure, Domestic demand, Gross capital formation, Gross fixed capital formation, Intellectual property products, SA, USD bn",None,line
"Korea, NGDP, Expenditure, Domestic demand, Gross capital formation, Gross fixed capital formation, USD bn","Korea, NGDP, Expenditure, Domestic demand, Gross capital formation, Gross fixed capital formation, USD bn",None,line
"Korea, NGDP, Expenditure, Domestic demand, Gross capital formation, Gross fixed capital formation, Private, USD bn","Korea, NGDP, Expenditure, Domestic demand, Gross capital formation, Gross fixed capital formation, Private, USD bn",None,line
"Korea, NGDP, Expenditure, Domestic demand, Gross capital formation, Gross fixed capital formation, Private, SA, USD bn","Korea, NGDP, Expenditure, Domestic demand, Gross capital formation, Gross fixed capital formation, Private, SA, USD bn",None,line
"Korea, NGDP, Expenditure, Domestic demand, Gross capital formation, Gross fixed capital formation, SA, USD bn","Korea, NGDP, Expenditure, Domestic demand, Gross capital formation, Gross fixed capital formation, SA, USD bn",None,line
"Korea, NGDP, Expenditure, Domestic demand, Gross capital formation, Inventories, USD bn","Korea, NGDP, Expenditure, Domestic demand, Gross capital formation, Inventories, USD bn",None,line
"Korea, NGDP, Expenditure, Domestic demand, Gross capital formation, Inventories, SA, USD bn","Korea, NGDP, Expenditure, Domestic demand, Gross capital formation, Inventories, SA, USD bn",None,line
"Korea, NGDP, Expenditure, Domestic demand, Gross capital formation, USD bn","Korea, NGDP, Expenditure, Domestic demand, Gross capital formation, USD bn",None,line
"Korea, NGDP, Expenditure, Domestic demand, Gross capital formation, SA, USD bn","Korea, NGDP, Expenditure, Domestic demand, Gross capital formation, SA, USD bn",None,line
"Korea, NGDP, Expenditure, Domestic demand, Private consumption, Household consumption, USD bn","Korea, NGDP, Expenditure, Domestic demand, Private consumption, Household consumption, USD bn",None,line
"Korea, NGDP, Expenditure, Domestic demand, Private consumption, Household consumption, SA, USD bn","Korea, NGDP, Expenditure, Domestic demand, Private consumption, Household consumption, SA, USD bn",None,line
"Korea, NGDP, Expenditure, Domestic demand, Private consumption, USD bn","Korea, NGDP, Expenditure, Domestic demand, Private consumption, USD bn",None,line
"Korea, NGDP, Expenditure, Domestic demand, Private consumption, Non-profit institutions serving households, USD bn","Korea, NGDP, Expenditure, Domestic demand, Private consumption, Non-profit institutions serving households, USD bn",None,line
"Korea, NGDP, Expenditure, Domestic demand, Private consumption, Non-profit institutions serving households, SA, USD bn","Korea, NGDP, Expenditure, Domestic demand, Private consumption, Non-profit institutions serving households, SA, USD bn",None,line
"Korea, NGDP, Expenditure, Domestic demand, Private consumption, SA, USD bn","Korea, NGDP, Expenditure, Domestic demand, Private consumption, SA, USD bn",None,line
"Korea, NGDP, Expenditure, GDP, SA, USD bn","Korea, NGDP, Expenditure, GDP, SA, USD bn",None,line
"Korea, NGDP, Expenditure, USD bn","Korea, NGDP, Expenditure, USD bn",None,line
"Korea, NGDP, Expenditure, Net exports of goods and services, Exports of goods and services, Goods, USD bn","Korea, NGDP, Expenditure, Net exports of goods and services, Exports of goods and services, Goods, USD bn",None,line
"Korea, NGDP, Expenditure, Net exports of goods and services, Exports of goods and services, Goods, SA, USD bn","Korea, NGDP, Expenditure, Net exports of goods and services, Exports of goods and services, Goods, SA, USD bn",None,line
"Korea, NGDP, Expenditure, Net exports of goods and services, Exports of goods and services, USD bn","Korea, NGDP, Expenditure, Net exports of goods and services, Exports of goods and services, USD bn",None,line
"Korea, NGDP, Expenditure, Net exports of goods and services, Exports of goods and services, SA, USD bn","Korea, NGDP, Expenditure, Net exports of goods and services, Exports of goods and services, SA, USD bn",None,line
"Korea, NGDP, Expenditure, Net exports of goods and services, Exports of goods and services, Services, USD bn","Korea, NGDP, Expenditure, Net exports of goods and services, Exports of goods and services, Services, USD bn",None,line
"Korea, NGDP, Expenditure, Net exports of goods and services, Exports of goods and services, Services, SA, USD bn","Korea, NGDP, Expenditure, Net exports of goods and services, Exports of goods and services, Services, SA, USD bn",None,line
"Korea, NGDP, Expenditure, Net exports of goods and services, Imports of goods and services, Goods, USD bn","Korea, NGDP, Expenditure, Net exports of goods and services, Imports of goods and services, Goods, USD bn",None,line
"Korea, NGDP, Expenditure, Net exports of goods and services, Imports of goods and services, Goods, SA, USD bn","Korea, NGDP, Expenditure, Net exports of goods and services, Imports of goods and services, Goods, SA, USD bn",None,line
"Korea, NGDP, Expenditure, Net exports of goods and services, Imports of goods and services, USD bn","Korea, NGDP, Expenditure, Net exports of goods and services, Imports of goods and services, USD bn",None,line
"Korea, NGDP, Expenditure, Net exports of goods and services, Imports of goods and services, SA, USD bn","Korea, NGDP, Expenditure, Net exports of goods and services, Imports of goods and services, SA, USD bn",None,line
"Korea, NGDP, Expenditure, Net exports of goods and services, Imports of goods and services, Services, USD bn","Korea, NGDP, Expenditure, Net exports of goods and services, Imports of goods and services, Services, USD bn",None,line
"Korea, NGDP, Expenditure, Net exports of goods and services, Imports of goods and services, Services, SA, USD bn","Korea, NGDP, Expenditure, Net exports of goods and services, Imports of goods and services, Services, SA, USD bn",None,line
"Korea, NGDP, Expenditure, SA, USD bn","Korea, NGDP, Expenditure, SA, USD bn",None,line
"Korea, NGDP, Expenditure, Statistical discrepancy, USD bn","Korea, NGDP, Expenditure, Statistical discrepancy, USD bn",None,line
"Korea, NGDP, Expenditure, Statistical discrepancy, SA, USD bn","Korea, NGDP, Expenditure, Statistical discrepancy, SA, USD bn",None,line
"Korea, NGDP, Income, Compensation of employees, USD bn","Korea, NGDP, Income, Compensation of employees, USD bn",None,line
"Korea, NGDP, Income, Compensation of employees, SA, USD bn","Korea, NGDP, Income, Compensation of employees, SA, USD bn",None,line
"Korea, NGDP, Income, Gross operating surplus, USD bn","Korea, NGDP, Income, Gross operating surplus, USD bn",None,line
"Korea, NGDP, Income, Gross operating surplus, SA, USD bn","Korea, NGDP, Income, Gross operating surplus, SA, USD bn",None,line
"Korea, NGDP, Income, Nominal gross domestic product, USD bn","Korea, NGDP, Income, Nominal gross domestic product, USD bn",None,line
"Korea, NGDP, Income, SA, USD bn","Korea, NGDP, Income, SA, USD bn",None,line
"Korea, NGDP, Income, Taxes on production and imports less subsidies, USD bn","Korea, NGDP, Income, Taxes on production and imports less subsidies, USD bn",None,line
"Korea, NGDP, Income, Taxes on production and imports less subsidies, SA, USD bn","Korea, NGDP, Income, Taxes on production and imports less subsidies, SA, USD bn",None,line
"Korea, NGDP, Expenditure, Domestic demand, Gross capital formation, Gross fixed capital formation, Construction, Building construction, Non-residential buildings, SA, USD bn","Korea, NGDP, Expenditure, Domestic demand, Gross capital formation, Gross fixed capital formation, Construction, Building construction, Non-residential buildings, SA, USD bn",None,line
"Korea, NGDP, Expenditure, Domestic demand, Gross capital formation, Gross fixed capital formation, Construction, Building construction, Residential, SA, USD bn","Korea, NGDP, Expenditure, Domestic demand, Gross capital formation, Gross fixed capital formation, Construction, Building construction, Residential, SA, USD bn",None,line
"Korea, NGDP, Expenditure, Domestic demand, Gross capital formation, Gross fixed capital formation, Construction, Building construction, SA, USD bn","Korea, NGDP, Expenditure, Domestic demand, Gross capital formation, Gross fixed capital formation, Construction, Building construction, SA, USD bn",None,line
"Korea, NGDP, Expenditure, Domestic demand, Gross capital formation, Gross fixed capital formation, Construction, Civil engineering, SA, USD bn","Korea, NGDP, Expenditure, Domestic demand, Gross capital formation, Gross fixed capital formation, Construction, Civil engineering, SA, USD bn",None,line
"Korea, NGDP, Expenditure, Domestic demand, Gross capital formation, Gross fixed capital formation, Construction, SA, USD bn","Korea, NGDP, Expenditure, Domestic demand, Gross capital formation, Gross fixed capital formation, Construction, SA, USD bn",None,line
"Korea, NGDP, Expenditure, Domestic demand, Gross capital formation, Gross fixed capital formation, Facilities investment, Other machinery and equipment, SA, USD bn","Korea, NGDP, Expenditure, Domestic demand, Gross capital formation, Gross fixed capital formation, Facilities investment, Other machinery and equipment, SA, USD bn",None,line
"Korea, NGDP, Expenditure, Domestic demand, Gross capital formation, Gross fixed capital formation, Facilities investment, Transport equipment, SA, USD bn","Korea, NGDP, Expenditure, Domestic demand, Gross capital formation, Gross fixed capital formation, Facilities investment, Transport equipment, SA, USD bn",None,line
"Korea, NGDP, Expenditure, Domestic demand, Gross capital formation, Gross fixed capital formation, Intellectual property products, Other intellectual property products, SA, USD bn","Korea, NGDP, Expenditure, Domestic demand, Gross capital formation, Gross fixed capital formation, Intellectual property products, Other intellectual property products, SA, USD bn",None,line
"Korea, NGDP, Expenditure, Domestic demand, Gross capital formation, Gross fixed capital formation, Intellectual property products, Research and development, SA, USD bn","Korea, NGDP, Expenditure, Domestic demand, Gross capital formation, Gross fixed capital formation, Intellectual property products, Research and development, SA, USD bn",None,line
"Korea, NGDP, Expenditure, Domestic demand, Private consumption, Household consumption, Direct purchases abroad by resident households, SA, USD bn","Korea, NGDP, Expenditure, Domestic demand, Private consumption, Household consumption, Direct purchases abroad by resident households, SA, USD bn",None,line
"Korea, NGDP, Expenditure, Domestic demand, Private consumption, Household consumption, Direct purchases in the domestic market by non-resident households, SA, USD bn","Korea, NGDP, Expenditure, Domestic demand, Private consumption, Household consumption, Direct purchases in the domestic market by non-resident households, SA, USD bn",None,line
"Korea, NGDP, Expenditure, Domestic demand, Private consumption, Household consumption, Domestic final consumption, Durable goods, SA, USD bn","Korea, NGDP, Expenditure, Domestic demand, Private consumption, Household consumption, Domestic final consumption, Durable goods, SA, USD bn",None,line
"Korea, NGDP, Expenditure, Domestic demand, Private consumption, Household consumption, Domestic final consumption, Non-durable goods, SA, USD bn","Korea, NGDP, Expenditure, Domestic demand, Private consumption, Household consumption, Domestic final consumption, Non-durable goods, SA, USD bn",None,line
"Korea, NGDP, Expenditure, Domestic demand, Private consumption, Household consumption, Domestic final consumption, SA, USD bn","Korea, NGDP, Expenditure, Domestic demand, Private consumption, Household consumption, Domestic final consumption, SA, USD bn",None,line
"Korea, NGDP, Expenditure, Domestic demand, Private consumption, Household consumption, Domestic final consumption, Semi-durable goods, SA, USD bn","Korea, NGDP, Expenditure, Domestic demand, Private consumption, Household consumption, Domestic final consumption, Semi-durable goods, SA, USD bn",None,line
"Korea, NGDP, Expenditure, Domestic demand, Private consumption, Household consumption, Domestic final consumption, Services, SA, USD bn","Korea, NGDP, Expenditure, Domestic demand, Private consumption, Household consumption, Domestic final consumption, Services, SA, USD bn",None,line
"Korea, NGDP, Activity, Gross value added at basic prices, USD bn","Korea, NGDP, Activity, Gross value added at basic prices, USD bn",None,line
"Korea, NGDP, Activity, Gross value added at basic prices, SA, USD bn","Korea, NGDP, Activity, Gross value added at basic prices, SA, USD bn",None,line
"Korea, NGDP, Activity, USD bn","Korea, NGDP, Activity, USD bn",None,line
"Korea, NGDP, Activity, Mining, quarrying and manufacturing, USD bn","Korea, NGDP, Activity, Mining, quarrying and manufacturing, USD bn",None,line
"Korea, NGDP, Activity, Mining, quarrying and manufacturing, SA, USD bn","Korea, NGDP, Activity, Mining, quarrying and manufacturing, SA, USD bn",None,line
"Korea, NGDP, Activity, Net factor income from the rest of the world, USD bn","Korea, NGDP, Activity, Net factor income from the rest of the world, USD bn",None,line
"Korea, NGDP, Activity, Net factor income from the rest of the world, SA, USD bn","Korea, NGDP, Activity, Net factor income from the rest of the world, SA, USD bn",None,line
"Korea, NGDP, Activity, Primary, Agriculture, Animals, USD bn","Korea, NGDP, Activity, Primary, Agriculture, Animals, USD bn",None,line
"Korea, NGDP, Activity, Primary, Agriculture, Cultivation, USD bn","Korea, NGDP, Activity, Primary, Agriculture, Cultivation, USD bn",None,line
"Korea, NGDP, Activity, Primary, Agriculture, Fishing and aquaculture, USD bn","Korea, NGDP, Activity, Primary, Agriculture, Fishing and aquaculture, USD bn",None,line
"Korea, NGDP, Activity, Primary, Agriculture, Forestry and logging, USD bn","Korea, NGDP, Activity, Primary, Agriculture, Forestry and logging, USD bn",None,line
"Korea, NGDP, Activity, Primary, Agriculture, USD bn","Korea, NGDP, Activity, Primary, Agriculture, USD bn",None,line
"Korea, NGDP, Activity, Primary, Agriculture, SA, USD bn","Korea, NGDP, Activity, Primary, Agriculture, SA, USD bn",None,line
"Korea, NGDP, Activity, Primary, Mining, USD bn","Korea, NGDP, Activity, Primary, Mining, USD bn",None,line
"Korea, NGDP, Activity, Primary, Mining, SA, USD bn","Korea, NGDP, Activity, Primary, Mining, SA, USD bn",None,line
"Korea, NGDP, Activity, SA, USD bn","Korea, NGDP, Activity, SA, USD bn",None,line
"Korea, NGDP, Activity, Secondary, Construction, Building construction and repair, Building repair, USD bn","Korea, NGDP, Activity, Secondary, Construction, Building construction and repair, Building repair, USD bn",None,line
"Korea, NGDP, Activity, Secondary, Construction, Building construction and repair, Building repair, SA, USD bn","Korea, NGDP, Activity, Secondary, Construction, Building construction and repair, Building repair, SA, USD bn",None,line
"Korea, NGDP, Activity, Secondary, Construction, Building construction and repair, USD bn","Korea, NGDP, Activity, Secondary, Construction, Building construction and repair, USD bn",None,line
"Korea, NGDP, Activity, Secondary, Construction, Building construction and repair, Non-residential, USD bn","Korea, NGDP, Activity, Secondary, Construction, Building construction and repair, Non-residential, USD bn",None,line
"Korea, NGDP, Activity, Secondary, Construction, Building construction and repair, Non-residential, SA, USD bn","Korea, NGDP, Activity, Secondary, Construction, Building construction and repair, Non-residential, SA, USD bn",None,line
"Korea, NGDP, Activity, Secondary, Construction, Building construction and repair, Residential, USD bn","Korea, NGDP, Activity, Secondary, Construction, Building construction and repair, Residential, USD bn",None,line
"Korea, NGDP, Activity, Secondary, Construction, Building construction and repair, Residential, SA, USD bn","Korea, NGDP, Activity, Secondary, Construction, Building construction and repair, Residential, SA, USD bn",None,line
"Korea, NGDP, Activity, Secondary, Construction, Building construction and repair, SA, USD bn","Korea, NGDP, Activity, Secondary, Construction, Building construction and repair, SA, USD bn",None,line
"Korea, NGDP, Activity, Secondary, Construction, Civil engineering, USD bn","Korea, NGDP, Activity, Secondary, Construction, Civil engineering, USD bn",None,line
"Korea, NGDP, Activity, Secondary, Construction, Civil engineering, SA, USD bn","Korea, NGDP, Activity, Secondary, Construction, Civil engineering, SA, USD bn",None,line
"Korea, NGDP, Activity, Secondary, Construction, USD bn","Korea, NGDP, Activity, Secondary, Construction, USD bn",None,line
"Korea, NGDP, Activity, Secondary, Construction, SA, USD bn","Korea, NGDP, Activity, Secondary, Construction, SA, USD bn",None,line
"Korea, NGDP, Activity, Secondary, Manufacturing, Basic metals, USD bn","Korea, NGDP, Activity, Secondary, Manufacturing, Basic metals, USD bn",None,line
"Korea, NGDP, Activity, Secondary, Manufacturing, Basic metals, SA, USD bn","Korea, NGDP, Activity, Secondary, Manufacturing, Basic metals, SA, USD bn",None,line
"Korea, NGDP, Activity, Secondary, Manufacturing, Chemicals and chemical products, USD bn","Korea, NGDP, Activity, Secondary, Manufacturing, Chemicals and chemical products, USD bn",None,line
"Korea, NGDP, Activity, Secondary, Manufacturing, Chemicals and chemical products, SA, USD bn","Korea, NGDP, Activity, Secondary, Manufacturing, Chemicals and chemical products, SA, USD bn",None,line
"Korea, NGDP, Activity, Secondary, Manufacturing, Coke and refined petroleum products, USD bn","Korea, NGDP, Activity, Secondary, Manufacturing, Coke and refined petroleum products, USD bn",None,line
"Korea, NGDP, Activity, Secondary, Manufacturing, Coke and refined petroleum products, SA, USD bn","Korea, NGDP, Activity, Secondary, Manufacturing, Coke and refined petroleum products, SA, USD bn",None,line
"Korea, NGDP, Activity, Secondary, Manufacturing, Computer, electronic and optical products, USD bn","Korea, NGDP, Activity, Secondary, Manufacturing, Computer, electronic and optical products, USD bn",None,line
"Korea, NGDP, Activity, Secondary, Manufacturing, Computer, electronic and optical products, SA, USD bn","Korea, NGDP, Activity, Secondary, Manufacturing, Computer, electronic and optical products, SA, USD bn",None,line
"Korea, NGDP, Activity, Secondary, Manufacturing, Electrical equipment, USD bn","Korea, NGDP, Activity, Secondary, Manufacturing, Electrical equipment, USD bn",None,line
"Korea, NGDP, Activity, Secondary, Manufacturing, Electrical equipment, SA, USD bn","Korea, NGDP, Activity, Secondary, Manufacturing, Electrical equipment, SA, USD bn",None,line
"Korea, NGDP, Activity, Secondary, Manufacturing, Fabricated metal products, USD bn","Korea, NGDP, Activity, Secondary, Manufacturing, Fabricated metal products, USD bn",None,line
"Korea, NGDP, Activity, Secondary, Manufacturing, Fabricated metal products, SA, USD bn","Korea, NGDP, Activity, Secondary, Manufacturing, Fabricated metal products, SA, USD bn",None,line
"Korea, NGDP, Activity, Secondary, Manufacturing, Food, beverages products, USD bn","Korea, NGDP, Activity, Secondary, Manufacturing, Food, beverages products, USD bn",None,line
"Korea, NGDP, Activity, Secondary, Manufacturing, Food, beverages products, SA, USD bn","Korea, NGDP, Activity, Secondary, Manufacturing, Food, beverages products, SA, USD bn",None,line
"Korea, NGDP, Activity, Secondary, Manufacturing, USD bn","Korea, NGDP, Activity, Secondary, Manufacturing, USD bn",None,line
"Korea, NGDP, Activity, Secondary, Manufacturing, Machinery and equipment, USD bn","Korea, NGDP, Activity, Secondary, Manufacturing, Machinery and equipment, USD bn",None,line
"Korea, NGDP, Activity, Secondary, Manufacturing, Machinery and equipment, SA, USD bn","Korea, NGDP, Activity, Secondary, Manufacturing, Machinery and equipment, SA, USD bn",None,line
"Korea, NGDP, Activity, Secondary, Manufacturing, Non-metallic mineral products, USD bn","Korea, NGDP, Activity, Secondary, Manufacturing, Non-metallic mineral products, USD bn",None,line
"Korea, NGDP, Activity, Secondary, Manufacturing, Non-metallic mineral products, SA, USD bn","Korea, NGDP, Activity, Secondary, Manufacturing, Non-metallic mineral products, SA, USD bn",None,line
"Korea, NGDP, Activity, Secondary, Manufacturing, Other Manufacturing, repair and installation of machinery and equipment, USD bn","Korea, NGDP, Activity, Secondary, Manufacturing, Other Manufacturing, repair and installation of machinery and equipment, USD bn",None,line
"Korea, NGDP, Activity, Secondary, Manufacturing, Other Manufacturing, repair and installation of machinery and equipment, SA, USD bn","Korea, NGDP, Activity, Secondary, Manufacturing, Other Manufacturing, repair and installation of machinery and equipment, SA, USD bn",None,line
"Korea, NGDP, Activity, Secondary, Manufacturing, SA, USD bn","Korea, NGDP, Activity, Secondary, Manufacturing, SA, USD bn",None,line
"Korea, NGDP, Activity, Secondary, Manufacturing, Textile and leather products, USD bn","Korea, NGDP, Activity, Secondary, Manufacturing, Textile and leather products, USD bn",None,line
"Korea, NGDP, Activity, Secondary, Manufacturing, Textile and leather products, SA, USD bn","Korea, NGDP, Activity, Secondary, Manufacturing, Textile and leather products, SA, USD bn",None,line
"Korea, NGDP, Activity, Secondary, Manufacturing, Transportation equipment, USD bn","Korea, NGDP, Activity, Secondary, Manufacturing, Transportation equipment, USD bn",None,line
"Korea, NGDP, Activity, Secondary, Manufacturing, Transportation equipment, SA, USD bn","Korea, NGDP, Activity, Secondary, Manufacturing, Transportation equipment, SA, USD bn",None,line
"Korea, NGDP, Activity, Secondary, Manufacturing, Wood and paper products, printing and reproduction of recorded media, USD bn","Korea, NGDP, Activity, Secondary, Manufacturing, Wood and paper products, printing and reproduction of recorded media, USD bn",None,line
"Korea, NGDP, Activity, Secondary, Manufacturing, Wood and paper products, printing and reproduction of recorded media, SA, USD bn","Korea, NGDP, Activity, Secondary, Manufacturing, Wood and paper products, printing and reproduction of recorded media, SA, USD bn",None,line
"Korea, NGDP, Activity, Secondary, Utilities, Electricity, USD bn","Korea, NGDP, Activity, Secondary, Utilities, Electricity, USD bn",None,line
"Korea, NGDP, Activity, Secondary, Utilities, Electricity, SA, USD bn","Korea, NGDP, Activity, Secondary, Utilities, Electricity, SA, USD bn",None,line
"Korea, NGDP, Activity, Secondary, Utilities, Gas, steam and air conditioning supply, USD bn","Korea, NGDP, Activity, Secondary, Utilities, Gas, steam and air conditioning supply, USD bn",None,line
"Korea, NGDP, Activity, Secondary, Utilities, Gas, steam and air conditioning supply, SA, USD bn","Korea, NGDP, Activity, Secondary, Utilities, Gas, steam and air conditioning supply, SA, USD bn",None,line
"Korea, NGDP, Activity, Secondary, Utilities, USD bn","Korea, NGDP, Activity, Secondary, Utilities, USD bn",None,line
"Korea, NGDP, Activity, Secondary, Utilities, SA, USD bn","Korea, NGDP, Activity, Secondary, Utilities, SA, USD bn",None,line
"Korea, NGDP, Activity, Secondary, Utilities, Water supply, sewerage, waste management and remediation activities, USD bn","Korea, NGDP, Activity, Secondary, Utilities, Water supply, sewerage, waste management and remediation activities, USD bn",None,line
"Korea, NGDP, Activity, Secondary, Utilities, Water supply, sewerage, waste management and remediation activities, SA, USD bn","Korea, NGDP, Activity, Secondary, Utilities, Water supply, sewerage, waste management and remediation activities, SA, USD bn",None,line
"Korea, NGDP, Activity, Taxes less subsidies on products, USD bn","Korea, NGDP, Activity, Taxes less subsidies on products, USD bn",None,line
"Korea, NGDP, Activity, Taxes less subsidies on products, SA, USD bn","Korea, NGDP, Activity, Taxes less subsidies on products, SA, USD bn",None,line
"Korea, NGDP, Activity, Tertiary, Accommodation and food services, USD bn","Korea, NGDP, Activity, Tertiary, Accommodation and food services, USD bn",None,line
"Korea, NGDP, Activity, Tertiary, Accommodation and food services, SA, USD bn","Korea, NGDP, Activity, Tertiary, Accommodation and food services, SA, USD bn",None,line
"Korea, NGDP, Activity, Tertiary, Arts, sports and recreation, USD bn","Korea, NGDP, Activity, Tertiary, Arts, sports and recreation, USD bn",None,line
"Korea, NGDP, Activity, Tertiary, Arts, sports and recreation, SA, USD bn","Korea, NGDP, Activity, Tertiary, Arts, sports and recreation, SA, USD bn",None,line
"Korea, NGDP, Activity, Tertiary, Business activities, Business support services, USD bn","Korea, NGDP, Activity, Tertiary, Business activities, Business support services, USD bn",None,line
"Korea, NGDP, Activity, Tertiary, Business activities, Business support services, SA, USD bn","Korea, NGDP, Activity, Tertiary, Business activities, Business support services, SA, USD bn",None,line
"Korea, NGDP, Activity, Tertiary, Business activities, USD bn","Korea, NGDP, Activity, Tertiary, Business activities, USD bn",None,line
"Korea, NGDP, Activity, Tertiary, Business activities, Professional, scientific and technical services, USD bn","Korea, NGDP, Activity, Tertiary, Business activities, Professional, scientific and technical services, USD bn",None,line
"Korea, NGDP, Activity, Tertiary, Business activities, Professional, scientific and technical services, SA, USD bn","Korea, NGDP, Activity, Tertiary, Business activities, Professional, scientific and technical services, SA, USD bn",None,line
"Korea, NGDP, Activity, Tertiary, Business activities, SA, USD bn","Korea, NGDP, Activity, Tertiary, Business activities, SA, USD bn",None,line
"Korea, NGDP, Activity, Tertiary, Cultural and other services, USD bn","Korea, NGDP, Activity, Tertiary, Cultural and other services, USD bn",None,line
"Korea, NGDP, Activity, Tertiary, Cultural and other services, SA, USD bn","Korea, NGDP, Activity, Tertiary, Cultural and other services, SA, USD bn",None,line
"Korea, NGDP, Activity, Tertiary, Education, USD bn","Korea, NGDP, Activity, Tertiary, Education, USD bn",None,line
"Korea, NGDP, Activity, Tertiary, Education, SA, USD bn","Korea, NGDP, Activity, Tertiary, Education, SA, USD bn",None,line
"Korea, NGDP, Activity, Tertiary, Finance and insurance, USD bn","Korea, NGDP, Activity, Tertiary, Finance and insurance, USD bn",None,line
"Korea, NGDP, Activity, Tertiary, Finance and insurance, SA, USD bn","Korea, NGDP, Activity, Tertiary, Finance and insurance, SA, USD bn",None,line
"Korea, NGDP, Activity, Tertiary, Human health and social work, USD bn","Korea, NGDP, Activity, Tertiary, Human health and social work, USD bn",None,line
"Korea, NGDP, Activity, Tertiary, Human health and social work, SA, USD bn","Korea, NGDP, Activity, Tertiary, Human health and social work, SA, USD bn",None,line
"Korea, NGDP, Activity, Tertiary, Information and communication, Communication, USD bn","Korea, NGDP, Activity, Tertiary, Information and communication, Communication, USD bn",None,line
"Korea, NGDP, Activity, Tertiary, Information and communication, Communication, SA, USD bn","Korea, NGDP, Activity, Tertiary, Information and communication, Communication, SA, USD bn",None,line
"Korea, NGDP, Activity, Tertiary, Information and communication, USD bn","Korea, NGDP, Activity, Tertiary, Information and communication, USD bn",None,line
"Korea, NGDP, Activity, Tertiary, Information and communication, Publishing, broadcasting, motion picture, video and television programme production, and information service, USD bn","Korea, NGDP, Activity, Tertiary, Information and communication, Publishing, broadcasting, motion picture, video and television programme production, and information service, USD bn",None,line
"Korea, NGDP, Activity, Tertiary, Information and communication, Publishing, broadcasting, motion picture, video and television programme production, and information service, SA, USD bn","Korea, NGDP, Activity, Tertiary, Information and communication, Publishing, broadcasting, motion picture, video and television programme production, and information service, SA, USD bn",None,line
"Korea, NGDP, Activity, Tertiary, Information and communication, SA, USD bn","Korea, NGDP, Activity, Tertiary, Information and communication, SA, USD bn",None,line
"Korea, NGDP, Activity, Tertiary, USD bn","Korea, NGDP, Activity, Tertiary, USD bn",None,line
"Korea, NGDP, Activity, Tertiary, Other services, USD bn","Korea, NGDP, Activity, Tertiary, Other services, USD bn",None,line
"Korea, NGDP, Activity, Tertiary, Other services, SA, USD bn","Korea, NGDP, Activity, Tertiary, Other services, SA, USD bn",None,line
"Korea, NGDP, Activity, Tertiary, Public administration, defence and social security, USD bn","Korea, NGDP, Activity, Tertiary, Public administration, defence and social security, USD bn",None,line
"Korea, NGDP, Activity, Tertiary, Public administration, defence and social security, SA, USD bn","Korea, NGDP, Activity, Tertiary, Public administration, defence and social security, SA, USD bn",None,line
"Korea, NGDP, Activity, Tertiary, Real estate, USD bn","Korea, NGDP, Activity, Tertiary, Real estate, USD bn",None,line
"Korea, NGDP, Activity, Tertiary, Real estate, SA, USD bn","Korea, NGDP, Activity, Tertiary, Real estate, SA, USD bn",None,line
"Korea, NGDP, Activity, Tertiary, SA, USD bn","Korea, NGDP, Activity, Tertiary, SA, USD bn",None,line
"Korea, NGDP, Activity, Tertiary, Transportation and storage, USD bn","Korea, NGDP, Activity, Tertiary, Transportation and storage, USD bn",None,line
"Korea, NGDP, Activity, Tertiary, Transportation and storage, SA, USD bn","Korea, NGDP, Activity, Tertiary, Transportation and storage, SA, USD bn",None,line
"Korea, NGDP, Activity, Tertiary, Wholesale and retail trade, USD bn","Korea, NGDP, Activity, Tertiary, Wholesale and retail trade, USD bn",None,line
"Korea, NGDP, Activity, Tertiary, Wholesale and retail trade, SA, USD bn","Korea, NGDP, Activity, Tertiary, Wholesale and retail trade, SA, USD bn",None,line
"Korea, NGDP, Activity, Tertiary, Wholesale and retail trade, accommodation and food services, USD bn","Korea, NGDP, Activity, Tertiary, Wholesale and retail trade, accommodation and food services, USD bn",None,line
"Korea, NGDP, Activity, Tertiary, Wholesale and retail trade, accommodation and food services, SA, USD bn","Korea, NGDP, Activity, Tertiary, Wholesale and retail trade, accommodation and food services, SA, USD bn",None,line
"Korea, NGDP, Activity, gdp_at_market_prices, USD bn","Korea, NGDP, Activity, gdp_at_market_prices, USD bn",None,line
"Korea, NGDP, Activity, gdp_at_market_prices, SA, USD bn","Korea, NGDP, Activity, gdp_at_market_prices, SA, USD bn",None,line
"Korea, NGDP, Activity, gni, USD bn","Korea, NGDP, Activity, gni, USD bn",None,line
"Korea, NGDP, Activity, gni, SA, USD bn","Korea, NGDP, Activity, gni, SA, USD bn",None,line
"Korea, NGDP, Activity, gross_value_added_at_basic_prices, USD bn","Korea, NGDP, Activity, gross_value_added_at_basic_prices, USD bn",None,line
"Korea, NGDP, Activity, gross_value_added_at_basic_prices, SA, USD bn","Korea, NGDP, Activity, gross_value_added_at_basic_prices, SA, USD bn",None,line
"Korea, NGDP, Activity, mining_and_manufacturing, USD bn","Korea, NGDP, Activity, mining_and_manufacturing, USD bn",None,line
"Korea, NGDP, Activity, mining_and_manufacturing, SA, USD bn","Korea, NGDP, Activity, mining_and_manufacturing, SA, USD bn",None,line
"Korea, NGDP, Activity, net_factor_income_from_the_rest_of_the_w, USD bn","Korea, NGDP, Activity, net_factor_income_from_the_rest_of_the_w, USD bn",None,line
"Korea, NGDP, Activity, net_factor_income_from_the_rest_of_the_w, SA, USD bn","Korea, NGDP, Activity, net_factor_income_from_the_rest_of_the_w, SA, USD bn",None,line
"Korea, NGDP, Activity, primary>agriculture, USD bn","Korea, NGDP, Activity, primary>agriculture, USD bn",None,line
"Korea, NGDP, Activity, primary>agriculture, SA, USD bn","Korea, NGDP, Activity, primary>agriculture, SA, USD bn",None,line
"Korea, NGDP, Activity, primary>agriculture>animals, USD bn","Korea, NGDP, Activity, primary>agriculture>animals, USD bn",None,line
"Korea, NGDP, Activity, primary>agriculture>cultivation, USD bn","Korea, NGDP, Activity, primary>agriculture>cultivation, USD bn",None,line
"Korea, NGDP, Activity, primary>agriculture>fishing_and_aquaculture, USD bn","Korea, NGDP, Activity, primary>agriculture>fishing_and_aquaculture, USD bn",None,line
"Korea, NGDP, Activity, primary>agriculture>forestry_and_logging, USD bn","Korea, NGDP, Activity, primary>agriculture>forestry_and_logging, USD bn",None,line
"Korea, NGDP, Activity, primary>mining_and_quarrying, USD bn","Korea, NGDP, Activity, primary>mining_and_quarrying, USD bn",None,line
"Korea, NGDP, Activity, primary>mining_and_quarrying, SA, USD bn","Korea, NGDP, Activity, primary>mining_and_quarrying, SA, USD bn",None,line
"Korea, NGDP, Activity, secondary>construction, USD bn","Korea, NGDP, Activity, secondary>construction, USD bn",None,line
"Korea, NGDP, Activity, secondary>construction, SA, USD bn","Korea, NGDP, Activity, secondary>construction, SA, USD bn",None,line
"Korea, NGDP, Activity, secondary>construction>building_construction_and_repair, USD bn","Korea, NGDP, Activity, secondary>construction>building_construction_and_repair, USD bn",None,line
"Korea, NGDP, Activity, secondary>construction>building_construction_and_repair, SA, USD bn","Korea, NGDP, Activity, secondary>construction>building_construction_and_repair, SA, USD bn",None,line
"Korea, NGDP, Activity, secondary>construction>building_construction_and_repair>building_repair, USD bn","Korea, NGDP, Activity, secondary>construction>building_construction_and_repair>building_repair, USD bn",None,line
"Korea, NGDP, Activity, secondary>construction>building_construction_and_repair>building_repair, SA, USD bn","Korea, NGDP, Activity, secondary>construction>building_construction_and_repair>building_repair, SA, USD bn",None,line
"Korea, NGDP, Activity, secondary>construction>building_construction_and_repair>non_residential, USD bn","Korea, NGDP, Activity, secondary>construction>building_construction_and_repair>non_residential, USD bn",None,line
"Korea, NGDP, Activity, secondary>construction>building_construction_and_repair>non_residential, SA, USD bn","Korea, NGDP, Activity, secondary>construction>building_construction_and_repair>non_residential, SA, USD bn",None,line
"Korea, NGDP, Activity, secondary>construction>building_construction_and_repair>residential, USD bn","Korea, NGDP, Activity, secondary>construction>building_construction_and_repair>residential, USD bn",None,line
"Korea, NGDP, Activity, secondary>construction>building_construction_and_repair>residential, SA, USD bn","Korea, NGDP, Activity, secondary>construction>building_construction_and_repair>residential, SA, USD bn",None,line
"Korea, NGDP, Activity, secondary>construction>civil_engineering, USD bn","Korea, NGDP, Activity, secondary>construction>civil_engineering, USD bn",None,line
"Korea, NGDP, Activity, secondary>construction>civil_engineering, SA, USD bn","Korea, NGDP, Activity, secondary>construction>civil_engineering, SA, USD bn",None,line
"Korea, NGDP, Activity, secondary>manufacturing, USD bn","Korea, NGDP, Activity, secondary>manufacturing, USD bn",None,line
"Korea, NGDP, Activity, secondary>manufacturing, SA, USD bn","Korea, NGDP, Activity, secondary>manufacturing, SA, USD bn",None,line
"Korea, NGDP, Activity, secondary>manufacturing>basic_metals, USD bn","Korea, NGDP, Activity, secondary>manufacturing>basic_metals, USD bn",None,line
"Korea, NGDP, Activity, secondary>manufacturing>basic_metals, SA, USD bn","Korea, NGDP, Activity, secondary>manufacturing>basic_metals, SA, USD bn",None,line
"Korea, NGDP, Activity, secondary>manufacturing>chemicals_and_chemical_products, USD bn","Korea, NGDP, Activity, secondary>manufacturing>chemicals_and_chemical_products, USD bn",None,line
"Korea, NGDP, Activity, secondary>manufacturing>chemicals_and_chemical_products, SA, USD bn","Korea, NGDP, Activity, secondary>manufacturing>chemicals_and_chemical_products, SA, USD bn",None,line
"Korea, NGDP, Activity, secondary>manufacturing>coke_and_refined_petroleum_products, USD bn","Korea, NGDP, Activity, secondary>manufacturing>coke_and_refined_petroleum_products, USD bn",None,line
"Korea, NGDP, Activity, secondary>manufacturing>coke_and_refined_petroleum_products, SA, USD bn","Korea, NGDP, Activity, secondary>manufacturing>coke_and_refined_petroleum_products, SA, USD bn",None,line
"Korea, NGDP, Activity, secondary>manufacturing>computer_and_electronics, USD bn","Korea, NGDP, Activity, secondary>manufacturing>computer_and_electronics, USD bn",None,line
"Korea, NGDP, Activity, secondary>manufacturing>computer_and_electronics, SA, USD bn","Korea, NGDP, Activity, secondary>manufacturing>computer_and_electronics, SA, USD bn",None,line
"Korea, NGDP, Activity, secondary>manufacturing>electrical_equipment, USD bn","Korea, NGDP, Activity, secondary>manufacturing>electrical_equipment, USD bn",None,line
"Korea, NGDP, Activity, secondary>manufacturing>electrical_equipment, SA, USD bn","Korea, NGDP, Activity, secondary>manufacturing>electrical_equipment, SA, USD bn",None,line
"Korea, NGDP, Activity, secondary>manufacturing>fabricated_metal_products, USD bn","Korea, NGDP, Activity, secondary>manufacturing>fabricated_metal_products, USD bn",None,line
"Korea, NGDP, Activity, secondary>manufacturing>fabricated_metal_products, SA, USD bn","Korea, NGDP, Activity, secondary>manufacturing>fabricated_metal_products, SA, USD bn",None,line
"Korea, NGDP, Activity, secondary>manufacturing>food_beverages_products, USD bn","Korea, NGDP, Activity, secondary>manufacturing>food_beverages_products, USD bn",None,line
"Korea, NGDP, Activity, secondary>manufacturing>food_beverages_products, SA, USD bn","Korea, NGDP, Activity, secondary>manufacturing>food_beverages_products, SA, USD bn",None,line
"Korea, NGDP, Activity, secondary>manufacturing>machinery_and_equipment, USD bn","Korea, NGDP, Activity, secondary>manufacturing>machinery_and_equipment, USD bn",None,line
"Korea, NGDP, Activity, secondary>manufacturing>machinery_and_equipment, SA, USD bn","Korea, NGDP, Activity, secondary>manufacturing>machinery_and_equipment, SA, USD bn",None,line
"Korea, NGDP, Activity, secondary>manufacturing>other_manufacturing_repair_and_installat, USD bn","Korea, NGDP, Activity, secondary>manufacturing>other_manufacturing_repair_and_installat, USD bn",None,line
"Korea, NGDP, Activity, secondary>manufacturing>other_manufacturing_repair_and_installat, SA, USD bn","Korea, NGDP, Activity, secondary>manufacturing>other_manufacturing_repair_and_installat, SA, USD bn",None,line
"Korea, NGDP, Activity, secondary>manufacturing>other_non_metallic_mineral_products, USD bn","Korea, NGDP, Activity, secondary>manufacturing>other_non_metallic_mineral_products, USD bn",None,line
"Korea, NGDP, Activity, secondary>manufacturing>other_non_metallic_mineral_products, SA, USD bn","Korea, NGDP, Activity, secondary>manufacturing>other_non_metallic_mineral_products, SA, USD bn",None,line
"Korea, NGDP, Activity, secondary>manufacturing>textile_and_leather_products, USD bn","Korea, NGDP, Activity, secondary>manufacturing>textile_and_leather_products, USD bn",None,line
"Korea, NGDP, Activity, secondary>manufacturing>textile_and_leather_products, SA, USD bn","Korea, NGDP, Activity, secondary>manufacturing>textile_and_leather_products, SA, USD bn",None,line
"Korea, NGDP, Activity, secondary>manufacturing>transportation_equipment, USD bn","Korea, NGDP, Activity, secondary>manufacturing>transportation_equipment, USD bn",None,line
"Korea, NGDP, Activity, secondary>manufacturing>transportation_equipment, SA, USD bn","Korea, NGDP, Activity, secondary>manufacturing>transportation_equipment, SA, USD bn",None,line
"Korea, NGDP, Activity, secondary>manufacturing>wood_and_paper_products_printing_and_rep, USD bn","Korea, NGDP, Activity, secondary>manufacturing>wood_and_paper_products_printing_and_rep, USD bn",None,line
"Korea, NGDP, Activity, secondary>manufacturing>wood_and_paper_products_printing_and_rep, SA, USD bn","Korea, NGDP, Activity, secondary>manufacturing>wood_and_paper_products_printing_and_rep, SA, USD bn",None,line
"Korea, NGDP, Activity, secondary>utilities, USD bn","Korea, NGDP, Activity, secondary>utilities, USD bn",None,line
"Korea, NGDP, Activity, secondary>utilities, SA, USD bn","Korea, NGDP, Activity, secondary>utilities, SA, USD bn",None,line
"Korea, NGDP, Activity, secondary>utilities>electricity, USD bn","Korea, NGDP, Activity, secondary>utilities>electricity, USD bn",None,line
"Korea, NGDP, Activity, secondary>utilities>electricity, SA, USD bn","Korea, NGDP, Activity, secondary>utilities>electricity, SA, USD bn",None,line
"Korea, NGDP, Activity, secondary>utilities>gas_steam_and_air_conditioning_supply, USD bn","Korea, NGDP, Activity, secondary>utilities>gas_steam_and_air_conditioning_supply, USD bn",None,line
"Korea, NGDP, Activity, secondary>utilities>gas_steam_and_air_conditioning_supply, SA, USD bn","Korea, NGDP, Activity, secondary>utilities>gas_steam_and_air_conditioning_supply, SA, USD bn",None,line
"Korea, NGDP, Activity, secondary>utilities>water_supply_sewerage_waste_management_a, USD bn","Korea, NGDP, Activity, secondary>utilities>water_supply_sewerage_waste_management_a, USD bn",None,line
"Korea, NGDP, Activity, secondary>utilities>water_supply_sewerage_waste_management_a, SA, USD bn","Korea, NGDP, Activity, secondary>utilities>water_supply_sewerage_waste_management_a, SA, USD bn",None,line
"Korea, NGDP, Activity, taxes_less_subsidies_on_products, USD bn","Korea, NGDP, Activity, taxes_less_subsidies_on_products, USD bn",None,line
"Korea, NGDP, Activity, taxes_less_subsidies_on_products, SA, USD bn","Korea, NGDP, Activity, taxes_less_subsidies_on_products, SA, USD bn",None,line
"Korea, NGDP, Activity, tertiary, USD bn","Korea, NGDP, Activity, tertiary, USD bn",None,line
"Korea, NGDP, Activity, tertiary, SA, USD bn","Korea, NGDP, Activity, tertiary, SA, USD bn",None,line
"Korea, NGDP, Activity, tertiary>accommodation_and_food_services_2, USD bn","Korea, NGDP, Activity, tertiary>accommodation_and_food_services_2, USD bn",None,line
"Korea, NGDP, Activity, tertiary>accommodation_and_food_services_2, SA, USD bn","Korea, NGDP, Activity, tertiary>accommodation_and_food_services_2, SA, USD bn",None,line
"Korea, NGDP, Activity, tertiary>arts_sports_and_recreation, USD bn","Korea, NGDP, Activity, tertiary>arts_sports_and_recreation, USD bn",None,line
"Korea, NGDP, Activity, tertiary>arts_sports_and_recreation, SA, USD bn","Korea, NGDP, Activity, tertiary>arts_sports_and_recreation, SA, USD bn",None,line
"Korea, NGDP, Activity, tertiary>business_activities, USD bn","Korea, NGDP, Activity, tertiary>business_activities, USD bn",None,line
"Korea, NGDP, Activity, tertiary>business_activities, SA, USD bn","Korea, NGDP, Activity, tertiary>business_activities, SA, USD bn",None,line
"Korea, NGDP, Activity, tertiary>business_activities>business_support_services, USD bn","Korea, NGDP, Activity, tertiary>business_activities>business_support_services, USD bn",None,line
"Korea, NGDP, Activity, tertiary>business_activities>business_support_services, SA, USD bn","Korea, NGDP, Activity, tertiary>business_activities>business_support_services, SA, USD bn",None,line
"Korea, NGDP, Activity, tertiary>business_activities>professional_scientific_and_technical_se, USD bn","Korea, NGDP, Activity, tertiary>business_activities>professional_scientific_and_technical_se, USD bn",None,line
"Korea, NGDP, Activity, tertiary>business_activities>professional_scientific_and_technical_se, SA, USD bn","Korea, NGDP, Activity, tertiary>business_activities>professional_scientific_and_technical_se, SA, USD bn",None,line
"Korea, NGDP, Activity, tertiary>cultural_and_other_services, USD bn","Korea, NGDP, Activity, tertiary>cultural_and_other_services, USD bn",None,line
"Korea, NGDP, Activity, tertiary>cultural_and_other_services, SA, USD bn","Korea, NGDP, Activity, tertiary>cultural_and_other_services, SA, USD bn",None,line
"Korea, NGDP, Activity, tertiary>education, USD bn","Korea, NGDP, Activity, tertiary>education, USD bn",None,line
"Korea, NGDP, Activity, tertiary>education, SA, USD bn","Korea, NGDP, Activity, tertiary>education, SA, USD bn",None,line
"Korea, NGDP, Activity, tertiary>finance_and_insurance, USD bn","Korea, NGDP, Activity, tertiary>finance_and_insurance, USD bn",None,line
"Korea, NGDP, Activity, tertiary>finance_and_insurance, SA, USD bn","Korea, NGDP, Activity, tertiary>finance_and_insurance, SA, USD bn",None,line
"Korea, NGDP, Activity, tertiary>human_health_and_social_work, USD bn","Korea, NGDP, Activity, tertiary>human_health_and_social_work, USD bn",None,line
"Korea, NGDP, Activity, tertiary>human_health_and_social_work, SA, USD bn","Korea, NGDP, Activity, tertiary>human_health_and_social_work, SA, USD bn",None,line
"Korea, NGDP, Activity, tertiary>information_and_communication, USD bn","Korea, NGDP, Activity, tertiary>information_and_communication, USD bn",None,line
"Korea, NGDP, Activity, tertiary>information_and_communication, SA, USD bn","Korea, NGDP, Activity, tertiary>information_and_communication, SA, USD bn",None,line
"Korea, NGDP, Activity, tertiary>information_and_communication>communication, USD bn","Korea, NGDP, Activity, tertiary>information_and_communication>communication, USD bn",None,line
"Korea, NGDP, Activity, tertiary>information_and_communication>communication, SA, USD bn","Korea, NGDP, Activity, tertiary>information_and_communication>communication, SA, USD bn",None,line
"Korea, NGDP, Activity, tertiary>information_and_communication>publishing_broadcasting_motion_picture_v, USD bn","Korea, NGDP, Activity, tertiary>information_and_communication>publishing_broadcasting_motion_picture_v, USD bn",None,line
"Korea, NGDP, Activity, tertiary>information_and_communication>publishing_broadcasting_motion_picture_v, SA, USD bn","Korea, NGDP, Activity, tertiary>information_and_communication>publishing_broadcasting_motion_picture_v, SA, USD bn",None,line
"Korea, NGDP, Activity, tertiary>other_services, USD bn","Korea, NGDP, Activity, tertiary>other_services, USD bn",None,line
"Korea, NGDP, Activity, tertiary>other_services, SA, USD bn","Korea, NGDP, Activity, tertiary>other_services, SA, USD bn",None,line
"Korea, NGDP, Activity, tertiary>public_administration_defence_and_social, USD bn","Korea, NGDP, Activity, tertiary>public_administration_defence_and_social, USD bn",None,line
"Korea, NGDP, Activity, tertiary>public_administration_defence_and_social, SA, USD bn","Korea, NGDP, Activity, tertiary>public_administration_defence_and_social, SA, USD bn",None,line
"Korea, NGDP, Activity, tertiary>real_estate, USD bn","Korea, NGDP, Activity, tertiary>real_estate, USD bn",None,line
"Korea, NGDP, Activity, tertiary>real_estate, SA, USD bn","Korea, NGDP, Activity, tertiary>real_estate, SA, USD bn",None,line
"Korea, NGDP, Activity, tertiary>transportation_and_storage, USD bn","Korea, NGDP, Activity, tertiary>transportation_and_storage, USD bn",None,line
"Korea, NGDP, Activity, tertiary>transportation_and_storage, SA, USD bn","Korea, NGDP, Activity, tertiary>transportation_and_storage, SA, USD bn",None,line
"Korea, NGDP, Activity, tertiary>wholesale_and_retail_trade, USD bn","Korea, NGDP, Activity, tertiary>wholesale_and_retail_trade, USD bn",None,line
"Korea, NGDP, Activity, tertiary>wholesale_and_retail_trade, SA, USD bn","Korea, NGDP, Activity, tertiary>wholesale_and_retail_trade, SA, USD bn",None,line
"Korea, NGDP, Activity, tertiary>wholesale_and_retail_trade>accommodation_and_food_services, USD bn","Korea, NGDP, Activity, tertiary>wholesale_and_retail_trade>accommodation_and_food_services, USD bn",None,line
"Korea, NGDP, Activity, tertiary>wholesale_and_retail_trade>accommodation_and_food_services, SA, USD bn","Korea, NGDP, Activity, tertiary>wholesale_and_retail_trade>accommodation_and_food_services, SA, USD bn",None,line
"Korea, NGDP, Activity, Secondary, USD bn","Korea, NGDP, Activity, Secondary, USD bn",None,line
"Korea, NGDP, GNI, USD bn","Korea, NGDP, GNI, USD bn",None,line
"Korea, NGDP, GNI, SA, USD bn","Korea, NGDP, GNI, SA, USD bn",None,line
"Korea, NGDP, Expenditure, Domestic demand, Gross capital formation, Gross fixed capital formation, Construction, Residential, SA, USD bn","Korea, NGDP, Expenditure, Domestic demand, Gross capital formation, Gross fixed capital formation, Construction, Residential, SA, USD bn",None,line
"Korea, NGDP, Expenditure, Domestic demand, Gross capital formation, Gross fixed capital formation, Construction, Non-residential, SA, USD bn","Korea, NGDP, Expenditure, Domestic demand, Gross capital formation, Gross fixed capital formation, Construction, Non-residential, SA, USD bn",None,line
"Korea, NGDP, Expenditure, Domestic demand, Gross capital formation, Gross fixed capital formation, Construction, Other buildings and structures, SA, USD bn","Korea, NGDP, Expenditure, Domestic demand, Gross capital formation, Gross fixed capital formation, Construction, Other buildings and structures, SA, USD bn",None,line
"Korea, NGDP, Expenditure, Domestic demand, Gross capital formation, Gross fixed capital formation, Transport equipment, SA, USD bn","Korea, NGDP, Expenditure, Domestic demand, Gross capital formation, Gross fixed capital formation, Transport equipment, SA, USD bn",None,line
"Korea, NGDP, Expenditure, Domestic demand, Gross capital formation, Gross fixed capital formation, Other machinery and equipment, SA, USD bn","Korea, NGDP, Expenditure, Domestic demand, Gross capital formation, Gross fixed capital formation, Other machinery and equipment, SA, USD bn",None,line
"Korea, NGDP, Expenditure, Domestic demand, Private consumption, Household consumption, Domestic final consumption, Goods, SA, USD bn","Korea, NGDP, Expenditure, Domestic demand, Private consumption, Household consumption, Domestic final consumption, Goods, SA, USD bn",None,line
"Korea, NGDP, Expenditure, Domestic demand, SA, USD bn","Korea, NGDP, Expenditure, Domestic demand, SA, USD bn",None,line
"Korea, NGDP, Expenditure, Domestic demand, Excluding inventories, SA, USD bn","Korea, NGDP, Expenditure, Domestic demand, Excluding inventories, SA, USD bn",None,line
"Korea, NGDP, Expenditure, Domestic demand, Private, Excluding inventories, SA, USD bn","Korea, NGDP, Expenditure, Domestic demand, Private, Excluding inventories, SA, USD bn",None,line
"Korea, NGDP, Expenditure, Domestic demand, Public, Excluding inventories, SA, USD bn","Korea, NGDP, Expenditure, Domestic demand, Public, Excluding inventories, SA, USD bn",None,line
"Korea, RGDP, Expenditure, SA, YTD chg, KRW bn","Korea, RGDP, Expenditure, SA, YTD chg, KRW bn",None,line
"Korea, RGDP, Expenditure, SA, YTD cum rise vs prior year, KRW bn","Korea, RGDP, Expenditure, SA, YTD cum rise vs prior year, KRW bn",None,line
"Korea, RGDP, Expenditure, Net exports of goods and services, Exports of goods and services, Goods, SA, YTD chg, KRW bn","Korea, RGDP, Expenditure, Net exports of goods and services, Exports of goods and services, Goods, SA, YTD chg, KRW bn",None,line
"Korea, RGDP, Expenditure, Net exports of goods and services, Exports of goods and services, Goods, SA, YTD cum rise vs prior year, KRW bn","Korea, RGDP, Expenditure, Net exports of goods and services, Exports of goods and services, Goods, SA, YTD cum rise vs prior year, KRW bn",None,line
"Korea, NGDP, Expenditure, Domestic demand, Final consumption expenditure, KRW tn","Korea, NGDP, Expenditure, Domestic demand, Final consumption expenditure, KRW tn",None,line
"Korea, NGDP, Expenditure, Domestic demand, Final consumption expenditure, SA, KRW tn","Korea, NGDP, Expenditure, Domestic demand, Final consumption expenditure, SA, KRW tn",None,line
"Korea, NGDP, Expenditure, Domestic demand, Government consumption, KRW tn","Korea, NGDP, Expenditure, Domestic demand, Government consumption, KRW tn",None,line
"Korea, NGDP, Expenditure, Domestic demand, Government consumption, SA, KRW tn","Korea, NGDP, Expenditure, Domestic demand, Government consumption, SA, KRW tn",None,line
"Korea, NGDP, Expenditure, Domestic demand, Gross capital formation, Gross fixed capital formation, Buildings and structures, KRW tn","Korea, NGDP, Expenditure, Domestic demand, Gross capital formation, Gross fixed capital formation, Buildings and structures, KRW tn",None,line
"Korea, NGDP, Expenditure, Domestic demand, Gross capital formation, Gross fixed capital formation, Buildings and structures, SA, KRW tn","Korea, NGDP, Expenditure, Domestic demand, Gross capital formation, Gross fixed capital formation, Buildings and structures, SA, KRW tn",None,line
"Korea, NGDP, Expenditure, Domestic demand, Gross capital formation, Gross fixed capital formation, Facilities investment, KRW tn","Korea, NGDP, Expenditure, Domestic demand, Gross capital formation, Gross fixed capital formation, Facilities investment, KRW tn",None,line
"Korea, NGDP, Expenditure, Domestic demand, Gross capital formation, Gross fixed capital formation, Facilities investment, SA, KRW tn","Korea, NGDP, Expenditure, Domestic demand, Gross capital formation, Gross fixed capital formation, Facilities investment, SA, KRW tn",None,line
"Korea, NGDP, Expenditure, Domestic demand, Gross capital formation, Gross fixed capital formation, Public, KRW tn","Korea, NGDP, Expenditure, Domestic demand, Gross capital formation, Gross fixed capital formation, Public, KRW tn",None,line
"Korea, NGDP, Expenditure, Domestic demand, Gross capital formation, Gross fixed capital formation, Public, SA, KRW tn","Korea, NGDP, Expenditure, Domestic demand, Gross capital formation, Gross fixed capital formation, Public, SA, KRW tn",None,line
"Korea, NGDP, Expenditure, Domestic demand, Gross capital formation, Gross fixed capital formation, Intellectual property products, KRW tn","Korea, NGDP, Expenditure, Domestic demand, Gross capital formation, Gross fixed capital formation, Intellectual property products, KRW tn",None,line
"Korea, NGDP, Expenditure, Domestic demand, Gross capital formation, Gross fixed capital formation, Intellectual property products, SA, KRW tn","Korea, NGDP, Expenditure, Domestic demand, Gross capital formation, Gross fixed capital formation, Intellectual property products, SA, KRW tn",None,line
"Korea, NGDP, Expenditure, Domestic demand, Gross capital formation, Gross fixed capital formation, KRW tn","Korea, NGDP, Expenditure, Domestic demand, Gross capital formation, Gross fixed capital formation, KRW tn",None,line
"Korea, NGDP, Expenditure, Domestic demand, Gross capital formation, Gross fixed capital formation, Private, KRW tn","Korea, NGDP, Expenditure, Domestic demand, Gross capital formation, Gross fixed capital formation, Private, KRW tn",None,line
"Korea, NGDP, Expenditure, Domestic demand, Gross capital formation, Gross fixed capital formation, Private, SA, KRW tn","Korea, NGDP, Expenditure, Domestic demand, Gross capital formation, Gross fixed capital formation, Private, SA, KRW tn",None,line
"Korea, NGDP, Expenditure, Domestic demand, Gross capital formation, Gross fixed capital formation, SA, KRW tn","Korea, NGDP, Expenditure, Domestic demand, Gross capital formation, Gross fixed capital formation, SA, KRW tn",None,line
"Korea, NGDP, Expenditure, Domestic demand, Gross capital formation, Inventories, KRW tn","Korea, NGDP, Expenditure, Domestic demand, Gross capital formation, Inventories, KRW tn",None,line
"Korea, NGDP, Expenditure, Domestic demand, Gross capital formation, Inventories, SA, KRW tn","Korea, NGDP, Expenditure, Domestic demand, Gross capital formation, Inventories, SA, KRW tn",None,line
"Korea, NGDP, Expenditure, Domestic demand, Gross capital formation, KRW tn","Korea, NGDP, Expenditure, Domestic demand, Gross capital formation, KRW tn",None,line
"Korea, NGDP, Expenditure, Domestic demand, Gross capital formation, SA, KRW tn","Korea, NGDP, Expenditure, Domestic demand, Gross capital formation, SA, KRW tn",None,line
"Korea, NGDP, Expenditure, Domestic demand, Private consumption, Household consumption, KRW tn","Korea, NGDP, Expenditure, Domestic demand, Private consumption, Household consumption, KRW tn",None,line
"Korea, NGDP, Expenditure, Domestic demand, Private consumption, Household consumption, SA, KRW tn","Korea, NGDP, Expenditure, Domestic demand, Private consumption, Household consumption, SA, KRW tn",None,line
"Korea, NGDP, Expenditure, Domestic demand, Private consumption, KRW tn","Korea, NGDP, Expenditure, Domestic demand, Private consumption, KRW tn",None,line
"Korea, NGDP, Expenditure, Domestic demand, Private consumption, Non-profit institutions serving households, KRW tn","Korea, NGDP, Expenditure, Domestic demand, Private consumption, Non-profit institutions serving households, KRW tn",None,line
"Korea, NGDP, Expenditure, Domestic demand, Private consumption, Non-profit institutions serving households, SA, KRW tn","Korea, NGDP, Expenditure, Domestic demand, Private consumption, Non-profit institutions serving households, SA, KRW tn",None,line
"Korea, NGDP, Expenditure, Domestic demand, Private consumption, SA, KRW tn","Korea, NGDP, Expenditure, Domestic demand, Private consumption, SA, KRW tn",None,line
"Korea, NGDP, Expenditure, GDP, SA, KRW tn","Korea, NGDP, Expenditure, GDP, SA, KRW tn",None,line
"Korea, NGDP, Expenditure, KRW tn","Korea, NGDP, Expenditure, KRW tn",None,line
"Korea, NGDP, Expenditure, Net exports of goods and services, Exports of goods and services, Goods, KRW tn","Korea, NGDP, Expenditure, Net exports of goods and services, Exports of goods and services, Goods, KRW tn",None,line
"Korea, NGDP, Expenditure, Net exports of goods and services, Exports of goods and services, Goods, SA, KRW tn","Korea, NGDP, Expenditure, Net exports of goods and services, Exports of goods and services, Goods, SA, KRW tn",None,line
"Korea, NGDP, Expenditure, Net exports of goods and services, Exports of goods and services, KRW tn","Korea, NGDP, Expenditure, Net exports of goods and services, Exports of goods and services, KRW tn",None,line
"Korea, NGDP, Expenditure, Net exports of goods and services, Exports of goods and services, SA, KRW tn","Korea, NGDP, Expenditure, Net exports of goods and services, Exports of goods and services, SA, KRW tn",None,line
"Korea, NGDP, Expenditure, Net exports of goods and services, Exports of goods and services, Services, KRW tn","Korea, NGDP, Expenditure, Net exports of goods and services, Exports of goods and services, Services, KRW tn",None,line
"Korea, NGDP, Expenditure, Net exports of goods and services, Exports of goods and services, Services, SA, KRW tn","Korea, NGDP, Expenditure, Net exports of goods and services, Exports of goods and services, Services, SA, KRW tn",None,line
"Korea, NGDP, Expenditure, Net exports of goods and services, Imports of goods and services, Goods, KRW tn","Korea, NGDP, Expenditure, Net exports of goods and services, Imports of goods and services, Goods, KRW tn",None,line
"Korea, NGDP, Expenditure, Net exports of goods and services, Imports of goods and services, Goods, SA, KRW tn","Korea, NGDP, Expenditure, Net exports of goods and services, Imports of goods and services, Goods, SA, KRW tn",None,line
"Korea, NGDP, Expenditure, Net exports of goods and services, Imports of goods and services, KRW tn","Korea, NGDP, Expenditure, Net exports of goods and services, Imports of goods and services, KRW tn",None,line
"Korea, NGDP, Expenditure, Net exports of goods and services, Imports of goods and services, SA, KRW tn","Korea, NGDP, Expenditure, Net exports of goods and services, Imports of goods and services, SA, KRW tn",None,line
"Korea, NGDP, Expenditure, Net exports of goods and services, Imports of goods and services, Services, KRW tn","Korea, NGDP, Expenditure, Net exports of goods and services, Imports of goods and services, Services, KRW tn",None,line
"Korea, NGDP, Expenditure, Net exports of goods and services, Imports of goods and services, Services, SA, KRW tn","Korea, NGDP, Expenditure, Net exports of goods and services, Imports of goods and services, Services, SA, KRW tn",None,line
"Korea, NGDP, Expenditure, SA, KRW tn","Korea, NGDP, Expenditure, SA, KRW tn",None,line
"Korea, NGDP, Expenditure, Statistical discrepancy, KRW tn","Korea, NGDP, Expenditure, Statistical discrepancy, KRW tn",None,line
"Korea, NGDP, Expenditure, Statistical discrepancy, SA, KRW tn","Korea, NGDP, Expenditure, Statistical discrepancy, SA, KRW tn",None,line
"Korea, NGDP, Income, Compensation of employees, KRW tn","Korea, NGDP, Income, Compensation of employees, KRW tn",None,line
"Korea, NGDP, Income, Compensation of employees, SA, KRW tn","Korea, NGDP, Income, Compensation of employees, SA, KRW tn",None,line
"Korea, NGDP, Income, Gross operating surplus, KRW tn","Korea, NGDP, Income, Gross operating surplus, KRW tn",None,line
"Korea, NGDP, Income, Gross operating surplus, SA, KRW tn","Korea, NGDP, Income, Gross operating surplus, SA, KRW tn",None,line
"Korea, NGDP, Income, Nominal gross domestic product, KRW tn","Korea, NGDP, Income, Nominal gross domestic product, KRW tn",None,line
"Korea, NGDP, Income, SA, KRW tn","Korea, NGDP, Income, SA, KRW tn",None,line
"Korea, NGDP, Income, Taxes on production and imports less subsidies, KRW tn","Korea, NGDP, Income, Taxes on production and imports less subsidies, KRW tn",None,line
"Korea, NGDP, Income, Taxes on production and imports less subsidies, SA, KRW tn","Korea, NGDP, Income, Taxes on production and imports less subsidies, SA, KRW tn",None,line
"Korea, RGDP, Expenditure, Domestic demand, Final consumption expenditure, KRW tn","Korea, RGDP, Expenditure, Domestic demand, Final consumption expenditure, KRW tn",None,line
"Korea, RGDP, Expenditure, Domestic demand, Final consumption expenditure, SA, KRW tn","Korea, RGDP, Expenditure, Domestic demand, Final consumption expenditure, SA, KRW tn",None,line
"Korea, RGDP, Expenditure, Domestic demand, Government consumption, KRW tn","Korea, RGDP, Expenditure, Domestic demand, Government consumption, KRW tn",None,line
"Korea, RGDP, Expenditure, Domestic demand, Government consumption, SA, KRW tn","Korea, RGDP, Expenditure, Domestic demand, Government consumption, SA, KRW tn",None,line
"Korea, RGDP, Expenditure, Domestic demand, Gross capital formation, Gross fixed capital formation, Buildings and structures, KRW tn","Korea, RGDP, Expenditure, Domestic demand, Gross capital formation, Gross fixed capital formation, Buildings and structures, KRW tn",None,line
"Korea, RGDP, Expenditure, Domestic demand, Gross capital formation, Gross fixed capital formation, Buildings and structures, SA, KRW tn","Korea, RGDP, Expenditure, Domestic demand, Gross capital formation, Gross fixed capital formation, Buildings and structures, SA, KRW tn",None,line
"Korea, RGDP, Expenditure, Domestic demand, Gross capital formation, Gross fixed capital formation, Facilities investment, KRW tn","Korea, RGDP, Expenditure, Domestic demand, Gross capital formation, Gross fixed capital formation, Facilities investment, KRW tn",None,line
"Korea, RGDP, Expenditure, Domestic demand, Gross capital formation, Gross fixed capital formation, Facilities investment, SA, KRW tn","Korea, RGDP, Expenditure, Domestic demand, Gross capital formation, Gross fixed capital formation, Facilities investment, SA, KRW tn",None,line
"Korea, RGDP, Expenditure, Domestic demand, Gross capital formation, Gross fixed capital formation, Public, KRW tn","Korea, RGDP, Expenditure, Domestic demand, Gross capital formation, Gross fixed capital formation, Public, KRW tn",None,line
"Korea, RGDP, Expenditure, Domestic demand, Gross capital formation, Gross fixed capital formation, Public, SA, KRW tn","Korea, RGDP, Expenditure, Domestic demand, Gross capital formation, Gross fixed capital formation, Public, SA, KRW tn",None,line
"Korea, RGDP, Expenditure, Domestic demand, Gross capital formation, Gross fixed capital formation, Intellectual property products, KRW tn","Korea, RGDP, Expenditure, Domestic demand, Gross capital formation, Gross fixed capital formation, Intellectual property products, KRW tn",None,line
"Korea, RGDP, Expenditure, Domestic demand, Gross capital formation, Gross fixed capital formation, Intellectual property products, SA, KRW tn","Korea, RGDP, Expenditure, Domestic demand, Gross capital formation, Gross fixed capital formation, Intellectual property products, SA, KRW tn",None,line
"Korea, RGDP, Expenditure, Domestic demand, Gross capital formation, Gross fixed capital formation, KRW tn","Korea, RGDP, Expenditure, Domestic demand, Gross capital formation, Gross fixed capital formation, KRW tn",None,line
"Korea, RGDP, Expenditure, Domestic demand, Gross capital formation, Gross fixed capital formation, Private, KRW tn","Korea, RGDP, Expenditure, Domestic demand, Gross capital formation, Gross fixed capital formation, Private, KRW tn",None,line
"Korea, RGDP, Expenditure, Domestic demand, Gross capital formation, Gross fixed capital formation, Private, SA, KRW tn","Korea, RGDP, Expenditure, Domestic demand, Gross capital formation, Gross fixed capital formation, Private, SA, KRW tn",None,line
"Korea, RGDP, Expenditure, Domestic demand, Gross capital formation, Gross fixed capital formation, SA, KRW tn","Korea, RGDP, Expenditure, Domestic demand, Gross capital formation, Gross fixed capital formation, SA, KRW tn",None,line
"Korea, RGDP, Expenditure, Domestic demand, Gross capital formation, Inventories, KRW tn","Korea, RGDP, Expenditure, Domestic demand, Gross capital formation, Inventories, KRW tn",None,line
"Korea, RGDP, Expenditure, Domestic demand, Gross capital formation, Inventories, SA, KRW tn","Korea, RGDP, Expenditure, Domestic demand, Gross capital formation, Inventories, SA, KRW tn",None,line
"Korea, RGDP, Expenditure, Domestic demand, Gross capital formation, KRW tn","Korea, RGDP, Expenditure, Domestic demand, Gross capital formation, KRW tn",None,line
"Korea, RGDP, Expenditure, Domestic demand, Gross capital formation, SA, KRW tn","Korea, RGDP, Expenditure, Domestic demand, Gross capital formation, SA, KRW tn",None,line
"Korea, RGDP, Expenditure, Domestic demand, Private consumption, Household consumption, KRW tn","Korea, RGDP, Expenditure, Domestic demand, Private consumption, Household consumption, KRW tn",None,line
"Korea, RGDP, Expenditure, Domestic demand, Private consumption, Household consumption, SA, KRW tn","Korea, RGDP, Expenditure, Domestic demand, Private consumption, Household consumption, SA, KRW tn",None,line
"Korea, RGDP, Expenditure, Domestic demand, Private consumption, KRW tn","Korea, RGDP, Expenditure, Domestic demand, Private consumption, KRW tn",None,line
"Korea, RGDP, Expenditure, Domestic demand, Private consumption, Non-profit institutions serving households, KRW tn","Korea, RGDP, Expenditure, Domestic demand, Private consumption, Non-profit institutions serving households, KRW tn",None,line
"Korea, RGDP, Expenditure, Domestic demand, Private consumption, Non-profit institutions serving households, SA, KRW tn","Korea, RGDP, Expenditure, Domestic demand, Private consumption, Non-profit institutions serving households, SA, KRW tn",None,line
"Korea, RGDP, Expenditure, Domestic demand, Private consumption, SA, KRW tn","Korea, RGDP, Expenditure, Domestic demand, Private consumption, SA, KRW tn",None,line
"Korea, RGDP, Expenditure, KRW tn","Korea, RGDP, Expenditure, KRW tn",None,line
"Korea, RGDP, Expenditure, Net exports of goods and services, Exports of goods and services, Goods, KRW tn","Korea, RGDP, Expenditure, Net exports of goods and services, Exports of goods and services, Goods, KRW tn",None,line
"Korea, RGDP, Expenditure, Net exports of goods and services, Exports of goods and services, Goods, SA, KRW tn","Korea, RGDP, Expenditure, Net exports of goods and services, Exports of goods and services, Goods, SA, KRW tn",None,line
"Korea, RGDP, Expenditure, Net exports of goods and services, Exports of goods and services, KRW tn","Korea, RGDP, Expenditure, Net exports of goods and services, Exports of goods and services, KRW tn",None,line
"Korea, RGDP, Expenditure, Net exports of goods and services, Exports of goods and services, SA, KRW tn","Korea, RGDP, Expenditure, Net exports of goods and services, Exports of goods and services, SA, KRW tn",None,line
"Korea, RGDP, Expenditure, Net exports of goods and services, Exports of goods and services, Services, KRW tn","Korea, RGDP, Expenditure, Net exports of goods and services, Exports of goods and services, Services, KRW tn",None,line
"Korea, RGDP, Expenditure, Net exports of goods and services, Exports of goods and services, Services, SA, KRW tn","Korea, RGDP, Expenditure, Net exports of goods and services, Exports of goods and services, Services, SA, KRW tn",None,line
"Korea, RGDP, Expenditure, Net exports of goods and services, Imports of goods and services, Goods, KRW tn","Korea, RGDP, Expenditure, Net exports of goods and services, Imports of goods and services, Goods, KRW tn",None,line
"Korea, RGDP, Expenditure, Net exports of goods and services, Imports of goods and services, Goods, SA, KRW tn","Korea, RGDP, Expenditure, Net exports of goods and services, Imports of goods and services, Goods, SA, KRW tn",None,line
"Korea, RGDP, Expenditure, Net exports of goods and services, Imports of goods and services, KRW tn","Korea, RGDP, Expenditure, Net exports of goods and services, Imports of goods and services, KRW tn",None,line
"Korea, RGDP, Expenditure, Net exports of goods and services, Imports of goods and services, SA, KRW tn","Korea, RGDP, Expenditure, Net exports of goods and services, Imports of goods and services, SA, KRW tn",None,line
"Korea, RGDP, Expenditure, Net exports of goods and services, Imports of goods and services, Services, KRW tn","Korea, RGDP, Expenditure, Net exports of goods and services, Imports of goods and services, Services, KRW tn",None,line
"Korea, RGDP, Expenditure, Net exports of goods and services, Imports of goods and services, Services, SA, KRW tn","Korea, RGDP, Expenditure, Net exports of goods and services, Imports of goods and services, Services, SA, KRW tn",None,line
"Korea, RGDP, Expenditure, SA, KRW tn","Korea, RGDP, Expenditure, SA, KRW tn",None,line
"Korea, RGDP, Expenditure, Statistical discrepancy, KRW tn","Korea, RGDP, Expenditure, Statistical discrepancy, KRW tn",None,line
"Korea, RGDP, Expenditure, Statistical discrepancy, SA, KRW tn","Korea, RGDP, Expenditure, Statistical discrepancy, SA, KRW tn",None,line
"Korea, NGDP, Expenditure, Domestic demand, Gross capital formation, Gross fixed capital formation, Construction, Building construction, Non-residential buildings, SA, KRW tn","Korea, NGDP, Expenditure, Domestic demand, Gross capital formation, Gross fixed capital formation, Construction, Building construction, Non-residential buildings, SA, KRW tn",None,line
"Korea, NGDP, Expenditure, Domestic demand, Gross capital formation, Gross fixed capital formation, Construction, Building construction, Residential, SA, KRW tn","Korea, NGDP, Expenditure, Domestic demand, Gross capital formation, Gross fixed capital formation, Construction, Building construction, Residential, SA, KRW tn",None,line
"Korea, NGDP, Expenditure, Domestic demand, Gross capital formation, Gross fixed capital formation, Construction, Building construction, SA, KRW tn","Korea, NGDP, Expenditure, Domestic demand, Gross capital formation, Gross fixed capital formation, Construction, Building construction, SA, KRW tn",None,line
"Korea, NGDP, Expenditure, Domestic demand, Gross capital formation, Gross fixed capital formation, Construction, Civil engineering, SA, KRW tn","Korea, NGDP, Expenditure, Domestic demand, Gross capital formation, Gross fixed capital formation, Construction, Civil engineering, SA, KRW tn",None,line
"Korea, NGDP, Expenditure, Domestic demand, Gross capital formation, Gross fixed capital formation, Construction, SA, KRW tn","Korea, NGDP, Expenditure, Domestic demand, Gross capital formation, Gross fixed capital formation, Construction, SA, KRW tn",None,line
"Korea, NGDP, Expenditure, Domestic demand, Gross capital formation, Gross fixed capital formation, Facilities investment, Other machinery and equipment, SA, KRW tn","Korea, NGDP, Expenditure, Domestic demand, Gross capital formation, Gross fixed capital formation, Facilities investment, Other machinery and equipment, SA, KRW tn",None,line
"Korea, NGDP, Expenditure, Domestic demand, Gross capital formation, Gross fixed capital formation, Facilities investment, Transport equipment, SA, KRW tn","Korea, NGDP, Expenditure, Domestic demand, Gross capital formation, Gross fixed capital formation, Facilities investment, Transport equipment, SA, KRW tn",None,line
"Korea, NGDP, Expenditure, Domestic demand, Gross capital formation, Gross fixed capital formation, Intellectual property products, Other intellectual property products, SA, KRW tn","Korea, NGDP, Expenditure, Domestic demand, Gross capital formation, Gross fixed capital formation, Intellectual property products, Other intellectual property products, SA, KRW tn",None,line
"Korea, NGDP, Expenditure, Domestic demand, Gross capital formation, Gross fixed capital formation, Intellectual property products, Research and development, SA, KRW tn","Korea, NGDP, Expenditure, Domestic demand, Gross capital formation, Gross fixed capital formation, Intellectual property products, Research and development, SA, KRW tn",None,line
"Korea, NGDP, Expenditure, Domestic demand, Private consumption, Household consumption, Direct purchases abroad by resident households, SA, KRW tn","Korea, NGDP, Expenditure, Domestic demand, Private consumption, Household consumption, Direct purchases abroad by resident households, SA, KRW tn",None,line
"Korea, NGDP, Expenditure, Domestic demand, Private consumption, Household consumption, Direct purchases in the domestic market by non-resident households, SA, KRW tn","Korea, NGDP, Expenditure, Domestic demand, Private consumption, Household consumption, Direct purchases in the domestic market by non-resident households, SA, KRW tn",None,line
"Korea, NGDP, Expenditure, Domestic demand, Private consumption, Household consumption, Domestic final consumption, Durable goods, SA, KRW tn","Korea, NGDP, Expenditure, Domestic demand, Private consumption, Household consumption, Domestic final consumption, Durable goods, SA, KRW tn",None,line
"Korea, NGDP, Expenditure, Domestic demand, Private consumption, Household consumption, Domestic final consumption, Non-durable goods, SA, KRW tn","Korea, NGDP, Expenditure, Domestic demand, Private consumption, Household consumption, Domestic final consumption, Non-durable goods, SA, KRW tn",None,line
"Korea, NGDP, Expenditure, Domestic demand, Private consumption, Household consumption, Domestic final consumption, SA, KRW tn","Korea, NGDP, Expenditure, Domestic demand, Private consumption, Household consumption, Domestic final consumption, SA, KRW tn",None,line
"Korea, NGDP, Expenditure, Domestic demand, Private consumption, Household consumption, Domestic final consumption, Semi-durable goods, SA, KRW tn","Korea, NGDP, Expenditure, Domestic demand, Private consumption, Household consumption, Domestic final consumption, Semi-durable goods, SA, KRW tn",None,line
"Korea, NGDP, Expenditure, Domestic demand, Private consumption, Household consumption, Domestic final consumption, Services, SA, KRW tn","Korea, NGDP, Expenditure, Domestic demand, Private consumption, Household consumption, Domestic final consumption, Services, SA, KRW tn",None,line
"Korea, RGDP, Expenditure, Domestic demand, Gross capital formation, Gross fixed capital formation, Construction, Building construction, Non-residential buildings, SA, KRW tn","Korea, RGDP, Expenditure, Domestic demand, Gross capital formation, Gross fixed capital formation, Construction, Building construction, Non-residential buildings, SA, KRW tn",None,line
"Korea, RGDP, Expenditure, Domestic demand, Gross capital formation, Gross fixed capital formation, Construction, Building construction, Residential, SA, KRW tn","Korea, RGDP, Expenditure, Domestic demand, Gross capital formation, Gross fixed capital formation, Construction, Building construction, Residential, SA, KRW tn",None,line
"Korea, RGDP, Expenditure, Domestic demand, Gross capital formation, Gross fixed capital formation, Construction, Building construction, SA, KRW tn","Korea, RGDP, Expenditure, Domestic demand, Gross capital formation, Gross fixed capital formation, Construction, Building construction, SA, KRW tn",None,line
"Korea, RGDP, Expenditure, Domestic demand, Gross capital formation, Gross fixed capital formation, Construction, Civil engineering, SA, KRW tn","Korea, RGDP, Expenditure, Domestic demand, Gross capital formation, Gross fixed capital formation, Construction, Civil engineering, SA, KRW tn",None,line
"Korea, RGDP, Expenditure, Domestic demand, Gross capital formation, Gross fixed capital formation, Construction, SA, KRW tn","Korea, RGDP, Expenditure, Domestic demand, Gross capital formation, Gross fixed capital formation, Construction, SA, KRW tn",None,line
"Korea, RGDP, Expenditure, Domestic demand, Gross capital formation, Gross fixed capital formation, Facilities investment, Other machinery and equipment, SA, KRW tn","Korea, RGDP, Expenditure, Domestic demand, Gross capital formation, Gross fixed capital formation, Facilities investment, Other machinery and equipment, SA, KRW tn",None,line
"Korea, RGDP, Expenditure, Domestic demand, Gross capital formation, Gross fixed capital formation, Facilities investment, Transport equipment, SA, KRW tn","Korea, RGDP, Expenditure, Domestic demand, Gross capital formation, Gross fixed capital formation, Facilities investment, Transport equipment, SA, KRW tn",None,line
"Korea, RGDP, Expenditure, Domestic demand, Gross capital formation, Gross fixed capital formation, Intellectual property products, Other intellectual property products, SA, KRW tn","Korea, RGDP, Expenditure, Domestic demand, Gross capital formation, Gross fixed capital formation, Intellectual property products, Other intellectual property products, SA, KRW tn",None,line
"Korea, RGDP, Expenditure, Domestic demand, Gross capital formation, Gross fixed capital formation, Intellectual property products, Research and development, SA, KRW tn","Korea, RGDP, Expenditure, Domestic demand, Gross capital formation, Gross fixed capital formation, Intellectual property products, Research and development, SA, KRW tn",None,line
"Korea, RGDP, Expenditure, Domestic demand, Private consumption, Household consumption, Direct purchases abroad by resident households, SA, KRW tn","Korea, RGDP, Expenditure, Domestic demand, Private consumption, Household consumption, Direct purchases abroad by resident households, SA, KRW tn",None,line
"Korea, RGDP, Expenditure, Domestic demand, Private consumption, Household consumption, Direct purchases in the domestic market by non-resident households, SA, KRW tn","Korea, RGDP, Expenditure, Domestic demand, Private consumption, Household consumption, Direct purchases in the domestic market by non-resident households, SA, KRW tn",None,line
"Korea, RGDP, Expenditure, Domestic demand, Private consumption, Household consumption, Domestic final consumption, Durable goods, SA, KRW tn","Korea, RGDP, Expenditure, Domestic demand, Private consumption, Household consumption, Domestic final consumption, Durable goods, SA, KRW tn",None,line
"Korea, RGDP, Expenditure, Domestic demand, Private consumption, Household consumption, Domestic final consumption, Non-durable goods, SA, KRW tn","Korea, RGDP, Expenditure, Domestic demand, Private consumption, Household consumption, Domestic final consumption, Non-durable goods, SA, KRW tn",None,line
"Korea, RGDP, Expenditure, Domestic demand, Private consumption, Household consumption, Domestic final consumption, SA, KRW tn","Korea, RGDP, Expenditure, Domestic demand, Private consumption, Household consumption, Domestic final consumption, SA, KRW tn",None,line
"Korea, RGDP, Expenditure, Domestic demand, Private consumption, Household consumption, Domestic final consumption, Semi-durable goods, SA, KRW tn","Korea, RGDP, Expenditure, Domestic demand, Private consumption, Household consumption, Domestic final consumption, Semi-durable goods, SA, KRW tn",None,line
"Korea, RGDP, Expenditure, Domestic demand, Private consumption, Household consumption, Domestic final consumption, Services, SA, KRW tn","Korea, RGDP, Expenditure, Domestic demand, Private consumption, Household consumption, Domestic final consumption, Services, SA, KRW tn",None,line
"Korea, NGDP, Activity, Gross value added at basic prices, KRW tn","Korea, NGDP, Activity, Gross value added at basic prices, KRW tn",None,line
"Korea, NGDP, Activity, Gross value added at basic prices, SA, KRW tn","Korea, NGDP, Activity, Gross value added at basic prices, SA, KRW tn",None,line
"Korea, NGDP, Activity, KRW tn","Korea, NGDP, Activity, KRW tn",None,line
"Korea, NGDP, Activity, Mining, quarrying and manufacturing, KRW tn","Korea, NGDP, Activity, Mining, quarrying and manufacturing, KRW tn",None,line
"Korea, NGDP, Activity, Mining, quarrying and manufacturing, SA, KRW tn","Korea, NGDP, Activity, Mining, quarrying and manufacturing, SA, KRW tn",None,line
"Korea, NGDP, Activity, Net factor income from the rest of the world, KRW tn","Korea, NGDP, Activity, Net factor income from the rest of the world, KRW tn",None,line
"Korea, NGDP, Activity, Net factor income from the rest of the world, SA, KRW tn","Korea, NGDP, Activity, Net factor income from the rest of the world, SA, KRW tn",None,line
"Korea, NGDP, Activity, Primary, Agriculture, Animals, KRW tn","Korea, NGDP, Activity, Primary, Agriculture, Animals, KRW tn",None,line
"Korea, NGDP, Activity, Primary, Agriculture, Cultivation, KRW tn","Korea, NGDP, Activity, Primary, Agriculture, Cultivation, KRW tn",None,line
"Korea, NGDP, Activity, Primary, Agriculture, Fishing and aquaculture, KRW tn","Korea, NGDP, Activity, Primary, Agriculture, Fishing and aquaculture, KRW tn",None,line
"Korea, NGDP, Activity, Primary, Agriculture, Forestry and logging, KRW tn","Korea, NGDP, Activity, Primary, Agriculture, Forestry and logging, KRW tn",None,line
"Korea, NGDP, Activity, Primary, Agriculture, KRW tn","Korea, NGDP, Activity, Primary, Agriculture, KRW tn",None,line
"Korea, NGDP, Activity, Primary, Agriculture, SA, KRW tn","Korea, NGDP, Activity, Primary, Agriculture, SA, KRW tn",None,line
"Korea, NGDP, Activity, Primary, Mining, KRW tn","Korea, NGDP, Activity, Primary, Mining, KRW tn",None,line
"Korea, NGDP, Activity, Primary, Mining, SA, KRW tn","Korea, NGDP, Activity, Primary, Mining, SA, KRW tn",None,line
"Korea, NGDP, Activity, SA, KRW tn","Korea, NGDP, Activity, SA, KRW tn",None,line
"Korea, NGDP, Activity, Secondary, Construction, Building construction and repair, Building repair, KRW tn","Korea, NGDP, Activity, Secondary, Construction, Building construction and repair, Building repair, KRW tn",None,line
"Korea, NGDP, Activity, Secondary, Construction, Building construction and repair, Building repair, SA, KRW tn","Korea, NGDP, Activity, Secondary, Construction, Building construction and repair, Building repair, SA, KRW tn",None,line
"Korea, NGDP, Activity, Secondary, Construction, Building construction and repair, KRW tn","Korea, NGDP, Activity, Secondary, Construction, Building construction and repair, KRW tn",None,line
"Korea, NGDP, Activity, Secondary, Construction, Building construction and repair, Non-residential, KRW tn","Korea, NGDP, Activity, Secondary, Construction, Building construction and repair, Non-residential, KRW tn",None,line
"Korea, NGDP, Activity, Secondary, Construction, Building construction and repair, Non-residential, SA, KRW tn","Korea, NGDP, Activity, Secondary, Construction, Building construction and repair, Non-residential, SA, KRW tn",None,line
"Korea, NGDP, Activity, Secondary, Construction, Building construction and repair, Residential, KRW tn","Korea, NGDP, Activity, Secondary, Construction, Building construction and repair, Residential, KRW tn",None,line
"Korea, NGDP, Activity, Secondary, Construction, Building construction and repair, Residential, SA, KRW tn","Korea, NGDP, Activity, Secondary, Construction, Building construction and repair, Residential, SA, KRW tn",None,line
"Korea, NGDP, Activity, Secondary, Construction, Building construction and repair, SA, KRW tn","Korea, NGDP, Activity, Secondary, Construction, Building construction and repair, SA, KRW tn",None,line
"Korea, NGDP, Activity, Secondary, Construction, Civil engineering, KRW tn","Korea, NGDP, Activity, Secondary, Construction, Civil engineering, KRW tn",None,line
"Korea, NGDP, Activity, Secondary, Construction, Civil engineering, SA, KRW tn","Korea, NGDP, Activity, Secondary, Construction, Civil engineering, SA, KRW tn",None,line
"Korea, NGDP, Activity, Secondary, Construction, KRW tn","Korea, NGDP, Activity, Secondary, Construction, KRW tn",None,line
"Korea, NGDP, Activity, Secondary, Construction, SA, KRW tn","Korea, NGDP, Activity, Secondary, Construction, SA, KRW tn",None,line
"Korea, NGDP, Activity, Secondary, Manufacturing, Basic metals, KRW tn","Korea, NGDP, Activity, Secondary, Manufacturing, Basic metals, KRW tn",None,line
"Korea, NGDP, Activity, Secondary, Manufacturing, Basic metals, SA, KRW tn","Korea, NGDP, Activity, Secondary, Manufacturing, Basic metals, SA, KRW tn",None,line
"Korea, NGDP, Activity, Secondary, Manufacturing, Chemicals and chemical products, KRW tn","Korea, NGDP, Activity, Secondary, Manufacturing, Chemicals and chemical products, KRW tn",None,line
"Korea, NGDP, Activity, Secondary, Manufacturing, Chemicals and chemical products, SA, KRW tn","Korea, NGDP, Activity, Secondary, Manufacturing, Chemicals and chemical products, SA, KRW tn",None,line
"Korea, NGDP, Activity, Secondary, Manufacturing, Coke and refined petroleum products, KRW tn","Korea, NGDP, Activity, Secondary, Manufacturing, Coke and refined petroleum products, KRW tn",None,line
"Korea, NGDP, Activity, Secondary, Manufacturing, Coke and refined petroleum products, SA, KRW tn","Korea, NGDP, Activity, Secondary, Manufacturing, Coke and refined petroleum products, SA, KRW tn",None,line
"Korea, NGDP, Activity, Secondary, Manufacturing, Computer, electronic and optical products, KRW tn","Korea, NGDP, Activity, Secondary, Manufacturing, Computer, electronic and optical products, KRW tn",None,line
"Korea, NGDP, Activity, Secondary, Manufacturing, Computer, electronic and optical products, SA, KRW tn","Korea, NGDP, Activity, Secondary, Manufacturing, Computer, electronic and optical products, SA, KRW tn",None,line
"Korea, NGDP, Activity, Secondary, Manufacturing, Electrical equipment, KRW tn","Korea, NGDP, Activity, Secondary, Manufacturing, Electrical equipment, KRW tn",None,line
"Korea, NGDP, Activity, Secondary, Manufacturing, Electrical equipment, SA, KRW tn","Korea, NGDP, Activity, Secondary, Manufacturing, Electrical equipment, SA, KRW tn",None,line
"Korea, NGDP, Activity, Secondary, Manufacturing, Fabricated metal products, KRW tn","Korea, NGDP, Activity, Secondary, Manufacturing, Fabricated metal products, KRW tn",None,line
"Korea, NGDP, Activity, Secondary, Manufacturing, Fabricated metal products, SA, KRW tn","Korea, NGDP, Activity, Secondary, Manufacturing, Fabricated metal products, SA, KRW tn",None,line
"Korea, NGDP, Activity, Secondary, Manufacturing, Food, beverages products, KRW tn","Korea, NGDP, Activity, Secondary, Manufacturing, Food, beverages products, KRW tn",None,line
"Korea, NGDP, Activity, Secondary, Manufacturing, Food, beverages products, SA, KRW tn","Korea, NGDP, Activity, Secondary, Manufacturing, Food, beverages products, SA, KRW tn",None,line
"Korea, NGDP, Activity, Secondary, Manufacturing, KRW tn","Korea, NGDP, Activity, Secondary, Manufacturing, KRW tn",None,line
"Korea, NGDP, Activity, Secondary, Manufacturing, Machinery and equipment, KRW tn","Korea, NGDP, Activity, Secondary, Manufacturing, Machinery and equipment, KRW tn",None,line
"Korea, NGDP, Activity, Secondary, Manufacturing, Machinery and equipment, SA, KRW tn","Korea, NGDP, Activity, Secondary, Manufacturing, Machinery and equipment, SA, KRW tn",None,line
"Korea, NGDP, Activity, Secondary, Manufacturing, Non-metallic mineral products, KRW tn","Korea, NGDP, Activity, Secondary, Manufacturing, Non-metallic mineral products, KRW tn",None,line
"Korea, NGDP, Activity, Secondary, Manufacturing, Non-metallic mineral products, SA, KRW tn","Korea, NGDP, Activity, Secondary, Manufacturing, Non-metallic mineral products, SA, KRW tn",None,line
"Korea, NGDP, Activity, Secondary, Manufacturing, Other Manufacturing, repair and installation of machinery and equipment, KRW tn","Korea, NGDP, Activity, Secondary, Manufacturing, Other Manufacturing, repair and installation of machinery and equipment, KRW tn",None,line
"Korea, NGDP, Activity, Secondary, Manufacturing, Other Manufacturing, repair and installation of machinery and equipment, SA, KRW tn","Korea, NGDP, Activity, Secondary, Manufacturing, Other Manufacturing, repair and installation of machinery and equipment, SA, KRW tn",None,line
"Korea, NGDP, Activity, Secondary, Manufacturing, SA, KRW tn","Korea, NGDP, Activity, Secondary, Manufacturing, SA, KRW tn",None,line
"Korea, NGDP, Activity, Secondary, Manufacturing, Textile and leather products, KRW tn","Korea, NGDP, Activity, Secondary, Manufacturing, Textile and leather products, KRW tn",None,line
"Korea, NGDP, Activity, Secondary, Manufacturing, Textile and leather products, SA, KRW tn","Korea, NGDP, Activity, Secondary, Manufacturing, Textile and leather products, SA, KRW tn",None,line
"Korea, NGDP, Activity, Secondary, Manufacturing, Transportation equipment, KRW tn","Korea, NGDP, Activity, Secondary, Manufacturing, Transportation equipment, KRW tn",None,line
"Korea, NGDP, Activity, Secondary, Manufacturing, Transportation equipment, SA, KRW tn","Korea, NGDP, Activity, Secondary, Manufacturing, Transportation equipment, SA, KRW tn",None,line
"Korea, NGDP, Activity, Secondary, Manufacturing, Wood and paper products, printing and reproduction of recorded media, KRW tn","Korea, NGDP, Activity, Secondary, Manufacturing, Wood and paper products, printing and reproduction of recorded media, KRW tn",None,line
"Korea, NGDP, Activity, Secondary, Manufacturing, Wood and paper products, printing and reproduction of recorded media, SA, KRW tn","Korea, NGDP, Activity, Secondary, Manufacturing, Wood and paper products, printing and reproduction of recorded media, SA, KRW tn",None,line
"Korea, NGDP, Activity, Secondary, Utilities, Electricity, KRW tn","Korea, NGDP, Activity, Secondary, Utilities, Electricity, KRW tn",None,line
"Korea, NGDP, Activity, Secondary, Utilities, Electricity, SA, KRW tn","Korea, NGDP, Activity, Secondary, Utilities, Electricity, SA, KRW tn",None,line
"Korea, NGDP, Activity, Secondary, Utilities, Gas, steam and air conditioning supply, KRW tn","Korea, NGDP, Activity, Secondary, Utilities, Gas, steam and air conditioning supply, KRW tn",None,line
"Korea, NGDP, Activity, Secondary, Utilities, Gas, steam and air conditioning supply, SA, KRW tn","Korea, NGDP, Activity, Secondary, Utilities, Gas, steam and air conditioning supply, SA, KRW tn",None,line
"Korea, NGDP, Activity, Secondary, Utilities, KRW tn","Korea, NGDP, Activity, Secondary, Utilities, KRW tn",None,line
"Korea, NGDP, Activity, Secondary, Utilities, SA, KRW tn","Korea, NGDP, Activity, Secondary, Utilities, SA, KRW tn",None,line
"Korea, NGDP, Activity, Secondary, Utilities, Water supply, sewerage, waste management and remediation activities, KRW tn","Korea, NGDP, Activity, Secondary, Utilities, Water supply, sewerage, waste management and remediation activities, KRW tn",None,line
"Korea, NGDP, Activity, Secondary, Utilities, Water supply, sewerage, waste management and remediation activities, SA, KRW tn","Korea, NGDP, Activity, Secondary, Utilities, Water supply, sewerage, waste management and remediation activities, SA, KRW tn",None,line
"Korea, NGDP, Activity, Taxes less subsidies on products, KRW tn","Korea, NGDP, Activity, Taxes less subsidies on products, KRW tn",None,line
"Korea, NGDP, Activity, Taxes less subsidies on products, SA, KRW tn","Korea, NGDP, Activity, Taxes less subsidies on products, SA, KRW tn",None,line
"Korea, NGDP, Activity, Tertiary, Accommodation and food services, KRW tn","Korea, NGDP, Activity, Tertiary, Accommodation and food services, KRW tn",None,line
"Korea, NGDP, Activity, Tertiary, Accommodation and food services, SA, KRW tn","Korea, NGDP, Activity, Tertiary, Accommodation and food services, SA, KRW tn",None,line
"Korea, NGDP, Activity, Tertiary, Arts, sports and recreation, KRW tn","Korea, NGDP, Activity, Tertiary, Arts, sports and recreation, KRW tn",None,line
"Korea, NGDP, Activity, Tertiary, Arts, sports and recreation, SA, KRW tn","Korea, NGDP, Activity, Tertiary, Arts, sports and recreation, SA, KRW tn",None,line
"Korea, NGDP, Activity, Tertiary, Business activities, Business support services, KRW tn","Korea, NGDP, Activity, Tertiary, Business activities, Business support services, KRW tn",None,line
"Korea, NGDP, Activity, Tertiary, Business activities, Business support services, SA, KRW tn","Korea, NGDP, Activity, Tertiary, Business activities, Business support services, SA, KRW tn",None,line
"Korea, NGDP, Activity, Tertiary, Business activities, KRW tn","Korea, NGDP, Activity, Tertiary, Business activities, KRW tn",None,line
"Korea, NGDP, Activity, Tertiary, Business activities, Professional, scientific and technical services, KRW tn","Korea, NGDP, Activity, Tertiary, Business activities, Professional, scientific and technical services, KRW tn",None,line
"Korea, NGDP, Activity, Tertiary, Business activities, Professional, scientific and technical services, SA, KRW tn","Korea, NGDP, Activity, Tertiary, Business activities, Professional, scientific and technical services, SA, KRW tn",None,line
"Korea, NGDP, Activity, Tertiary, Business activities, SA, KRW tn","Korea, NGDP, Activity, Tertiary, Business activities, SA, KRW tn",None,line
"Korea, NGDP, Activity, Tertiary, Cultural and other services, KRW tn","Korea, NGDP, Activity, Tertiary, Cultural and other services, KRW tn",None,line
"Korea, NGDP, Activity, Tertiary, Cultural and other services, SA, KRW tn","Korea, NGDP, Activity, Tertiary, Cultural and other services, SA, KRW tn",None,line
"Korea, NGDP, Activity, Tertiary, Education, KRW tn","Korea, NGDP, Activity, Tertiary, Education, KRW tn",None,line
"Korea, NGDP, Activity, Tertiary, Education, SA, KRW tn","Korea, NGDP, Activity, Tertiary, Education, SA, KRW tn",None,line
"Korea, NGDP, Activity, Tertiary, Finance and insurance, KRW tn","Korea, NGDP, Activity, Tertiary, Finance and insurance, KRW tn",None,line
"Korea, NGDP, Activity, Tertiary, Finance and insurance, SA, KRW tn","Korea, NGDP, Activity, Tertiary, Finance and insurance, SA, KRW tn",None,line
"Korea, NGDP, Activity, Tertiary, Human health and social work, KRW tn","Korea, NGDP, Activity, Tertiary, Human health and social work, KRW tn",None,line
"Korea, NGDP, Activity, Tertiary, Human health and social work, SA, KRW tn","Korea, NGDP, Activity, Tertiary, Human health and social work, SA, KRW tn",None,line
"Korea, NGDP, Activity, Tertiary, Information and communication, Communication, KRW tn","Korea, NGDP, Activity, Tertiary, Information and communication, Communication, KRW tn",None,line
"Korea, NGDP, Activity, Tertiary, Information and communication, Communication, SA, KRW tn","Korea, NGDP, Activity, Tertiary, Information and communication, Communication, SA, KRW tn",None,line
"Korea, NGDP, Activity, Tertiary, Information and communication, KRW tn","Korea, NGDP, Activity, Tertiary, Information and communication, KRW tn",None,line
"Korea, NGDP, Activity, Tertiary, Information and communication, Publishing, broadcasting, motion picture, video and television programme production, and information service, KRW tn","Korea, NGDP, Activity, Tertiary, Information and communication, Publishing, broadcasting, motion picture, video and television programme production, and information service, KRW tn",None,line
"Korea, NGDP, Activity, Tertiary, Information and communication, Publishing, broadcasting, motion picture, video and television programme production, and information service, SA, KRW tn","Korea, NGDP, Activity, Tertiary, Information and communication, Publishing, broadcasting, motion picture, video and television programme production, and information service, SA, KRW tn",None,line
"Korea, NGDP, Activity, Tertiary, Information and communication, SA, KRW tn","Korea, NGDP, Activity, Tertiary, Information and communication, SA, KRW tn",None,line
"Korea, NGDP, Activity, Tertiary, KRW tn","Korea, NGDP, Activity, Tertiary, KRW tn",None,line
"Korea, NGDP, Activity, Tertiary, Other services, KRW tn","Korea, NGDP, Activity, Tertiary, Other services, KRW tn",None,line
"Korea, NGDP, Activity, Tertiary, Other services, SA, KRW tn","Korea, NGDP, Activity, Tertiary, Other services, SA, KRW tn",None,line
"Korea, NGDP, Activity, Tertiary, Public administration, defence and social security, KRW tn","Korea, NGDP, Activity, Tertiary, Public administration, defence and social security, KRW tn",None,line
"Korea, NGDP, Activity, Tertiary, Public administration, defence and social security, SA, KRW tn","Korea, NGDP, Activity, Tertiary, Public administration, defence and social security, SA, KRW tn",None,line
"Korea, NGDP, Activity, Tertiary, Real estate, KRW tn","Korea, NGDP, Activity, Tertiary, Real estate, KRW tn",None,line
"Korea, NGDP, Activity, Tertiary, Real estate, SA, KRW tn","Korea, NGDP, Activity, Tertiary, Real estate, SA, KRW tn",None,line
"Korea, NGDP, Activity, Tertiary, SA, KRW tn","Korea, NGDP, Activity, Tertiary, SA, KRW tn",None,line
"Korea, NGDP, Activity, Tertiary, Transportation and storage, KRW tn","Korea, NGDP, Activity, Tertiary, Transportation and storage, KRW tn",None,line
"Korea, NGDP, Activity, Tertiary, Transportation and storage, SA, KRW tn","Korea, NGDP, Activity, Tertiary, Transportation and storage, SA, KRW tn",None,line
"Korea, NGDP, Activity, Tertiary, Wholesale and retail trade, KRW tn","Korea, NGDP, Activity, Tertiary, Wholesale and retail trade, KRW tn",None,line
"Korea, NGDP, Activity, Tertiary, Wholesale and retail trade, SA, KRW tn","Korea, NGDP, Activity, Tertiary, Wholesale and retail trade, SA, KRW tn",None,line
"Korea, NGDP, Activity, Tertiary, Wholesale and retail trade, accommodation and food services, KRW tn","Korea, NGDP, Activity, Tertiary, Wholesale and retail trade, accommodation and food services, KRW tn",None,line
"Korea, NGDP, Activity, Tertiary, Wholesale and retail trade, accommodation and food services, SA, KRW tn","Korea, NGDP, Activity, Tertiary, Wholesale and retail trade, accommodation and food services, SA, KRW tn",None,line
"Korea, NGDP, Activity, gdp_at_market_prices, KRW tn","Korea, NGDP, Activity, gdp_at_market_prices, KRW tn",None,line
"Korea, NGDP, Activity, gdp_at_market_prices, SA, KRW tn","Korea, NGDP, Activity, gdp_at_market_prices, SA, KRW tn",None,line
"Korea, NGDP, Activity, gni, KRW tn","Korea, NGDP, Activity, gni, KRW tn",None,line
"Korea, NGDP, Activity, gni, SA, KRW tn","Korea, NGDP, Activity, gni, SA, KRW tn",None,line
"Korea, NGDP, Activity, gross_value_added_at_basic_prices, KRW tn","Korea, NGDP, Activity, gross_value_added_at_basic_prices, KRW tn",None,line
"Korea, NGDP, Activity, gross_value_added_at_basic_prices, SA, KRW tn","Korea, NGDP, Activity, gross_value_added_at_basic_prices, SA, KRW tn",None,line
"Korea, NGDP, Activity, mining_and_manufacturing, KRW tn","Korea, NGDP, Activity, mining_and_manufacturing, KRW tn",None,line
"Korea, NGDP, Activity, mining_and_manufacturing, SA, KRW tn","Korea, NGDP, Activity, mining_and_manufacturing, SA, KRW tn",None,line
"Korea, NGDP, Activity, net_factor_income_from_the_rest_of_the_w, KRW tn","Korea, NGDP, Activity, net_factor_income_from_the_rest_of_the_w, KRW tn",None,line
"Korea, NGDP, Activity, net_factor_income_from_the_rest_of_the_w, SA, KRW tn","Korea, NGDP, Activity, net_factor_income_from_the_rest_of_the_w, SA, KRW tn",None,line
"Korea, NGDP, Activity, primary>agriculture, KRW tn","Korea, NGDP, Activity, primary>agriculture, KRW tn",None,line
"Korea, NGDP, Activity, primary>agriculture, SA, KRW tn","Korea, NGDP, Activity, primary>agriculture, SA, KRW tn",None,line
"Korea, NGDP, Activity, primary>agriculture>animals, KRW tn","Korea, NGDP, Activity, primary>agriculture>animals, KRW tn",None,line
"Korea, NGDP, Activity, primary>agriculture>cultivation, KRW tn","Korea, NGDP, Activity, primary>agriculture>cultivation, KRW tn",None,line
"Korea, NGDP, Activity, primary>agriculture>fishing_and_aquaculture, KRW tn","Korea, NGDP, Activity, primary>agriculture>fishing_and_aquaculture, KRW tn",None,line
"Korea, NGDP, Activity, primary>agriculture>forestry_and_logging, KRW tn","Korea, NGDP, Activity, primary>agriculture>forestry_and_logging, KRW tn",None,line
"Korea, NGDP, Activity, primary>mining_and_quarrying, KRW tn","Korea, NGDP, Activity, primary>mining_and_quarrying, KRW tn",None,line
"Korea, NGDP, Activity, primary>mining_and_quarrying, SA, KRW tn","Korea, NGDP, Activity, primary>mining_and_quarrying, SA, KRW tn",None,line
"Korea, NGDP, Activity, secondary>construction, KRW tn","Korea, NGDP, Activity, secondary>construction, KRW tn",None,line
"Korea, NGDP, Activity, secondary>construction, SA, KRW tn","Korea, NGDP, Activity, secondary>construction, SA, KRW tn",None,line
"Korea, NGDP, Activity, secondary>construction>building_construction_and_repair, KRW tn","Korea, NGDP, Activity, secondary>construction>building_construction_and_repair, KRW tn",None,line
"Korea, NGDP, Activity, secondary>construction>building_construction_and_repair, SA, KRW tn","Korea, NGDP, Activity, secondary>construction>building_construction_and_repair, SA, KRW tn",None,line
"Korea, NGDP, Activity, secondary>construction>building_construction_and_repair>building_repair, KRW tn","Korea, NGDP, Activity, secondary>construction>building_construction_and_repair>building_repair, KRW tn",None,line
"Korea, NGDP, Activity, secondary>construction>building_construction_and_repair>building_repair, SA, KRW tn","Korea, NGDP, Activity, secondary>construction>building_construction_and_repair>building_repair, SA, KRW tn",None,line
"Korea, NGDP, Activity, secondary>construction>building_construction_and_repair>non_residential, KRW tn","Korea, NGDP, Activity, secondary>construction>building_construction_and_repair>non_residential, KRW tn",None,line
"Korea, NGDP, Activity, secondary>construction>building_construction_and_repair>non_residential, SA, KRW tn","Korea, NGDP, Activity, secondary>construction>building_construction_and_repair>non_residential, SA, KRW tn",None,line
"Korea, NGDP, Activity, secondary>construction>building_construction_and_repair>residential, KRW tn","Korea, NGDP, Activity, secondary>construction>building_construction_and_repair>residential, KRW tn",None,line
"Korea, NGDP, Activity, secondary>construction>building_construction_and_repair>residential, SA, KRW tn","Korea, NGDP, Activity, secondary>construction>building_construction_and_repair>residential, SA, KRW tn",None,line
"Korea, NGDP, Activity, secondary>construction>civil_engineering, KRW tn","Korea, NGDP, Activity, secondary>construction>civil_engineering, KRW tn",None,line
"Korea, NGDP, Activity, secondary>construction>civil_engineering, SA, KRW tn","Korea, NGDP, Activity, secondary>construction>civil_engineering, SA, KRW tn",None,line
"Korea, NGDP, Activity, secondary>manufacturing, KRW tn","Korea, NGDP, Activity, secondary>manufacturing, KRW tn",None,line
"Korea, NGDP, Activity, secondary>manufacturing, SA, KRW tn","Korea, NGDP, Activity, secondary>manufacturing, SA, KRW tn",None,line
"Korea, NGDP, Activity, secondary>manufacturing>basic_metals, KRW tn","Korea, NGDP, Activity, secondary>manufacturing>basic_metals, KRW tn",None,line
"Korea, NGDP, Activity, secondary>manufacturing>basic_metals, SA, KRW tn","Korea, NGDP, Activity, secondary>manufacturing>basic_metals, SA, KRW tn",None,line
"Korea, NGDP, Activity, secondary>manufacturing>chemicals_and_chemical_products, KRW tn","Korea, NGDP, Activity, secondary>manufacturing>chemicals_and_chemical_products, KRW tn",None,line
"Korea, NGDP, Activity, secondary>manufacturing>chemicals_and_chemical_products, SA, KRW tn","Korea, NGDP, Activity, secondary>manufacturing>chemicals_and_chemical_products, SA, KRW tn",None,line
"Korea, NGDP, Activity, secondary>manufacturing>coke_and_refined_petroleum_products, KRW tn","Korea, NGDP, Activity, secondary>manufacturing>coke_and_refined_petroleum_products, KRW tn",None,line
"Korea, NGDP, Activity, secondary>manufacturing>coke_and_refined_petroleum_products, SA, KRW tn","Korea, NGDP, Activity, secondary>manufacturing>coke_and_refined_petroleum_products, SA, KRW tn",None,line
"Korea, NGDP, Activity, secondary>manufacturing>computer_and_electronics, KRW tn","Korea, NGDP, Activity, secondary>manufacturing>computer_and_electronics, KRW tn",None,line
"Korea, NGDP, Activity, secondary>manufacturing>computer_and_electronics, SA, KRW tn","Korea, NGDP, Activity, secondary>manufacturing>computer_and_electronics, SA, KRW tn",None,line
"Korea, NGDP, Activity, secondary>manufacturing>electrical_equipment, KRW tn","Korea, NGDP, Activity, secondary>manufacturing>electrical_equipment, KRW tn",None,line
"Korea, NGDP, Activity, secondary>manufacturing>electrical_equipment, SA, KRW tn","Korea, NGDP, Activity, secondary>manufacturing>electrical_equipment, SA, KRW tn",None,line
"Korea, NGDP, Activity, secondary>manufacturing>fabricated_metal_products, KRW tn","Korea, NGDP, Activity, secondary>manufacturing>fabricated_metal_products, KRW tn",None,line
"Korea, NGDP, Activity, secondary>manufacturing>fabricated_metal_products, SA, KRW tn","Korea, NGDP, Activity, secondary>manufacturing>fabricated_metal_products, SA, KRW tn",None,line
"Korea, NGDP, Activity, secondary>manufacturing>food_beverages_products, KRW tn","Korea, NGDP, Activity, secondary>manufacturing>food_beverages_products, KRW tn",None,line
"Korea, NGDP, Activity, secondary>manufacturing>food_beverages_products, SA, KRW tn","Korea, NGDP, Activity, secondary>manufacturing>food_beverages_products, SA, KRW tn",None,line
"Korea, NGDP, Activity, secondary>manufacturing>machinery_and_equipment, KRW tn","Korea, NGDP, Activity, secondary>manufacturing>machinery_and_equipment, KRW tn",None,line
"Korea, NGDP, Activity, secondary>manufacturing>machinery_and_equipment, SA, KRW tn","Korea, NGDP, Activity, secondary>manufacturing>machinery_and_equipment, SA, KRW tn",None,line
"Korea, NGDP, Activity, secondary>manufacturing>other_manufacturing_repair_and_installat, KRW tn","Korea, NGDP, Activity, secondary>manufacturing>other_manufacturing_repair_and_installat, KRW tn",None,line
"Korea, NGDP, Activity, secondary>manufacturing>other_manufacturing_repair_and_installat, SA, KRW tn","Korea, NGDP, Activity, secondary>manufacturing>other_manufacturing_repair_and_installat, SA, KRW tn",None,line
"Korea, NGDP, Activity, secondary>manufacturing>other_non_metallic_mineral_products, KRW tn","Korea, NGDP, Activity, secondary>manufacturing>other_non_metallic_mineral_products, KRW tn",None,line
"Korea, NGDP, Activity, secondary>manufacturing>other_non_metallic_mineral_products, SA, KRW tn","Korea, NGDP, Activity, secondary>manufacturing>other_non_metallic_mineral_products, SA, KRW tn",None,line
"Korea, NGDP, Activity, secondary>manufacturing>textile_and_leather_products, KRW tn","Korea, NGDP, Activity, secondary>manufacturing>textile_and_leather_products, KRW tn",None,line
"Korea, NGDP, Activity, secondary>manufacturing>textile_and_leather_products, SA, KRW tn","Korea, NGDP, Activity, secondary>manufacturing>textile_and_leather_products, SA, KRW tn",None,line
"Korea, NGDP, Activity, secondary>manufacturing>transportation_equipment, KRW tn","Korea, NGDP, Activity, secondary>manufacturing>transportation_equipment, KRW tn",None,line
"Korea, NGDP, Activity, secondary>manufacturing>transportation_equipment, SA, KRW tn","Korea, NGDP, Activity, secondary>manufacturing>transportation_equipment, SA, KRW tn",None,line
"Korea, NGDP, Activity, secondary>manufacturing>wood_and_paper_products_printing_and_rep, KRW tn","Korea, NGDP, Activity, secondary>manufacturing>wood_and_paper_products_printing_and_rep, KRW tn",None,line
"Korea, NGDP, Activity, secondary>manufacturing>wood_and_paper_products_printing_and_rep, SA, KRW tn","Korea, NGDP, Activity, secondary>manufacturing>wood_and_paper_products_printing_and_rep, SA, KRW tn",None,line
"Korea, NGDP, Activity, secondary>utilities, KRW tn","Korea, NGDP, Activity, secondary>utilities, KRW tn",None,line
"Korea, NGDP, Activity, secondary>utilities, SA, KRW tn","Korea, NGDP, Activity, secondary>utilities, SA, KRW tn",None,line
"Korea, NGDP, Activity, secondary>utilities>electricity, KRW tn","Korea, NGDP, Activity, secondary>utilities>electricity, KRW tn",None,line
"Korea, NGDP, Activity, secondary>utilities>electricity, SA, KRW tn","Korea, NGDP, Activity, secondary>utilities>electricity, SA, KRW tn",None,line
"Korea, NGDP, Activity, secondary>utilities>gas_steam_and_air_conditioning_supply, KRW tn","Korea, NGDP, Activity, secondary>utilities>gas_steam_and_air_conditioning_supply, KRW tn",None,line
"Korea, NGDP, Activity, secondary>utilities>gas_steam_and_air_conditioning_supply, SA, KRW tn","Korea, NGDP, Activity, secondary>utilities>gas_steam_and_air_conditioning_supply, SA, KRW tn",None,line
"Korea, NGDP, Activity, secondary>utilities>water_supply_sewerage_waste_management_a, KRW tn","Korea, NGDP, Activity, secondary>utilities>water_supply_sewerage_waste_management_a, KRW tn",None,line
"Korea, NGDP, Activity, secondary>utilities>water_supply_sewerage_waste_management_a, SA, KRW tn","Korea, NGDP, Activity, secondary>utilities>water_supply_sewerage_waste_management_a, SA, KRW tn",None,line
"Korea, NGDP, Activity, taxes_less_subsidies_on_products, KRW tn","Korea, NGDP, Activity, taxes_less_subsidies_on_products, KRW tn",None,line
"Korea, NGDP, Activity, taxes_less_subsidies_on_products, SA, KRW tn","Korea, NGDP, Activity, taxes_less_subsidies_on_products, SA, KRW tn",None,line
"Korea, NGDP, Activity, tertiary, KRW tn","Korea, NGDP, Activity, tertiary, KRW tn",None,line
"Korea, NGDP, Activity, tertiary, SA, KRW tn","Korea, NGDP, Activity, tertiary, SA, KRW tn",None,line
"Korea, NGDP, Activity, tertiary>accommodation_and_food_services_2, KRW tn","Korea, NGDP, Activity, tertiary>accommodation_and_food_services_2, KRW tn",None,line
"Korea, NGDP, Activity, tertiary>accommodation_and_food_services_2, SA, KRW tn","Korea, NGDP, Activity, tertiary>accommodation_and_food_services_2, SA, KRW tn",None,line
"Korea, NGDP, Activity, tertiary>arts_sports_and_recreation, KRW tn","Korea, NGDP, Activity, tertiary>arts_sports_and_recreation, KRW tn",None,line
"Korea, NGDP, Activity, tertiary>arts_sports_and_recreation, SA, KRW tn","Korea, NGDP, Activity, tertiary>arts_sports_and_recreation, SA, KRW tn",None,line
"Korea, NGDP, Activity, tertiary>business_activities, KRW tn","Korea, NGDP, Activity, tertiary>business_activities, KRW tn",None,line
"Korea, NGDP, Activity, tertiary>business_activities, SA, KRW tn","Korea, NGDP, Activity, tertiary>business_activities, SA, KRW tn",None,line
"Korea, NGDP, Activity, tertiary>business_activities>business_support_services, KRW tn","Korea, NGDP, Activity, tertiary>business_activities>business_support_services, KRW tn",None,line
"Korea, NGDP, Activity, tertiary>business_activities>business_support_services, SA, KRW tn","Korea, NGDP, Activity, tertiary>business_activities>business_support_services, SA, KRW tn",None,line
"Korea, NGDP, Activity, tertiary>business_activities>professional_scientific_and_technical_se, KRW tn","Korea, NGDP, Activity, tertiary>business_activities>professional_scientific_and_technical_se, KRW tn",None,line
"Korea, NGDP, Activity, tertiary>business_activities>professional_scientific_and_technical_se, SA, KRW tn","Korea, NGDP, Activity, tertiary>business_activities>professional_scientific_and_technical_se, SA, KRW tn",None,line
"Korea, NGDP, Activity, tertiary>cultural_and_other_services, KRW tn","Korea, NGDP, Activity, tertiary>cultural_and_other_services, KRW tn",None,line
"Korea, NGDP, Activity, tertiary>cultural_and_other_services, SA, KRW tn","Korea, NGDP, Activity, tertiary>cultural_and_other_services, SA, KRW tn",None,line
"Korea, NGDP, Activity, tertiary>education, KRW tn","Korea, NGDP, Activity, tertiary>education, KRW tn",None,line
"Korea, NGDP, Activity, tertiary>education, SA, KRW tn","Korea, NGDP, Activity, tertiary>education, SA, KRW tn",None,line
"Korea, NGDP, Activity, tertiary>finance_and_insurance, KRW tn","Korea, NGDP, Activity, tertiary>finance_and_insurance, KRW tn",None,line
"Korea, NGDP, Activity, tertiary>finance_and_insurance, SA, KRW tn","Korea, NGDP, Activity, tertiary>finance_and_insurance, SA, KRW tn",None,line
"Korea, NGDP, Activity, tertiary>human_health_and_social_work, KRW tn","Korea, NGDP, Activity, tertiary>human_health_and_social_work, KRW tn",None,line
"Korea, NGDP, Activity, tertiary>human_health_and_social_work, SA, KRW tn","Korea, NGDP, Activity, tertiary>human_health_and_social_work, SA, KRW tn",None,line
"Korea, NGDP, Activity, tertiary>information_and_communication, KRW tn","Korea, NGDP, Activity, tertiary>information_and_communication, KRW tn",None,line
"Korea, NGDP, Activity, tertiary>information_and_communication, SA, KRW tn","Korea, NGDP, Activity, tertiary>information_and_communication, SA, KRW tn",None,line
"Korea, NGDP, Activity, tertiary>information_and_communication>communication, KRW tn","Korea, NGDP, Activity, tertiary>information_and_communication>communication, KRW tn",None,line
"Korea, NGDP, Activity, tertiary>information_and_communication>communication, SA, KRW tn","Korea, NGDP, Activity, tertiary>information_and_communication>communication, SA, KRW tn",None,line
"Korea, NGDP, Activity, tertiary>information_and_communication>publishing_broadcasting_motion_picture_v, KRW tn","Korea, NGDP, Activity, tertiary>information_and_communication>publishing_broadcasting_motion_picture_v, KRW tn",None,line
"Korea, NGDP, Activity, tertiary>information_and_communication>publishing_broadcasting_motion_picture_v, SA, KRW tn","Korea, NGDP, Activity, tertiary>information_and_communication>publishing_broadcasting_motion_picture_v, SA, KRW tn",None,line
"Korea, NGDP, Activity, tertiary>other_services, KRW tn","Korea, NGDP, Activity, tertiary>other_services, KRW tn",None,line
"Korea, NGDP, Activity, tertiary>other_services, SA, KRW tn","Korea, NGDP, Activity, tertiary>other_services, SA, KRW tn",None,line
"Korea, NGDP, Activity, tertiary>public_administration_defence_and_social, KRW tn","Korea, NGDP, Activity, tertiary>public_administration_defence_and_social, KRW tn",None,line
"Korea, NGDP, Activity, tertiary>public_administration_defence_and_social, SA, KRW tn","Korea, NGDP, Activity, tertiary>public_administration_defence_and_social, SA, KRW tn",None,line
"Korea, NGDP, Activity, tertiary>real_estate, KRW tn","Korea, NGDP, Activity, tertiary>real_estate, KRW tn",None,line
"Korea, NGDP, Activity, tertiary>real_estate, SA, KRW tn","Korea, NGDP, Activity, tertiary>real_estate, SA, KRW tn",None,line
"Korea, NGDP, Activity, tertiary>transportation_and_storage, KRW tn","Korea, NGDP, Activity, tertiary>transportation_and_storage, KRW tn",None,line
"Korea, NGDP, Activity, tertiary>transportation_and_storage, SA, KRW tn","Korea, NGDP, Activity, tertiary>transportation_and_storage, SA, KRW tn",None,line
"Korea, NGDP, Activity, tertiary>wholesale_and_retail_trade, KRW tn","Korea, NGDP, Activity, tertiary>wholesale_and_retail_trade, KRW tn",None,line
"Korea, NGDP, Activity, tertiary>wholesale_and_retail_trade, SA, KRW tn","Korea, NGDP, Activity, tertiary>wholesale_and_retail_trade, SA, KRW tn",None,line
"Korea, NGDP, Activity, tertiary>wholesale_and_retail_trade>accommodation_and_food_services, KRW tn","Korea, NGDP, Activity, tertiary>wholesale_and_retail_trade>accommodation_and_food_services, KRW tn",None,line
"Korea, NGDP, Activity, tertiary>wholesale_and_retail_trade>accommodation_and_food_services, SA, KRW tn","Korea, NGDP, Activity, tertiary>wholesale_and_retail_trade>accommodation_and_food_services, SA, KRW tn",None,line
"Korea, RGDI, KRW tn","Korea, RGDI, KRW tn",None,line
"Korea, RGDI, SA, KRW tn","Korea, RGDI, SA, KRW tn",None,line
"Korea, RGDP, Activity, Gross value added at basic prices, KRW tn","Korea, RGDP, Activity, Gross value added at basic prices, KRW tn",None,line
"Korea, RGDP, Activity, Gross value added at basic prices, SA, KRW tn","Korea, RGDP, Activity, Gross value added at basic prices, SA, KRW tn",None,line
"Korea, RGDP, Activity, KRW tn","Korea, RGDP, Activity, KRW tn",None,line
"Korea, RGDP, Activity, Mining, quarrying and manufacturing, KRW tn","Korea, RGDP, Activity, Mining, quarrying and manufacturing, KRW tn",None,line
"Korea, RGDP, Activity, Mining, quarrying and manufacturing, SA, KRW tn","Korea, RGDP, Activity, Mining, quarrying and manufacturing, SA, KRW tn",None,line
"Korea, RGDP, Activity, Net factor income from the rest of the world, KRW tn","Korea, RGDP, Activity, Net factor income from the rest of the world, KRW tn",None,line
"Korea, RGDP, Activity, Net factor income from the rest of the world, SA, KRW tn","Korea, RGDP, Activity, Net factor income from the rest of the world, SA, KRW tn",None,line
"Korea, RGDP, Activity, Primary, Agriculture, Animals, KRW tn","Korea, RGDP, Activity, Primary, Agriculture, Animals, KRW tn",None,line
"Korea, RGDP, Activity, Primary, Agriculture, Cultivation, KRW tn","Korea, RGDP, Activity, Primary, Agriculture, Cultivation, KRW tn",None,line
"Korea, RGDP, Activity, Primary, Agriculture, Fishing and aquaculture, KRW tn","Korea, RGDP, Activity, Primary, Agriculture, Fishing and aquaculture, KRW tn",None,line
"Korea, RGDP, Activity, Primary, Agriculture, Forestry and logging, KRW tn","Korea, RGDP, Activity, Primary, Agriculture, Forestry and logging, KRW tn",None,line
"Korea, RGDP, Activity, Primary, Agriculture, KRW tn","Korea, RGDP, Activity, Primary, Agriculture, KRW tn",None,line
"Korea, RGDP, Activity, Primary, Agriculture, SA, KRW tn","Korea, RGDP, Activity, Primary, Agriculture, SA, KRW tn",None,line
"Korea, RGDP, Activity, Primary, Mining, KRW tn","Korea, RGDP, Activity, Primary, Mining, KRW tn",None,line
"Korea, RGDP, Activity, Primary, Mining, SA, KRW tn","Korea, RGDP, Activity, Primary, Mining, SA, KRW tn",None,line
"Korea, RGDP, Activity, SA, KRW tn","Korea, RGDP, Activity, SA, KRW tn",None,line
"Korea, RGDP, Activity, Secondary, Construction, Building construction and repair, Building repair, KRW tn","Korea, RGDP, Activity, Secondary, Construction, Building construction and repair, Building repair, KRW tn",None,line
"Korea, RGDP, Activity, Secondary, Construction, Building construction and repair, Building repair, SA, KRW tn","Korea, RGDP, Activity, Secondary, Construction, Building construction and repair, Building repair, SA, KRW tn",None,line
"Korea, RGDP, Activity, Secondary, Construction, Building construction and repair, KRW tn","Korea, RGDP, Activity, Secondary, Construction, Building construction and repair, KRW tn",None,line
"Korea, RGDP, Activity, Secondary, Construction, Building construction and repair, Non-residential, KRW tn","Korea, RGDP, Activity, Secondary, Construction, Building construction and repair, Non-residential, KRW tn",None,line
"Korea, RGDP, Activity, Secondary, Construction, Building construction and repair, Non-residential, SA, KRW tn","Korea, RGDP, Activity, Secondary, Construction, Building construction and repair, Non-residential, SA, KRW tn",None,line
"Korea, RGDP, Activity, Secondary, Construction, Building construction and repair, Residential, KRW tn","Korea, RGDP, Activity, Secondary, Construction, Building construction and repair, Residential, KRW tn",None,line
"Korea, RGDP, Activity, Secondary, Construction, Building construction and repair, Residential, SA, KRW tn","Korea, RGDP, Activity, Secondary, Construction, Building construction and repair, Residential, SA, KRW tn",None,line
"Korea, RGDP, Activity, Secondary, Construction, Building construction and repair, SA, KRW tn","Korea, RGDP, Activity, Secondary, Construction, Building construction and repair, SA, KRW tn",None,line
"Korea, RGDP, Activity, Secondary, Construction, Civil engineering, KRW tn","Korea, RGDP, Activity, Secondary, Construction, Civil engineering, KRW tn",None,line
"Korea, RGDP, Activity, Secondary, Construction, Civil engineering, SA, KRW tn","Korea, RGDP, Activity, Secondary, Construction, Civil engineering, SA, KRW tn",None,line
"Korea, RGDP, Activity, Secondary, Construction, KRW tn","Korea, RGDP, Activity, Secondary, Construction, KRW tn",None,line
"Korea, RGDP, Activity, Secondary, Construction, SA, KRW tn","Korea, RGDP, Activity, Secondary, Construction, SA, KRW tn",None,line
"Korea, RGDP, Activity, Secondary, Manufacturing, Basic metals, KRW tn","Korea, RGDP, Activity, Secondary, Manufacturing, Basic metals, KRW tn",None,line
"Korea, RGDP, Activity, Secondary, Manufacturing, Basic metals, SA, KRW tn","Korea, RGDP, Activity, Secondary, Manufacturing, Basic metals, SA, KRW tn",None,line
"Korea, RGDP, Activity, Secondary, Manufacturing, Chemicals and chemical products, KRW tn","Korea, RGDP, Activity, Secondary, Manufacturing, Chemicals and chemical products, KRW tn",None,line
"Korea, RGDP, Activity, Secondary, Manufacturing, Chemicals and chemical products, SA, KRW tn","Korea, RGDP, Activity, Secondary, Manufacturing, Chemicals and chemical products, SA, KRW tn",None,line
"Korea, RGDP, Activity, Secondary, Manufacturing, Coke and refined petroleum products, KRW tn","Korea, RGDP, Activity, Secondary, Manufacturing, Coke and refined petroleum products, KRW tn",None,line
"Korea, RGDP, Activity, Secondary, Manufacturing, Coke and refined petroleum products, SA, KRW tn","Korea, RGDP, Activity, Secondary, Manufacturing, Coke and refined petroleum products, SA, KRW tn",None,line
"Korea, RGDP, Activity, Secondary, Manufacturing, Computer, electronic and optical products, KRW tn","Korea, RGDP, Activity, Secondary, Manufacturing, Computer, electronic and optical products, KRW tn",None,line
"Korea, RGDP, Activity, Secondary, Manufacturing, Computer, electronic and optical products, SA, KRW tn","Korea, RGDP, Activity, Secondary, Manufacturing, Computer, electronic and optical products, SA, KRW tn",None,line
"Korea, RGDP, Activity, Secondary, Manufacturing, Electrical equipment, KRW tn","Korea, RGDP, Activity, Secondary, Manufacturing, Electrical equipment, KRW tn",None,line
"Korea, RGDP, Activity, Secondary, Manufacturing, Electrical equipment, SA, KRW tn","Korea, RGDP, Activity, Secondary, Manufacturing, Electrical equipment, SA, KRW tn",None,line
"Korea, RGDP, Activity, Secondary, Manufacturing, Fabricated metal products, KRW tn","Korea, RGDP, Activity, Secondary, Manufacturing, Fabricated metal products, KRW tn",None,line
"Korea, RGDP, Activity, Secondary, Manufacturing, Fabricated metal products, SA, KRW tn","Korea, RGDP, Activity, Secondary, Manufacturing, Fabricated metal products, SA, KRW tn",None,line
"Korea, RGDP, Activity, Secondary, Manufacturing, Food, beverages products, KRW tn","Korea, RGDP, Activity, Secondary, Manufacturing, Food, beverages products, KRW tn",None,line
"Korea, RGDP, Activity, Secondary, Manufacturing, Food, beverages products, SA, KRW tn","Korea, RGDP, Activity, Secondary, Manufacturing, Food, beverages products, SA, KRW tn",None,line
"Korea, RGDP, Activity, Secondary, Manufacturing, KRW tn","Korea, RGDP, Activity, Secondary, Manufacturing, KRW tn",None,line
"Korea, RGDP, Activity, Secondary, Manufacturing, Machinery and equipment, KRW tn","Korea, RGDP, Activity, Secondary, Manufacturing, Machinery and equipment, KRW tn",None,line
"Korea, RGDP, Activity, Secondary, Manufacturing, Machinery and equipment, SA, KRW tn","Korea, RGDP, Activity, Secondary, Manufacturing, Machinery and equipment, SA, KRW tn",None,line
"Korea, RGDP, Activity, Secondary, Manufacturing, Non-metallic mineral products, KRW tn","Korea, RGDP, Activity, Secondary, Manufacturing, Non-metallic mineral products, KRW tn",None,line
"Korea, RGDP, Activity, Secondary, Manufacturing, Non-metallic mineral products, SA, KRW tn","Korea, RGDP, Activity, Secondary, Manufacturing, Non-metallic mineral products, SA, KRW tn",None,line
"Korea, RGDP, Activity, Secondary, Manufacturing, Other Manufacturing, repair and installation of machinery and equipment, KRW tn","Korea, RGDP, Activity, Secondary, Manufacturing, Other Manufacturing, repair and installation of machinery and equipment, KRW tn",None,line
"Korea, RGDP, Activity, Secondary, Manufacturing, Other Manufacturing, repair and installation of machinery and equipment, SA, KRW tn","Korea, RGDP, Activity, Secondary, Manufacturing, Other Manufacturing, repair and installation of machinery and equipment, SA, KRW tn",None,line
"Korea, RGDP, Activity, Secondary, Manufacturing, SA, KRW tn","Korea, RGDP, Activity, Secondary, Manufacturing, SA, KRW tn",None,line
"Korea, RGDP, Activity, Secondary, Manufacturing, Textile and leather products, KRW tn","Korea, RGDP, Activity, Secondary, Manufacturing, Textile and leather products, KRW tn",None,line
"Korea, RGDP, Activity, Secondary, Manufacturing, Textile and leather products, SA, KRW tn","Korea, RGDP, Activity, Secondary, Manufacturing, Textile and leather products, SA, KRW tn",None,line
"Korea, RGDP, Activity, Secondary, Manufacturing, Transportation equipment, KRW tn","Korea, RGDP, Activity, Secondary, Manufacturing, Transportation equipment, KRW tn",None,line
"Korea, RGDP, Activity, Secondary, Manufacturing, Transportation equipment, SA, KRW tn","Korea, RGDP, Activity, Secondary, Manufacturing, Transportation equipment, SA, KRW tn",None,line
"Korea, RGDP, Activity, Secondary, Manufacturing, Wood and paper products, printing and reproduction of recorded media, KRW tn","Korea, RGDP, Activity, Secondary, Manufacturing, Wood and paper products, printing and reproduction of recorded media, KRW tn",None,line
"Korea, RGDP, Activity, Secondary, Manufacturing, Wood and paper products, printing and reproduction of recorded media, SA, KRW tn","Korea, RGDP, Activity, Secondary, Manufacturing, Wood and paper products, printing and reproduction of recorded media, SA, KRW tn",None,line
"Korea, RGDP, Activity, Secondary, Utilities, Electricity, KRW tn","Korea, RGDP, Activity, Secondary, Utilities, Electricity, KRW tn",None,line
"Korea, RGDP, Activity, Secondary, Utilities, Electricity, SA, KRW tn","Korea, RGDP, Activity, Secondary, Utilities, Electricity, SA, KRW tn",None,line
"Korea, RGDP, Activity, Secondary, Utilities, Gas, steam and air conditioning supply, KRW tn","Korea, RGDP, Activity, Secondary, Utilities, Gas, steam and air conditioning supply, KRW tn",None,line
"Korea, RGDP, Activity, Secondary, Utilities, Gas, steam and air conditioning supply, SA, KRW tn","Korea, RGDP, Activity, Secondary, Utilities, Gas, steam and air conditioning supply, SA, KRW tn",None,line
"Korea, RGDP, Activity, Secondary, Utilities, KRW tn","Korea, RGDP, Activity, Secondary, Utilities, KRW tn",None,line
"Korea, RGDP, Activity, Secondary, Utilities, SA, KRW tn","Korea, RGDP, Activity, Secondary, Utilities, SA, KRW tn",None,line
"Korea, RGDP, Activity, Secondary, Utilities, Water supply, sewerage, waste management and remediation activities, KRW tn","Korea, RGDP, Activity, Secondary, Utilities, Water supply, sewerage, waste management and remediation activities, KRW tn",None,line
"Korea, RGDP, Activity, Secondary, Utilities, Water supply, sewerage, waste management and remediation activities, SA, KRW tn","Korea, RGDP, Activity, Secondary, Utilities, Water supply, sewerage, waste management and remediation activities, SA, KRW tn",None,line
"Korea, RGDP, Activity, Taxes less subsidies on products, KRW tn","Korea, RGDP, Activity, Taxes less subsidies on products, KRW tn",None,line
"Korea, RGDP, Activity, Taxes less subsidies on products, SA, KRW tn","Korea, RGDP, Activity, Taxes less subsidies on products, SA, KRW tn",None,line
"Korea, RGDP, Activity, Tertiary, Accommodation and food services, KRW tn","Korea, RGDP, Activity, Tertiary, Accommodation and food services, KRW tn",None,line
"Korea, RGDP, Activity, Tertiary, Accommodation and food services, SA, KRW tn","Korea, RGDP, Activity, Tertiary, Accommodation and food services, SA, KRW tn",None,line
"Korea, RGDP, Activity, Tertiary, Arts, sports and recreation, KRW tn","Korea, RGDP, Activity, Tertiary, Arts, sports and recreation, KRW tn",None,line
"Korea, RGDP, Activity, Tertiary, Arts, sports and recreation, SA, KRW tn","Korea, RGDP, Activity, Tertiary, Arts, sports and recreation, SA, KRW tn",None,line
"Korea, RGDP, Activity, Tertiary, Business activities, Business support services, KRW tn","Korea, RGDP, Activity, Tertiary, Business activities, Business support services, KRW tn",None,line
"Korea, RGDP, Activity, Tertiary, Business activities, Business support services, SA, KRW tn","Korea, RGDP, Activity, Tertiary, Business activities, Business support services, SA, KRW tn",None,line
"Korea, RGDP, Activity, Tertiary, Business activities, KRW tn","Korea, RGDP, Activity, Tertiary, Business activities, KRW tn",None,line
"Korea, RGDP, Activity, Tertiary, Business activities, Professional, scientific and technical services, KRW tn","Korea, RGDP, Activity, Tertiary, Business activities, Professional, scientific and technical services, KRW tn",None,line
"Korea, RGDP, Activity, Tertiary, Business activities, Professional, scientific and technical services, SA, KRW tn","Korea, RGDP, Activity, Tertiary, Business activities, Professional, scientific and technical services, SA, KRW tn",None,line
"Korea, RGDP, Activity, Tertiary, Business activities, SA, KRW tn","Korea, RGDP, Activity, Tertiary, Business activities, SA, KRW tn",None,line
"Korea, RGDP, Activity, Tertiary, Cultural and other services, KRW tn","Korea, RGDP, Activity, Tertiary, Cultural and other services, KRW tn",None,line
"Korea, RGDP, Activity, Tertiary, Cultural and other services, SA, KRW tn","Korea, RGDP, Activity, Tertiary, Cultural and other services, SA, KRW tn",None,line
"Korea, RGDP, Activity, Tertiary, Education, KRW tn","Korea, RGDP, Activity, Tertiary, Education, KRW tn",None,line
"Korea, RGDP, Activity, Tertiary, Education, SA, KRW tn","Korea, RGDP, Activity, Tertiary, Education, SA, KRW tn",None,line
"Korea, RGDP, Activity, Tertiary, Finance and insurance, KRW tn","Korea, RGDP, Activity, Tertiary, Finance and insurance, KRW tn",None,line
"Korea, RGDP, Activity, Tertiary, Finance and insurance, SA, KRW tn","Korea, RGDP, Activity, Tertiary, Finance and insurance, SA, KRW tn",None,line
"Korea, RGDP, Activity, Tertiary, Human health and social work, KRW tn","Korea, RGDP, Activity, Tertiary, Human health and social work, KRW tn",None,line
"Korea, RGDP, Activity, Tertiary, Human health and social work, SA, KRW tn","Korea, RGDP, Activity, Tertiary, Human health and social work, SA, KRW tn",None,line
"Korea, RGDP, Activity, Tertiary, Information and communication, Communication, KRW tn","Korea, RGDP, Activity, Tertiary, Information and communication, Communication, KRW tn",None,line
"Korea, RGDP, Activity, Tertiary, Information and communication, Communication, SA, KRW tn","Korea, RGDP, Activity, Tertiary, Information and communication, Communication, SA, KRW tn",None,line
"Korea, RGDP, Activity, Tertiary, Information and communication, KRW tn","Korea, RGDP, Activity, Tertiary, Information and communication, KRW tn",None,line
"Korea, RGDP, Activity, Tertiary, Information and communication, Publishing, broadcasting, motion picture, video and television programme production, and information service, KRW tn","Korea, RGDP, Activity, Tertiary, Information and communication, Publishing, broadcasting, motion picture, video and television programme production, and information service, KRW tn",None,line
"Korea, RGDP, Activity, Tertiary, Information and communication, Publishing, broadcasting, motion picture, video and television programme production, and information service, SA, KRW tn","Korea, RGDP, Activity, Tertiary, Information and communication, Publishing, broadcasting, motion picture, video and television programme production, and information service, SA, KRW tn",None,line
"Korea, RGDP, Activity, Tertiary, Information and communication, SA, KRW tn","Korea, RGDP, Activity, Tertiary, Information and communication, SA, KRW tn",None,line
"Korea, RGDP, Activity, Tertiary, KRW tn","Korea, RGDP, Activity, Tertiary, KRW tn",None,line
"Korea, RGDP, Activity, Tertiary, Other services, KRW tn","Korea, RGDP, Activity, Tertiary, Other services, KRW tn",None,line
"Korea, RGDP, Activity, Tertiary, Other services, SA, KRW tn","Korea, RGDP, Activity, Tertiary, Other services, SA, KRW tn",None,line
"Korea, RGDP, Activity, Tertiary, Public administration, defence and social security, KRW tn","Korea, RGDP, Activity, Tertiary, Public administration, defence and social security, KRW tn",None,line
"Korea, RGDP, Activity, Tertiary, Public administration, defence and social security, SA, KRW tn","Korea, RGDP, Activity, Tertiary, Public administration, defence and social security, SA, KRW tn",None,line
"Korea, RGDP, Activity, Tertiary, Real estate, KRW tn","Korea, RGDP, Activity, Tertiary, Real estate, KRW tn",None,line
"Korea, RGDP, Activity, Tertiary, Real estate, SA, KRW tn","Korea, RGDP, Activity, Tertiary, Real estate, SA, KRW tn",None,line
"Korea, RGDP, Activity, Tertiary, SA, KRW tn","Korea, RGDP, Activity, Tertiary, SA, KRW tn",None,line
"Korea, RGDP, Activity, Tertiary, Transportation and storage, KRW tn","Korea, RGDP, Activity, Tertiary, Transportation and storage, KRW tn",None,line
"Korea, RGDP, Activity, Tertiary, Transportation and storage, SA, KRW tn","Korea, RGDP, Activity, Tertiary, Transportation and storage, SA, KRW tn",None,line
"Korea, RGDP, Activity, Tertiary, Wholesale and retail trade, KRW tn","Korea, RGDP, Activity, Tertiary, Wholesale and retail trade, KRW tn",None,line
"Korea, RGDP, Activity, Tertiary, Wholesale and retail trade, SA, KRW tn","Korea, RGDP, Activity, Tertiary, Wholesale and retail trade, SA, KRW tn",None,line
"Korea, RGDP, Activity, Tertiary, Wholesale and retail trade, accommodation and food services, KRW tn","Korea, RGDP, Activity, Tertiary, Wholesale and retail trade, accommodation and food services, KRW tn",None,line
"Korea, RGDP, Activity, Tertiary, Wholesale and retail trade, accommodation and food services, SA, KRW tn","Korea, RGDP, Activity, Tertiary, Wholesale and retail trade, accommodation and food services, SA, KRW tn",None,line
"Korea, RGDP, Trading gains, KRW tn","Korea, RGDP, Trading gains, KRW tn",None,line
"Korea, RGDP, Trading gains, SA, KRW tn","Korea, RGDP, Trading gains, SA, KRW tn",None,line
"Korea, RGDP, Activity, gdi, KRW tn","Korea, RGDP, Activity, gdi, KRW tn",None,line
"Korea, RGDP, Activity, gdi, SA, KRW tn","Korea, RGDP, Activity, gdi, SA, KRW tn",None,line
"Korea, RGDP, Activity, gdp_at_market_prices, KRW tn","Korea, RGDP, Activity, gdp_at_market_prices, KRW tn",None,line
"Korea, RGDP, Activity, gdp_at_market_prices, SA, KRW tn","Korea, RGDP, Activity, gdp_at_market_prices, SA, KRW tn",None,line
"Korea, RGDP, Activity, gni, KRW tn","Korea, RGDP, Activity, gni, KRW tn",None,line
"Korea, RGDP, Activity, gni, SA, KRW tn","Korea, RGDP, Activity, gni, SA, KRW tn",None,line
"Korea, RGDP, Activity, gross_value_added_at_basic_prices, KRW tn","Korea, RGDP, Activity, gross_value_added_at_basic_prices, KRW tn",None,line
"Korea, RGDP, Activity, gross_value_added_at_basic_prices, SA, KRW tn","Korea, RGDP, Activity, gross_value_added_at_basic_prices, SA, KRW tn",None,line
"Korea, RGDP, Activity, mining_and_manufacturing, KRW tn","Korea, RGDP, Activity, mining_and_manufacturing, KRW tn",None,line
"Korea, RGDP, Activity, mining_and_manufacturing, SA, KRW tn","Korea, RGDP, Activity, mining_and_manufacturing, SA, KRW tn",None,line
"Korea, RGDP, Activity, net_factor_income_from_the_rest_of_the_w, KRW tn","Korea, RGDP, Activity, net_factor_income_from_the_rest_of_the_w, KRW tn",None,line
"Korea, RGDP, Activity, net_factor_income_from_the_rest_of_the_w, SA, KRW tn","Korea, RGDP, Activity, net_factor_income_from_the_rest_of_the_w, SA, KRW tn",None,line
"Korea, RGDP, Activity, primary>agriculture, KRW tn","Korea, RGDP, Activity, primary>agriculture, KRW tn",None,line
"Korea, RGDP, Activity, primary>agriculture, SA, KRW tn","Korea, RGDP, Activity, primary>agriculture, SA, KRW tn",None,line
"Korea, RGDP, Activity, primary>agriculture>animals, KRW tn","Korea, RGDP, Activity, primary>agriculture>animals, KRW tn",None,line
"Korea, RGDP, Activity, primary>agriculture>cultivation, KRW tn","Korea, RGDP, Activity, primary>agriculture>cultivation, KRW tn",None,line
"Korea, RGDP, Activity, primary>agriculture>fishing_and_aquaculture, KRW tn","Korea, RGDP, Activity, primary>agriculture>fishing_and_aquaculture, KRW tn",None,line
"Korea, RGDP, Activity, primary>agriculture>forestry_and_logging, KRW tn","Korea, RGDP, Activity, primary>agriculture>forestry_and_logging, KRW tn",None,line
"Korea, RGDP, Activity, primary>mining_and_quarrying, KRW tn","Korea, RGDP, Activity, primary>mining_and_quarrying, KRW tn",None,line
"Korea, RGDP, Activity, primary>mining_and_quarrying, SA, KRW tn","Korea, RGDP, Activity, primary>mining_and_quarrying, SA, KRW tn",None,line
"Korea, RGDP, Activity, secondary>construction, KRW tn","Korea, RGDP, Activity, secondary>construction, KRW tn",None,line
"Korea, RGDP, Activity, secondary>construction, SA, KRW tn","Korea, RGDP, Activity, secondary>construction, SA, KRW tn",None,line
"Korea, RGDP, Activity, secondary>construction>building_construction_and_repair, KRW tn","Korea, RGDP, Activity, secondary>construction>building_construction_and_repair, KRW tn",None,line
"Korea, RGDP, Activity, secondary>construction>building_construction_and_repair, SA, KRW tn","Korea, RGDP, Activity, secondary>construction>building_construction_and_repair, SA, KRW tn",None,line
"Korea, RGDP, Activity, secondary>construction>building_construction_and_repair>building_repair, KRW tn","Korea, RGDP, Activity, secondary>construction>building_construction_and_repair>building_repair, KRW tn",None,line
"Korea, RGDP, Activity, secondary>construction>building_construction_and_repair>building_repair, SA, KRW tn","Korea, RGDP, Activity, secondary>construction>building_construction_and_repair>building_repair, SA, KRW tn",None,line
"Korea, RGDP, Activity, secondary>construction>building_construction_and_repair>non_residential, KRW tn","Korea, RGDP, Activity, secondary>construction>building_construction_and_repair>non_residential, KRW tn",None,line
"Korea, RGDP, Activity, secondary>construction>building_construction_and_repair>non_residential, SA, KRW tn","Korea, RGDP, Activity, secondary>construction>building_construction_and_repair>non_residential, SA, KRW tn",None,line
"Korea, RGDP, Activity, secondary>construction>building_construction_and_repair>residential, KRW tn","Korea, RGDP, Activity, secondary>construction>building_construction_and_repair>residential, KRW tn",None,line
"Korea, RGDP, Activity, secondary>construction>building_construction_and_repair>residential, SA, KRW tn","Korea, RGDP, Activity, secondary>construction>building_construction_and_repair>residential, SA, KRW tn",None,line
"Korea, RGDP, Activity, secondary>construction>civil_engineering, KRW tn","Korea, RGDP, Activity, secondary>construction>civil_engineering, KRW tn",None,line
"Korea, RGDP, Activity, secondary>construction>civil_engineering, SA, KRW tn","Korea, RGDP, Activity, secondary>construction>civil_engineering, SA, KRW tn",None,line
"Korea, RGDP, Activity, secondary>manufacturing, KRW tn","Korea, RGDP, Activity, secondary>manufacturing, KRW tn",None,line
"Korea, RGDP, Activity, secondary>manufacturing, SA, KRW tn","Korea, RGDP, Activity, secondary>manufacturing, SA, KRW tn",None,line
"Korea, RGDP, Activity, secondary>manufacturing>basic_metals, KRW tn","Korea, RGDP, Activity, secondary>manufacturing>basic_metals, KRW tn",None,line
"Korea, RGDP, Activity, secondary>manufacturing>basic_metals, SA, KRW tn","Korea, RGDP, Activity, secondary>manufacturing>basic_metals, SA, KRW tn",None,line
"Korea, RGDP, Activity, secondary>manufacturing>chemicals_and_chemical_products, KRW tn","Korea, RGDP, Activity, secondary>manufacturing>chemicals_and_chemical_products, KRW tn",None,line
"Korea, RGDP, Activity, secondary>manufacturing>chemicals_and_chemical_products, SA, KRW tn","Korea, RGDP, Activity, secondary>manufacturing>chemicals_and_chemical_products, SA, KRW tn",None,line
"Korea, RGDP, Activity, secondary>manufacturing>coke_and_refined_petroleum_products, KRW tn","Korea, RGDP, Activity, secondary>manufacturing>coke_and_refined_petroleum_products, KRW tn",None,line
"Korea, RGDP, Activity, secondary>manufacturing>coke_and_refined_petroleum_products, SA, KRW tn","Korea, RGDP, Activity, secondary>manufacturing>coke_and_refined_petroleum_products, SA, KRW tn",None,line
"Korea, RGDP, Activity, secondary>manufacturing>computer_and_electronics, KRW tn","Korea, RGDP, Activity, secondary>manufacturing>computer_and_electronics, KRW tn",None,line
"Korea, RGDP, Activity, secondary>manufacturing>computer_and_electronics, SA, KRW tn","Korea, RGDP, Activity, secondary>manufacturing>computer_and_electronics, SA, KRW tn",None,line
"Korea, RGDP, Activity, secondary>manufacturing>electrical_equipment, KRW tn","Korea, RGDP, Activity, secondary>manufacturing>electrical_equipment, KRW tn",None,line
"Korea, RGDP, Activity, secondary>manufacturing>electrical_equipment, SA, KRW tn","Korea, RGDP, Activity, secondary>manufacturing>electrical_equipment, SA, KRW tn",None,line
"Korea, RGDP, Activity, secondary>manufacturing>fabricated_metal_products, KRW tn","Korea, RGDP, Activity, secondary>manufacturing>fabricated_metal_products, KRW tn",None,line
"Korea, RGDP, Activity, secondary>manufacturing>fabricated_metal_products, SA, KRW tn","Korea, RGDP, Activity, secondary>manufacturing>fabricated_metal_products, SA, KRW tn",None,line
"Korea, RGDP, Activity, secondary>manufacturing>food_beverages_products, KRW tn","Korea, RGDP, Activity, secondary>manufacturing>food_beverages_products, KRW tn",None,line
"Korea, RGDP, Activity, secondary>manufacturing>food_beverages_products, SA, KRW tn","Korea, RGDP, Activity, secondary>manufacturing>food_beverages_products, SA, KRW tn",None,line
"Korea, RGDP, Activity, secondary>manufacturing>machinery_and_equipment, KRW tn","Korea, RGDP, Activity, secondary>manufacturing>machinery_and_equipment, KRW tn",None,line
"Korea, RGDP, Activity, secondary>manufacturing>machinery_and_equipment, SA, KRW tn","Korea, RGDP, Activity, secondary>manufacturing>machinery_and_equipment, SA, KRW tn",None,line
"Korea, RGDP, Activity, secondary>manufacturing>other_manufacturing_repair_and_installat, KRW tn","Korea, RGDP, Activity, secondary>manufacturing>other_manufacturing_repair_and_installat, KRW tn",None,line
"Korea, RGDP, Activity, secondary>manufacturing>other_manufacturing_repair_and_installat, SA, KRW tn","Korea, RGDP, Activity, secondary>manufacturing>other_manufacturing_repair_and_installat, SA, KRW tn",None,line
"Korea, RGDP, Activity, secondary>manufacturing>other_non_metallic_mineral_products, KRW tn","Korea, RGDP, Activity, secondary>manufacturing>other_non_metallic_mineral_products, KRW tn",None,line
"Korea, RGDP, Activity, secondary>manufacturing>other_non_metallic_mineral_products, SA, KRW tn","Korea, RGDP, Activity, secondary>manufacturing>other_non_metallic_mineral_products, SA, KRW tn",None,line
"Korea, RGDP, Activity, secondary>manufacturing>textile_and_leather_products, KRW tn","Korea, RGDP, Activity, secondary>manufacturing>textile_and_leather_products, KRW tn",None,line
"Korea, RGDP, Activity, secondary>manufacturing>textile_and_leather_products, SA, KRW tn","Korea, RGDP, Activity, secondary>manufacturing>textile_and_leather_products, SA, KRW tn",None,line
"Korea, RGDP, Activity, secondary>manufacturing>transportation_equipment, KRW tn","Korea, RGDP, Activity, secondary>manufacturing>transportation_equipment, KRW tn",None,line
"Korea, RGDP, Activity, secondary>manufacturing>transportation_equipment, SA, KRW tn","Korea, RGDP, Activity, secondary>manufacturing>transportation_equipment, SA, KRW tn",None,line
"Korea, RGDP, Activity, secondary>manufacturing>wood_and_paper_products_printing_and_rep, KRW tn","Korea, RGDP, Activity, secondary>manufacturing>wood_and_paper_products_printing_and_rep, KRW tn",None,line
"Korea, RGDP, Activity, secondary>manufacturing>wood_and_paper_products_printing_and_rep, SA, KRW tn","Korea, RGDP, Activity, secondary>manufacturing>wood_and_paper_products_printing_and_rep, SA, KRW tn",None,line
"Korea, RGDP, Activity, secondary>utilities, KRW tn","Korea, RGDP, Activity, secondary>utilities, KRW tn",None,line
"Korea, RGDP, Activity, secondary>utilities, SA, KRW tn","Korea, RGDP, Activity, secondary>utilities, SA, KRW tn",None,line
"Korea, RGDP, Activity, secondary>utilities>electricity, KRW tn","Korea, RGDP, Activity, secondary>utilities>electricity, KRW tn",None,line
"Korea, RGDP, Activity, secondary>utilities>electricity, SA, KRW tn","Korea, RGDP, Activity, secondary>utilities>electricity, SA, KRW tn",None,line
"Korea, RGDP, Activity, secondary>utilities>gas_steam_and_air_conditioning_supply, KRW tn","Korea, RGDP, Activity, secondary>utilities>gas_steam_and_air_conditioning_supply, KRW tn",None,line
"Korea, RGDP, Activity, secondary>utilities>gas_steam_and_air_conditioning_supply, SA, KRW tn","Korea, RGDP, Activity, secondary>utilities>gas_steam_and_air_conditioning_supply, SA, KRW tn",None,line
"Korea, RGDP, Activity, secondary>utilities>water_supply_sewerage_waste_management_a, KRW tn","Korea, RGDP, Activity, secondary>utilities>water_supply_sewerage_waste_management_a, KRW tn",None,line
"Korea, RGDP, Activity, secondary>utilities>water_supply_sewerage_waste_management_a, SA, KRW tn","Korea, RGDP, Activity, secondary>utilities>water_supply_sewerage_waste_management_a, SA, KRW tn",None,line
"Korea, RGDP, Activity, taxes_less_subsidies_on_products, KRW tn","Korea, RGDP, Activity, taxes_less_subsidies_on_products, KRW tn",None,line
"Korea, RGDP, Activity, taxes_less_subsidies_on_products, SA, KRW tn","Korea, RGDP, Activity, taxes_less_subsidies_on_products, SA, KRW tn",None,line
"Korea, RGDP, Activity, tertiary, KRW tn","Korea, RGDP, Activity, tertiary, KRW tn",None,line
"Korea, RGDP, Activity, tertiary, SA, KRW tn","Korea, RGDP, Activity, tertiary, SA, KRW tn",None,line
"Korea, RGDP, Activity, tertiary>accommodation_and_food_services_2, KRW tn","Korea, RGDP, Activity, tertiary>accommodation_and_food_services_2, KRW tn",None,line
"Korea, RGDP, Activity, tertiary>accommodation_and_food_services_2, SA, KRW tn","Korea, RGDP, Activity, tertiary>accommodation_and_food_services_2, SA, KRW tn",None,line
"Korea, RGDP, Activity, tertiary>arts_sports_and_recreation, KRW tn","Korea, RGDP, Activity, tertiary>arts_sports_and_recreation, KRW tn",None,line
"Korea, RGDP, Activity, tertiary>arts_sports_and_recreation, SA, KRW tn","Korea, RGDP, Activity, tertiary>arts_sports_and_recreation, SA, KRW tn",None,line
"Korea, RGDP, Activity, tertiary>business_activities, KRW tn","Korea, RGDP, Activity, tertiary>business_activities, KRW tn",None,line
"Korea, RGDP, Activity, tertiary>business_activities, SA, KRW tn","Korea, RGDP, Activity, tertiary>business_activities, SA, KRW tn",None,line
"Korea, RGDP, Activity, tertiary>business_activities>business_support_services, KRW tn","Korea, RGDP, Activity, tertiary>business_activities>business_support_services, KRW tn",None,line
"Korea, RGDP, Activity, tertiary>business_activities>business_support_services, SA, KRW tn","Korea, RGDP, Activity, tertiary>business_activities>business_support_services, SA, KRW tn",None,line
"Korea, RGDP, Activity, tertiary>business_activities>professional_scientific_and_technical_se, KRW tn","Korea, RGDP, Activity, tertiary>business_activities>professional_scientific_and_technical_se, KRW tn",None,line
"Korea, RGDP, Activity, tertiary>business_activities>professional_scientific_and_technical_se, SA, KRW tn","Korea, RGDP, Activity, tertiary>business_activities>professional_scientific_and_technical_se, SA, KRW tn",None,line
"Korea, RGDP, Activity, tertiary>cultural_and_other_services, KRW tn","Korea, RGDP, Activity, tertiary>cultural_and_other_services, KRW tn",None,line
"Korea, RGDP, Activity, tertiary>cultural_and_other_services, SA, KRW tn","Korea, RGDP, Activity, tertiary>cultural_and_other_services, SA, KRW tn",None,line
"Korea, RGDP, Activity, tertiary>education, KRW tn","Korea, RGDP, Activity, tertiary>education, KRW tn",None,line
"Korea, RGDP, Activity, tertiary>education, SA, KRW tn","Korea, RGDP, Activity, tertiary>education, SA, KRW tn",None,line
"Korea, RGDP, Activity, tertiary>finance_and_insurance, KRW tn","Korea, RGDP, Activity, tertiary>finance_and_insurance, KRW tn",None,line
"Korea, RGDP, Activity, tertiary>finance_and_insurance, SA, KRW tn","Korea, RGDP, Activity, tertiary>finance_and_insurance, SA, KRW tn",None,line
"Korea, RGDP, Activity, tertiary>human_health_and_social_work, KRW tn","Korea, RGDP, Activity, tertiary>human_health_and_social_work, KRW tn",None,line
"Korea, RGDP, Activity, tertiary>human_health_and_social_work, SA, KRW tn","Korea, RGDP, Activity, tertiary>human_health_and_social_work, SA, KRW tn",None,line
"Korea, RGDP, Activity, tertiary>information_and_communication, KRW tn","Korea, RGDP, Activity, tertiary>information_and_communication, KRW tn",None,line
"Korea, RGDP, Activity, tertiary>information_and_communication, SA, KRW tn","Korea, RGDP, Activity, tertiary>information_and_communication, SA, KRW tn",None,line
"Korea, RGDP, Activity, tertiary>information_and_communication>communication, KRW tn","Korea, RGDP, Activity, tertiary>information_and_communication>communication, KRW tn",None,line
"Korea, RGDP, Activity, tertiary>information_and_communication>communication, SA, KRW tn","Korea, RGDP, Activity, tertiary>information_and_communication>communication, SA, KRW tn",None,line
"Korea, RGDP, Activity, tertiary>information_and_communication>publishing_broadcasting_motion_picture_v, KRW tn","Korea, RGDP, Activity, tertiary>information_and_communication>publishing_broadcasting_motion_picture_v, KRW tn",None,line
"Korea, RGDP, Activity, tertiary>information_and_communication>publishing_broadcasting_motion_picture_v, SA, KRW tn","Korea, RGDP, Activity, tertiary>information_and_communication>publishing_broadcasting_motion_picture_v, SA, KRW tn",None,line
"Korea, RGDP, Activity, tertiary>other_services, KRW tn","Korea, RGDP, Activity, tertiary>other_services, KRW tn",None,line
"Korea, RGDP, Activity, tertiary>other_services, SA, KRW tn","Korea, RGDP, Activity, tertiary>other_services, SA, KRW tn",None,line
"Korea, RGDP, Activity, tertiary>public_administration_defence_and_social, KRW tn","Korea, RGDP, Activity, tertiary>public_administration_defence_and_social, KRW tn",None,line
"Korea, RGDP, Activity, tertiary>public_administration_defence_and_social, SA, KRW tn","Korea, RGDP, Activity, tertiary>public_administration_defence_and_social, SA, KRW tn",None,line
"Korea, RGDP, Activity, tertiary>real_estate, KRW tn","Korea, RGDP, Activity, tertiary>real_estate, KRW tn",None,line
"Korea, RGDP, Activity, tertiary>real_estate, SA, KRW tn","Korea, RGDP, Activity, tertiary>real_estate, SA, KRW tn",None,line
"Korea, RGDP, Activity, tertiary>transportation_and_storage, KRW tn","Korea, RGDP, Activity, tertiary>transportation_and_storage, KRW tn",None,line
"Korea, RGDP, Activity, tertiary>transportation_and_storage, SA, KRW tn","Korea, RGDP, Activity, tertiary>transportation_and_storage, SA, KRW tn",None,line
"Korea, RGDP, Activity, tertiary>wholesale_and_retail_trade, KRW tn","Korea, RGDP, Activity, tertiary>wholesale_and_retail_trade, KRW tn",None,line
"Korea, RGDP, Activity, tertiary>wholesale_and_retail_trade, SA, KRW tn","Korea, RGDP, Activity, tertiary>wholesale_and_retail_trade, SA, KRW tn",None,line
"Korea, RGDP, Activity, tertiary>wholesale_and_retail_trade>accommodation_and_food_services, KRW tn","Korea, RGDP, Activity, tertiary>wholesale_and_retail_trade>accommodation_and_food_services, KRW tn",None,line
"Korea, RGDP, Activity, tertiary>wholesale_and_retail_trade>accommodation_and_food_services, SA, KRW tn","Korea, RGDP, Activity, tertiary>wholesale_and_retail_trade>accommodation_and_food_services, SA, KRW tn",None,line
"Korea, RGDP, Activity, trading_gains, KRW tn","Korea, RGDP, Activity, trading_gains, KRW tn",None,line
"Korea, RGDP, Activity, trading_gains, SA, KRW tn","Korea, RGDP, Activity, trading_gains, SA, KRW tn",None,line
"Korea, NGDP, Activity, Secondary, KRW tn","Korea, NGDP, Activity, Secondary, KRW tn",None,line
"Korea, RGDP, ICT sector, Exports of goods, KRW tn","Korea, RGDP, ICT sector, Exports of goods, KRW tn",None,line
"Korea, RGDP, ICT sector, Imports of goods, KRW tn","Korea, RGDP, ICT sector, Imports of goods, KRW tn",None,line
"Korea, RGDP, ICT sector, Machinery and equipment investment, KRW tn","Korea, RGDP, ICT sector, Machinery and equipment investment, KRW tn",None,line
"Korea, RGDP, ICT sector, Private consumption expenditure, KRW tn","Korea, RGDP, ICT sector, Private consumption expenditure, KRW tn",None,line
"Korea, RGDP, ICT sector, Exports of goods, SA, KRW tn","Korea, RGDP, ICT sector, Exports of goods, SA, KRW tn",None,line
"Korea, RGDP, ICT sector, Imports of goods, SA, KRW tn","Korea, RGDP, ICT sector, Imports of goods, SA, KRW tn",None,line
"Korea, RGDP, ICT sector, Machinery and equipment investment, SA, KRW tn","Korea, RGDP, ICT sector, Machinery and equipment investment, SA, KRW tn",None,line
"Korea, RGDP, ICT sector, Private consumption expenditure, SA, KRW tn","Korea, RGDP, ICT sector, Private consumption expenditure, SA, KRW tn",None,line
"Korea, NGDP, GNI, KRW tn","Korea, NGDP, GNI, KRW tn",None,line
"Korea, NGDP, GNI, SA, KRW tn","Korea, NGDP, GNI, SA, KRW tn",None,line
"Korea, RGDP, GNI, KRW tn","Korea, RGDP, GNI, KRW tn",None,line
"Korea, RGDP, GNI, SA, KRW tn","Korea, RGDP, GNI, SA, KRW tn",None,line
"Korea, NGDP, Expenditure, Domestic demand, Gross capital formation, Gross fixed capital formation, Construction, Residential, SA, KRW tn","Korea, NGDP, Expenditure, Domestic demand, Gross capital formation, Gross fixed capital formation, Construction, Residential, SA, KRW tn",None,line
"Korea, NGDP, Expenditure, Domestic demand, Gross capital formation, Gross fixed capital formation, Construction, Non-residential, SA, KRW tn","Korea, NGDP, Expenditure, Domestic demand, Gross capital formation, Gross fixed capital formation, Construction, Non-residential, SA, KRW tn",None,line
"Korea, NGDP, Expenditure, Domestic demand, Gross capital formation, Gross fixed capital formation, Construction, Other buildings and structures, SA, KRW tn","Korea, NGDP, Expenditure, Domestic demand, Gross capital formation, Gross fixed capital formation, Construction, Other buildings and structures, SA, KRW tn",None,line
"Korea, NGDP, Expenditure, Domestic demand, Gross capital formation, Gross fixed capital formation, Transport equipment, SA, KRW tn","Korea, NGDP, Expenditure, Domestic demand, Gross capital formation, Gross fixed capital formation, Transport equipment, SA, KRW tn",None,line
"Korea, NGDP, Expenditure, Domestic demand, Gross capital formation, Gross fixed capital formation, Other machinery and equipment, SA, KRW tn","Korea, NGDP, Expenditure, Domestic demand, Gross capital formation, Gross fixed capital formation, Other machinery and equipment, SA, KRW tn",None,line
"Korea, NGDP, Expenditure, Domestic demand, Private consumption, Household consumption, Domestic final consumption, Goods, SA, KRW tn","Korea, NGDP, Expenditure, Domestic demand, Private consumption, Household consumption, Domestic final consumption, Goods, SA, KRW tn",None,line
"Korea, RGDP, Expenditure, Domestic demand, Gross capital formation, Gross fixed capital formation, Construction, Residential, SA, KRW tn","Korea, RGDP, Expenditure, Domestic demand, Gross capital formation, Gross fixed capital formation, Construction, Residential, SA, KRW tn",None,line
"Korea, RGDP, Expenditure, Domestic demand, Gross capital formation, Gross fixed capital formation, Construction, Non-residential, SA, KRW tn","Korea, RGDP, Expenditure, Domestic demand, Gross capital formation, Gross fixed capital formation, Construction, Non-residential, SA, KRW tn",None,line
"Korea, RGDP, Expenditure, Domestic demand, Gross capital formation, Gross fixed capital formation, Construction, Other buildings and structures, SA, KRW tn","Korea, RGDP, Expenditure, Domestic demand, Gross capital formation, Gross fixed capital formation, Construction, Other buildings and structures, SA, KRW tn",None,line
"Korea, RGDP, Expenditure, Domestic demand, Gross capital formation, Gross fixed capital formation, Transport equipment, SA, KRW tn","Korea, RGDP, Expenditure, Domestic demand, Gross capital formation, Gross fixed capital formation, Transport equipment, SA, KRW tn",None,line
"Korea, RGDP, Expenditure, Domestic demand, Gross capital formation, Gross fixed capital formation, Other machinery and equipment, SA, KRW tn","Korea, RGDP, Expenditure, Domestic demand, Gross capital formation, Gross fixed capital formation, Other machinery and equipment, SA, KRW tn",None,line
"Korea, RGDP, Expenditure, Domestic demand, Private consumption, Household consumption, Domestic final consumption, Goods, SA, KRW tn","Korea, RGDP, Expenditure, Domestic demand, Private consumption, Household consumption, Domestic final consumption, Goods, SA, KRW tn",None,line
"Korea, NGDP, Expenditure, Domestic demand, SA, KRW tn","Korea, NGDP, Expenditure, Domestic demand, SA, KRW tn",None,line
"Korea, NGDP, Expenditure, Domestic demand, Excluding inventories, SA, KRW tn","Korea, NGDP, Expenditure, Domestic demand, Excluding inventories, SA, KRW tn",None,line
"Korea, NGDP, Expenditure, Domestic demand, Private, Excluding inventories, SA, KRW tn","Korea, NGDP, Expenditure, Domestic demand, Private, Excluding inventories, SA, KRW tn",None,line
"Korea, NGDP, Expenditure, Domestic demand, Public, Excluding inventories, SA, KRW tn","Korea, NGDP, Expenditure, Domestic demand, Public, Excluding inventories, SA, KRW tn",None,line
"Korea, RGDP, Expenditure, Domestic demand, SA, KRW tn","Korea, RGDP, Expenditure, Domestic demand, SA, KRW tn",None,line
"Korea, RGDP, Expenditure, Domestic demand, Excluding inventories, SA, KRW tn","Korea, RGDP, Expenditure, Domestic demand, Excluding inventories, SA, KRW tn",None,line
"Korea, RGDP, Expenditure, Domestic demand, Private, Excluding inventories, SA, KRW tn","Korea, RGDP, Expenditure, Domestic demand, Private, Excluding inventories, SA, KRW tn",None,line
"Korea, RGDP, Expenditure, Domestic demand, Public, Excluding inventories, SA, KRW tn","Korea, RGDP, Expenditure, Domestic demand, Public, Excluding inventories, SA, KRW tn",None,line
"Korea, NGDP, Expenditure, Domestic demand, Final consumption expenditure, SA, KRW tn, 2013-19 trend","Korea, NGDP, Expenditure, Domestic demand, Final consumption expenditure, SA, KRW tn, 2013-19 trend",None,line
"Korea, NGDP, Expenditure, Domestic demand, Government consumption, SA, KRW tn, 2013-19 trend","Korea, NGDP, Expenditure, Domestic demand, Government consumption, SA, KRW tn, 2013-19 trend",None,line
"Korea, NGDP, Expenditure, Domestic demand, Gross capital formation, Gross fixed capital formation, Buildings and structures, SA, KRW tn, 2013-19 trend","Korea, NGDP, Expenditure, Domestic demand, Gross capital formation, Gross fixed capital formation, Buildings and structures, SA, KRW tn, 2013-19 trend",None,line
"Korea, NGDP, Expenditure, Domestic demand, Gross capital formation, Gross fixed capital formation, Facilities investment, SA, KRW tn, 2013-19 trend","Korea, NGDP, Expenditure, Domestic demand, Gross capital formation, Gross fixed capital formation, Facilities investment, SA, KRW tn, 2013-19 trend",None,line
"Korea, NGDP, Expenditure, Domestic demand, Gross capital formation, Gross fixed capital formation, Public, SA, KRW tn, 2013-19 trend","Korea, NGDP, Expenditure, Domestic demand, Gross capital formation, Gross fixed capital formation, Public, SA, KRW tn, 2013-19 trend",None,line
"Korea, NGDP, Expenditure, Domestic demand, Gross capital formation, Gross fixed capital formation, Intellectual property products, SA, KRW tn, 2013-19 trend","Korea, NGDP, Expenditure, Domestic demand, Gross capital formation, Gross fixed capital formation, Intellectual property products, SA, KRW tn, 2013-19 trend",None,line
"Korea, NGDP, Expenditure, Domestic demand, Gross capital formation, Gross fixed capital formation, Private, SA, KRW tn, 2013-19 trend","Korea, NGDP, Expenditure, Domestic demand, Gross capital formation, Gross fixed capital formation, Private, SA, KRW tn, 2013-19 trend",None,line
"Korea, NGDP, Expenditure, Domestic demand, Gross capital formation, Gross fixed capital formation, SA, KRW tn, 2013-19 trend","Korea, NGDP, Expenditure, Domestic demand, Gross capital formation, Gross fixed capital formation, SA, KRW tn, 2013-19 trend",None,line
"Korea, NGDP, Expenditure, Domestic demand, Gross capital formation, Inventories, SA, KRW tn, 2013-19 trend","Korea, NGDP, Expenditure, Domestic demand, Gross capital formation, Inventories, SA, KRW tn, 2013-19 trend",None,line
"Korea, NGDP, Expenditure, Domestic demand, Gross capital formation, SA, KRW tn, 2013-19 trend","Korea, NGDP, Expenditure, Domestic demand, Gross capital formation, SA, KRW tn, 2013-19 trend",None,line
"Korea, NGDP, Expenditure, Domestic demand, Private consumption, Household consumption, SA, KRW tn, 2013-19 trend","Korea, NGDP, Expenditure, Domestic demand, Private consumption, Household consumption, SA, KRW tn, 2013-19 trend",None,line
"Korea, NGDP, Expenditure, Domestic demand, Private consumption, Non-profit institutions serving households, SA, KRW tn, 2013-19 trend","Korea, NGDP, Expenditure, Domestic demand, Private consumption, Non-profit institutions serving households, SA, KRW tn, 2013-19 trend",None,line
"Korea, NGDP, Expenditure, Domestic demand, Private consumption, SA, KRW tn, 2013-19 trend","Korea, NGDP, Expenditure, Domestic demand, Private consumption, SA, KRW tn, 2013-19 trend",None,line
"Korea, NGDP, Expenditure, GDP, SA, KRW tn, 2013-19 trend","Korea, NGDP, Expenditure, GDP, SA, KRW tn, 2013-19 trend",None,line
"Korea, NGDP, Expenditure, Net exports of goods and services, Exports of goods and services, Goods, SA, KRW tn, 2013-19 trend","Korea, NGDP, Expenditure, Net exports of goods and services, Exports of goods and services, Goods, SA, KRW tn, 2013-19 trend",None,line
"Korea, NGDP, Expenditure, Net exports of goods and services, Exports of goods and services, SA, KRW tn, 2013-19 trend","Korea, NGDP, Expenditure, Net exports of goods and services, Exports of goods and services, SA, KRW tn, 2013-19 trend",None,line
"Korea, NGDP, Expenditure, Net exports of goods and services, Exports of goods and services, Services, SA, KRW tn, 2013-19 trend","Korea, NGDP, Expenditure, Net exports of goods and services, Exports of goods and services, Services, SA, KRW tn, 2013-19 trend",None,line
"Korea, NGDP, Expenditure, Net exports of goods and services, Imports of goods and services, Goods, SA, KRW tn, 2013-19 trend","Korea, NGDP, Expenditure, Net exports of goods and services, Imports of goods and services, Goods, SA, KRW tn, 2013-19 trend",None,line
"Korea, NGDP, Expenditure, Net exports of goods and services, Imports of goods and services, SA, KRW tn, 2013-19 trend","Korea, NGDP, Expenditure, Net exports of goods and services, Imports of goods and services, SA, KRW tn, 2013-19 trend",None,line
"Korea, NGDP, Expenditure, Net exports of goods and services, Imports of goods and services, Services, SA, KRW tn, 2013-19 trend","Korea, NGDP, Expenditure, Net exports of goods and services, Imports of goods and services, Services, SA, KRW tn, 2013-19 trend",None,line
"Korea, NGDP, Expenditure, SA, KRW tn, 2013-19 trend","Korea, NGDP, Expenditure, SA, KRW tn, 2013-19 trend",None,line
"Korea, NGDP, Expenditure, Statistical discrepancy, SA, KRW tn, 2013-19 trend","Korea, NGDP, Expenditure, Statistical discrepancy, SA, KRW tn, 2013-19 trend",None,line
"Korea, NGDP, Income, Compensation of employees, SA, KRW tn, 2013-19 trend","Korea, NGDP, Income, Compensation of employees, SA, KRW tn, 2013-19 trend",None,line
"Korea, NGDP, Income, Gross operating surplus, SA, KRW tn, 2013-19 trend","Korea, NGDP, Income, Gross operating surplus, SA, KRW tn, 2013-19 trend",None,line
"Korea, NGDP, Income, SA, KRW tn, 2013-19 trend","Korea, NGDP, Income, SA, KRW tn, 2013-19 trend",None,line
"Korea, NGDP, Income, Taxes on production and imports less subsidies, SA, KRW tn, 2013-19 trend","Korea, NGDP, Income, Taxes on production and imports less subsidies, SA, KRW tn, 2013-19 trend",None,line
"Korea, RGDP, Expenditure, Domestic demand, Final consumption expenditure, SA, KRW tn, 2013-19 trend","Korea, RGDP, Expenditure, Domestic demand, Final consumption expenditure, SA, KRW tn, 2013-19 trend",None,line
"Korea, RGDP, Expenditure, Domestic demand, Government consumption, SA, KRW tn, 2013-19 trend","Korea, RGDP, Expenditure, Domestic demand, Government consumption, SA, KRW tn, 2013-19 trend",None,line
"Korea, RGDP, Expenditure, Domestic demand, Gross capital formation, Gross fixed capital formation, Buildings and structures, SA, KRW tn, 2013-19 trend","Korea, RGDP, Expenditure, Domestic demand, Gross capital formation, Gross fixed capital formation, Buildings and structures, SA, KRW tn, 2013-19 trend",None,line
"Korea, RGDP, Expenditure, Domestic demand, Gross capital formation, Gross fixed capital formation, Facilities investment, SA, KRW tn, 2013-19 trend","Korea, RGDP, Expenditure, Domestic demand, Gross capital formation, Gross fixed capital formation, Facilities investment, SA, KRW tn, 2013-19 trend",None,line
"Korea, RGDP, Expenditure, Domestic demand, Gross capital formation, Gross fixed capital formation, Public, SA, KRW tn, 2013-19 trend","Korea, RGDP, Expenditure, Domestic demand, Gross capital formation, Gross fixed capital formation, Public, SA, KRW tn, 2013-19 trend",None,line
"Korea, RGDP, Expenditure, Domestic demand, Gross capital formation, Gross fixed capital formation, Intellectual property products, SA, KRW tn, 2013-19 trend","Korea, RGDP, Expenditure, Domestic demand, Gross capital formation, Gross fixed capital formation, Intellectual property products, SA, KRW tn, 2013-19 trend",None,line
"Korea, RGDP, Expenditure, Domestic demand, Gross capital formation, Gross fixed capital formation, Private, SA, KRW tn, 2013-19 trend","Korea, RGDP, Expenditure, Domestic demand, Gross capital formation, Gross fixed capital formation, Private, SA, KRW tn, 2013-19 trend",None,line
"Korea, RGDP, Expenditure, Domestic demand, Gross capital formation, Gross fixed capital formation, SA, KRW tn, 2013-19 trend","Korea, RGDP, Expenditure, Domestic demand, Gross capital formation, Gross fixed capital formation, SA, KRW tn, 2013-19 trend",None,line
"Korea, RGDP, Expenditure, Domestic demand, Gross capital formation, Inventories, SA, KRW tn, 2013-19 trend","Korea, RGDP, Expenditure, Domestic demand, Gross capital formation, Inventories, SA, KRW tn, 2013-19 trend",None,line
"Korea, RGDP, Expenditure, Domestic demand, Gross capital formation, SA, KRW tn, 2013-19 trend","Korea, RGDP, Expenditure, Domestic demand, Gross capital formation, SA, KRW tn, 2013-19 trend",None,line
"Korea, RGDP, Expenditure, Domestic demand, Private consumption, Household consumption, SA, KRW tn, 2013-19 trend","Korea, RGDP, Expenditure, Domestic demand, Private consumption, Household consumption, SA, KRW tn, 2013-19 trend",None,line
"Korea, RGDP, Expenditure, Domestic demand, Private consumption, Non-profit institutions serving households, SA, KRW tn, 2013-19 trend","Korea, RGDP, Expenditure, Domestic demand, Private consumption, Non-profit institutions serving households, SA, KRW tn, 2013-19 trend",None,line
"Korea, RGDP, Expenditure, Domestic demand, Private consumption, SA, KRW tn, 2013-19 trend","Korea, RGDP, Expenditure, Domestic demand, Private consumption, SA, KRW tn, 2013-19 trend",None,line
"Korea, RGDP, Expenditure, Net exports of goods and services, Exports of goods and services, Goods, SA, KRW tn, 2013-19 trend","Korea, RGDP, Expenditure, Net exports of goods and services, Exports of goods and services, Goods, SA, KRW tn, 2013-19 trend",None,line
"Korea, RGDP, Expenditure, Net exports of goods and services, Exports of goods and services, SA, KRW tn, 2013-19 trend","Korea, RGDP, Expenditure, Net exports of goods and services, Exports of goods and services, SA, KRW tn, 2013-19 trend",None,line
"Korea, RGDP, Expenditure, Net exports of goods and services, Exports of goods and services, Services, SA, KRW tn, 2013-19 trend","Korea, RGDP, Expenditure, Net exports of goods and services, Exports of goods and services, Services, SA, KRW tn, 2013-19 trend",None,line
"Korea, RGDP, Expenditure, Net exports of goods and services, Imports of goods and services, Goods, SA, KRW tn, 2013-19 trend","Korea, RGDP, Expenditure, Net exports of goods and services, Imports of goods and services, Goods, SA, KRW tn, 2013-19 trend",None,line
"Korea, RGDP, Expenditure, Net exports of goods and services, Imports of goods and services, SA, KRW tn, 2013-19 trend","Korea, RGDP, Expenditure, Net exports of goods and services, Imports of goods and services, SA, KRW tn, 2013-19 trend",None,line
"Korea, RGDP, Expenditure, Net exports of goods and services, Imports of goods and services, Services, SA, KRW tn, 2013-19 trend","Korea, RGDP, Expenditure, Net exports of goods and services, Imports of goods and services, Services, SA, KRW tn, 2013-19 trend",None,line
"Korea, RGDP, Expenditure, SA, KRW tn, 2013-19 trend","Korea, RGDP, Expenditure, SA, KRW tn, 2013-19 trend",None,line
"Korea, RGDP, Expenditure, Statistical discrepancy, SA, KRW tn, 2013-19 trend","Korea, RGDP, Expenditure, Statistical discrepancy, SA, KRW tn, 2013-19 trend",None,line
"Korea, NGDP, Expenditure, Domestic demand, Gross capital formation, Gross fixed capital formation, Construction, Building construction, Non-residential buildings, SA, KRW tn, 2013-19 trend","Korea, NGDP, Expenditure, Domestic demand, Gross capital formation, Gross fixed capital formation, Construction, Building construction, Non-residential buildings, SA, KRW tn, 2013-19 trend",None,line
"Korea, NGDP, Expenditure, Domestic demand, Gross capital formation, Gross fixed capital formation, Construction, Building construction, Residential, SA, KRW tn, 2013-19 trend","Korea, NGDP, Expenditure, Domestic demand, Gross capital formation, Gross fixed capital formation, Construction, Building construction, Residential, SA, KRW tn, 2013-19 trend",None,line
"Korea, NGDP, Expenditure, Domestic demand, Gross capital formation, Gross fixed capital formation, Construction, Building construction, SA, KRW tn, 2013-19 trend","Korea, NGDP, Expenditure, Domestic demand, Gross capital formation, Gross fixed capital formation, Construction, Building construction, SA, KRW tn, 2013-19 trend",None,line
"Korea, NGDP, Expenditure, Domestic demand, Gross capital formation, Gross fixed capital formation, Construction, Civil engineering, SA, KRW tn, 2013-19 trend","Korea, NGDP, Expenditure, Domestic demand, Gross capital formation, Gross fixed capital formation, Construction, Civil engineering, SA, KRW tn, 2013-19 trend",None,line
"Korea, NGDP, Expenditure, Domestic demand, Gross capital formation, Gross fixed capital formation, Construction, SA, KRW tn, 2013-19 trend","Korea, NGDP, Expenditure, Domestic demand, Gross capital formation, Gross fixed capital formation, Construction, SA, KRW tn, 2013-19 trend",None,line
"Korea, NGDP, Expenditure, Domestic demand, Gross capital formation, Gross fixed capital formation, Facilities investment, Other machinery and equipment, SA, KRW tn, 2013-19 trend","Korea, NGDP, Expenditure, Domestic demand, Gross capital formation, Gross fixed capital formation, Facilities investment, Other machinery and equipment, SA, KRW tn, 2013-19 trend",None,line
"Korea, NGDP, Expenditure, Domestic demand, Gross capital formation, Gross fixed capital formation, Facilities investment, Transport equipment, SA, KRW tn, 2013-19 trend","Korea, NGDP, Expenditure, Domestic demand, Gross capital formation, Gross fixed capital formation, Facilities investment, Transport equipment, SA, KRW tn, 2013-19 trend",None,line
"Korea, NGDP, Expenditure, Domestic demand, Gross capital formation, Gross fixed capital formation, Intellectual property products, Other intellectual property products, SA, KRW tn, 2013-19 trend","Korea, NGDP, Expenditure, Domestic demand, Gross capital formation, Gross fixed capital formation, Intellectual property products, Other intellectual property products, SA, KRW tn, 2013-19 trend",None,line
"Korea, NGDP, Expenditure, Domestic demand, Gross capital formation, Gross fixed capital formation, Intellectual property products, Research and development, SA, KRW tn, 2013-19 trend","Korea, NGDP, Expenditure, Domestic demand, Gross capital formation, Gross fixed capital formation, Intellectual property products, Research and development, SA, KRW tn, 2013-19 trend",None,line
"Korea, NGDP, Expenditure, Domestic demand, Private consumption, Household consumption, Direct purchases abroad by resident households, SA, KRW tn, 2013-19 trend","Korea, NGDP, Expenditure, Domestic demand, Private consumption, Household consumption, Direct purchases abroad by resident households, SA, KRW tn, 2013-19 trend",None,line
"Korea, NGDP, Expenditure, Domestic demand, Private consumption, Household consumption, Direct purchases in the domestic market by non-resident households, SA, KRW tn, 2013-19 trend","Korea, NGDP, Expenditure, Domestic demand, Private consumption, Household consumption, Direct purchases in the domestic market by non-resident households, SA, KRW tn, 2013-19 trend",None,line
"Korea, NGDP, Expenditure, Domestic demand, Private consumption, Household consumption, Domestic final consumption, Durable goods, SA, KRW tn, 2013-19 trend","Korea, NGDP, Expenditure, Domestic demand, Private consumption, Household consumption, Domestic final consumption, Durable goods, SA, KRW tn, 2013-19 trend",None,line
"Korea, NGDP, Expenditure, Domestic demand, Private consumption, Household consumption, Domestic final consumption, Non-durable goods, SA, KRW tn, 2013-19 trend","Korea, NGDP, Expenditure, Domestic demand, Private consumption, Household consumption, Domestic final consumption, Non-durable goods, SA, KRW tn, 2013-19 trend",None,line
"Korea, NGDP, Expenditure, Domestic demand, Private consumption, Household consumption, Domestic final consumption, SA, KRW tn, 2013-19 trend","Korea, NGDP, Expenditure, Domestic demand, Private consumption, Household consumption, Domestic final consumption, SA, KRW tn, 2013-19 trend",None,line
"Korea, NGDP, Expenditure, Domestic demand, Private consumption, Household consumption, Domestic final consumption, Semi-durable goods, SA, KRW tn, 2013-19 trend","Korea, NGDP, Expenditure, Domestic demand, Private consumption, Household consumption, Domestic final consumption, Semi-durable goods, SA, KRW tn, 2013-19 trend",None,line
"Korea, NGDP, Expenditure, Domestic demand, Private consumption, Household consumption, Domestic final consumption, Services, SA, KRW tn, 2013-19 trend","Korea, NGDP, Expenditure, Domestic demand, Private consumption, Household consumption, Domestic final consumption, Services, SA, KRW tn, 2013-19 trend",None,line
"Korea, RGDP, Expenditure, Domestic demand, Gross capital formation, Gross fixed capital formation, Construction, Building construction, Non-residential buildings, SA, KRW tn, 2013-19 trend","Korea, RGDP, Expenditure, Domestic demand, Gross capital formation, Gross fixed capital formation, Construction, Building construction, Non-residential buildings, SA, KRW tn, 2013-19 trend",None,line
"Korea, RGDP, Expenditure, Domestic demand, Gross capital formation, Gross fixed capital formation, Construction, Building construction, Residential, SA, KRW tn, 2013-19 trend","Korea, RGDP, Expenditure, Domestic demand, Gross capital formation, Gross fixed capital formation, Construction, Building construction, Residential, SA, KRW tn, 2013-19 trend",None,line
"Korea, RGDP, Expenditure, Domestic demand, Gross capital formation, Gross fixed capital formation, Construction, Building construction, SA, KRW tn, 2013-19 trend","Korea, RGDP, Expenditure, Domestic demand, Gross capital formation, Gross fixed capital formation, Construction, Building construction, SA, KRW tn, 2013-19 trend",None,line
"Korea, RGDP, Expenditure, Domestic demand, Gross capital formation, Gross fixed capital formation, Construction, Civil engineering, SA, KRW tn, 2013-19 trend","Korea, RGDP, Expenditure, Domestic demand, Gross capital formation, Gross fixed capital formation, Construction, Civil engineering, SA, KRW tn, 2013-19 trend",None,line
"Korea, RGDP, Expenditure, Domestic demand, Gross capital formation, Gross fixed capital formation, Construction, SA, KRW tn, 2013-19 trend","Korea, RGDP, Expenditure, Domestic demand, Gross capital formation, Gross fixed capital formation, Construction, SA, KRW tn, 2013-19 trend",None,line
"Korea, RGDP, Expenditure, Domestic demand, Gross capital formation, Gross fixed capital formation, Facilities investment, Other machinery and equipment, SA, KRW tn, 2013-19 trend","Korea, RGDP, Expenditure, Domestic demand, Gross capital formation, Gross fixed capital formation, Facilities investment, Other machinery and equipment, SA, KRW tn, 2013-19 trend",None,line
"Korea, RGDP, Expenditure, Domestic demand, Gross capital formation, Gross fixed capital formation, Facilities investment, Transport equipment, SA, KRW tn, 2013-19 trend","Korea, RGDP, Expenditure, Domestic demand, Gross capital formation, Gross fixed capital formation, Facilities investment, Transport equipment, SA, KRW tn, 2013-19 trend",None,line
"Korea, RGDP, Expenditure, Domestic demand, Gross capital formation, Gross fixed capital formation, Intellectual property products, Other intellectual property products, SA, KRW tn, 2013-19 trend","Korea, RGDP, Expenditure, Domestic demand, Gross capital formation, Gross fixed capital formation, Intellectual property products, Other intellectual property products, SA, KRW tn, 2013-19 trend",None,line
"Korea, RGDP, Expenditure, Domestic demand, Gross capital formation, Gross fixed capital formation, Intellectual property products, Research and development, SA, KRW tn, 2013-19 trend","Korea, RGDP, Expenditure, Domestic demand, Gross capital formation, Gross fixed capital formation, Intellectual property products, Research and development, SA, KRW tn, 2013-19 trend",None,line
"Korea, RGDP, Expenditure, Domestic demand, Private consumption, Household consumption, Direct purchases abroad by resident households, SA, KRW tn, 2013-19 trend","Korea, RGDP, Expenditure, Domestic demand, Private consumption, Household consumption, Direct purchases abroad by resident households, SA, KRW tn, 2013-19 trend",None,line
"Korea, RGDP, Expenditure, Domestic demand, Private consumption, Household consumption, Direct purchases in the domestic market by non-resident households, SA, KRW tn, 2013-19 trend","Korea, RGDP, Expenditure, Domestic demand, Private consumption, Household consumption, Direct purchases in the domestic market by non-resident households, SA, KRW tn, 2013-19 trend",None,line
"Korea, RGDP, Expenditure, Domestic demand, Private consumption, Household consumption, Domestic final consumption, Durable goods, SA, KRW tn, 2013-19 trend","Korea, RGDP, Expenditure, Domestic demand, Private consumption, Household consumption, Domestic final consumption, Durable goods, SA, KRW tn, 2013-19 trend",None,line
"Korea, RGDP, Expenditure, Domestic demand, Private consumption, Household consumption, Domestic final consumption, Non-durable goods, SA, KRW tn, 2013-19 trend","Korea, RGDP, Expenditure, Domestic demand, Private consumption, Household consumption, Domestic final consumption, Non-durable goods, SA, KRW tn, 2013-19 trend",None,line
"Korea, RGDP, Expenditure, Domestic demand, Private consumption, Household consumption, Domestic final consumption, SA, KRW tn, 2013-19 trend","Korea, RGDP, Expenditure, Domestic demand, Private consumption, Household consumption, Domestic final consumption, SA, KRW tn, 2013-19 trend",None,line
"Korea, RGDP, Expenditure, Domestic demand, Private consumption, Household consumption, Domestic final consumption, Semi-durable goods, SA, KRW tn, 2013-19 trend","Korea, RGDP, Expenditure, Domestic demand, Private consumption, Household consumption, Domestic final consumption, Semi-durable goods, SA, KRW tn, 2013-19 trend",None,line
"Korea, RGDP, Expenditure, Domestic demand, Private consumption, Household consumption, Domestic final consumption, Services, SA, KRW tn, 2013-19 trend","Korea, RGDP, Expenditure, Domestic demand, Private consumption, Household consumption, Domestic final consumption, Services, SA, KRW tn, 2013-19 trend",None,line
"Korea, RGDI, SA, KRW tn, 2013-19 trend","Korea, RGDI, SA, KRW tn, 2013-19 trend",None,line
"Korea, RGDP, Trading gains, SA, KRW tn, 2013-19 trend","Korea, RGDP, Trading gains, SA, KRW tn, 2013-19 trend",None,line
"Korea, RGDP, ICT sector, Exports of goods, SA, KRW tn, 2013-19 trend","Korea, RGDP, ICT sector, Exports of goods, SA, KRW tn, 2013-19 trend",None,line
"Korea, RGDP, ICT sector, Imports of goods, SA, KRW tn, 2013-19 trend","Korea, RGDP, ICT sector, Imports of goods, SA, KRW tn, 2013-19 trend",None,line
"Korea, RGDP, ICT sector, Machinery and equipment investment, SA, KRW tn, 2013-19 trend","Korea, RGDP, ICT sector, Machinery and equipment investment, SA, KRW tn, 2013-19 trend",None,line
"Korea, RGDP, ICT sector, Private consumption expenditure, SA, KRW tn, 2013-19 trend","Korea, RGDP, ICT sector, Private consumption expenditure, SA, KRW tn, 2013-19 trend",None,line
"Korea, NGDP, GNI, SA, KRW tn, 2013-19 trend","Korea, NGDP, GNI, SA, KRW tn, 2013-19 trend",None,line
"Korea, RGDP, GNI, SA, KRW tn, 2013-19 trend","Korea, RGDP, GNI, SA, KRW tn, 2013-19 trend",None,line
"Korea, NGDP, Expenditure, Domestic demand, Gross capital formation, Gross fixed capital formation, Construction, Residential, SA, KRW tn, 2013-19 trend","Korea, NGDP, Expenditure, Domestic demand, Gross capital formation, Gross fixed capital formation, Construction, Residential, SA, KRW tn, 2013-19 trend",None,line
"Korea, NGDP, Expenditure, Domestic demand, Gross capital formation, Gross fixed capital formation, Construction, Non-residential, SA, KRW tn, 2013-19 trend","Korea, NGDP, Expenditure, Domestic demand, Gross capital formation, Gross fixed capital formation, Construction, Non-residential, SA, KRW tn, 2013-19 trend",None,line
"Korea, NGDP, Expenditure, Domestic demand, Gross capital formation, Gross fixed capital formation, Construction, Other buildings and structures, SA, KRW tn, 2013-19 trend","Korea, NGDP, Expenditure, Domestic demand, Gross capital formation, Gross fixed capital formation, Construction, Other buildings and structures, SA, KRW tn, 2013-19 trend",None,line
"Korea, NGDP, Expenditure, Domestic demand, Gross capital formation, Gross fixed capital formation, Transport equipment, SA, KRW tn, 2013-19 trend","Korea, NGDP, Expenditure, Domestic demand, Gross capital formation, Gross fixed capital formation, Transport equipment, SA, KRW tn, 2013-19 trend",None,line
"Korea, NGDP, Expenditure, Domestic demand, Gross capital formation, Gross fixed capital formation, Other machinery and equipment, SA, KRW tn, 2013-19 trend","Korea, NGDP, Expenditure, Domestic demand, Gross capital formation, Gross fixed capital formation, Other machinery and equipment, SA, KRW tn, 2013-19 trend",None,line
"Korea, NGDP, Expenditure, Domestic demand, Private consumption, Household consumption, Domestic final consumption, Goods, SA, KRW tn, 2013-19 trend","Korea, NGDP, Expenditure, Domestic demand, Private consumption, Household consumption, Domestic final consumption, Goods, SA, KRW tn, 2013-19 trend",None,line
"Korea, RGDP, Expenditure, Domestic demand, Gross capital formation, Gross fixed capital formation, Construction, Residential, SA, KRW tn, 2013-19 trend","Korea, RGDP, Expenditure, Domestic demand, Gross capital formation, Gross fixed capital formation, Construction, Residential, SA, KRW tn, 2013-19 trend",None,line
"Korea, RGDP, Expenditure, Domestic demand, Gross capital formation, Gross fixed capital formation, Construction, Non-residential, SA, KRW tn, 2013-19 trend","Korea, RGDP, Expenditure, Domestic demand, Gross capital formation, Gross fixed capital formation, Construction, Non-residential, SA, KRW tn, 2013-19 trend",None,line
"Korea, RGDP, Expenditure, Domestic demand, Gross capital formation, Gross fixed capital formation, Construction, Other buildings and structures, SA, KRW tn, 2013-19 trend","Korea, RGDP, Expenditure, Domestic demand, Gross capital formation, Gross fixed capital formation, Construction, Other buildings and structures, SA, KRW tn, 2013-19 trend",None,line
"Korea, RGDP, Expenditure, Domestic demand, Gross capital formation, Gross fixed capital formation, Transport equipment, SA, KRW tn, 2013-19 trend","Korea, RGDP, Expenditure, Domestic demand, Gross capital formation, Gross fixed capital formation, Transport equipment, SA, KRW tn, 2013-19 trend",None,line
"Korea, RGDP, Expenditure, Domestic demand, Gross capital formation, Gross fixed capital formation, Other machinery and equipment, SA, KRW tn, 2013-19 trend","Korea, RGDP, Expenditure, Domestic demand, Gross capital formation, Gross fixed capital formation, Other machinery and equipment, SA, KRW tn, 2013-19 trend",None,line
"Korea, RGDP, Expenditure, Domestic demand, Private consumption, Household consumption, Domestic final consumption, Goods, SA, KRW tn, 2013-19 trend","Korea, RGDP, Expenditure, Domestic demand, Private consumption, Household consumption, Domestic final consumption, Goods, SA, KRW tn, 2013-19 trend",None,line
"Korea, NGDP, Expenditure, Domestic demand, SA, KRW tn, 2013-19 trend","Korea, NGDP, Expenditure, Domestic demand, SA, KRW tn, 2013-19 trend",None,line
"Korea, NGDP, Expenditure, Domestic demand, Excluding inventories, SA, KRW tn, 2013-19 trend","Korea, NGDP, Expenditure, Domestic demand, Excluding inventories, SA, KRW tn, 2013-19 trend",None,line
"Korea, NGDP, Expenditure, Domestic demand, Private, Excluding inventories, SA, KRW tn, 2013-19 trend","Korea, NGDP, Expenditure, Domestic demand, Private, Excluding inventories, SA, KRW tn, 2013-19 trend",None,line
"Korea, NGDP, Expenditure, Domestic demand, Public, Excluding inventories, SA, KRW tn, 2013-19 trend","Korea, NGDP, Expenditure, Domestic demand, Public, Excluding inventories, SA, KRW tn, 2013-19 trend",None,line
"Korea, RGDP, Expenditure, Domestic demand, SA, KRW tn, 2013-19 trend","Korea, RGDP, Expenditure, Domestic demand, SA, KRW tn, 2013-19 trend",None,line
"Korea, RGDP, Expenditure, Domestic demand, Excluding inventories, SA, KRW tn, 2013-19 trend","Korea, RGDP, Expenditure, Domestic demand, Excluding inventories, SA, KRW tn, 2013-19 trend",None,line
"Korea, RGDP, Expenditure, Domestic demand, Private, Excluding inventories, SA, KRW tn, 2013-19 trend","Korea, RGDP, Expenditure, Domestic demand, Private, Excluding inventories, SA, KRW tn, 2013-19 trend",None,line
"Korea, RGDP, Expenditure, Domestic demand, Public, Excluding inventories, SA, KRW tn, 2013-19 trend","Korea, RGDP, Expenditure, Domestic demand, Public, Excluding inventories, SA, KRW tn, 2013-19 trend",None,line
"Korea, NGDP, Expenditure, Domestic demand, Final consumption expenditure, SA, KRW tn, Poly 2013-19 trend","Korea, NGDP, Expenditure, Domestic demand, Final consumption expenditure, SA, KRW tn, Poly 2013-19 trend",None,line
"Korea, NGDP, Expenditure, Domestic demand, Government consumption, SA, KRW tn, Poly 2013-19 trend","Korea, NGDP, Expenditure, Domestic demand, Government consumption, SA, KRW tn, Poly 2013-19 trend",None,line
"Korea, NGDP, Expenditure, Domestic demand, Gross capital formation, Gross fixed capital formation, Buildings and structures, SA, KRW tn, Poly 2013-19 trend","Korea, NGDP, Expenditure, Domestic demand, Gross capital formation, Gross fixed capital formation, Buildings and structures, SA, KRW tn, Poly 2013-19 trend",None,line
"Korea, NGDP, Expenditure, Domestic demand, Gross capital formation, Gross fixed capital formation, Facilities investment, SA, KRW tn, Poly 2013-19 trend","Korea, NGDP, Expenditure, Domestic demand, Gross capital formation, Gross fixed capital formation, Facilities investment, SA, KRW tn, Poly 2013-19 trend",None,line
"Korea, NGDP, Expenditure, Domestic demand, Gross capital formation, Gross fixed capital formation, Public, SA, KRW tn, Poly 2013-19 trend","Korea, NGDP, Expenditure, Domestic demand, Gross capital formation, Gross fixed capital formation, Public, SA, KRW tn, Poly 2013-19 trend",None,line
"Korea, NGDP, Expenditure, Domestic demand, Gross capital formation, Gross fixed capital formation, Intellectual property products, SA, KRW tn, Poly 2013-19 trend","Korea, NGDP, Expenditure, Domestic demand, Gross capital formation, Gross fixed capital formation, Intellectual property products, SA, KRW tn, Poly 2013-19 trend",None,line
"Korea, NGDP, Expenditure, Domestic demand, Gross capital formation, Gross fixed capital formation, Private, SA, KRW tn, Poly 2013-19 trend","Korea, NGDP, Expenditure, Domestic demand, Gross capital formation, Gross fixed capital formation, Private, SA, KRW tn, Poly 2013-19 trend",None,line
"Korea, NGDP, Expenditure, Domestic demand, Gross capital formation, Gross fixed capital formation, SA, KRW tn, Poly 2013-19 trend","Korea, NGDP, Expenditure, Domestic demand, Gross capital formation, Gross fixed capital formation, SA, KRW tn, Poly 2013-19 trend",None,line
"Korea, NGDP, Expenditure, Domestic demand, Gross capital formation, Inventories, SA, KRW tn, Poly 2013-19 trend","Korea, NGDP, Expenditure, Domestic demand, Gross capital formation, Inventories, SA, KRW tn, Poly 2013-19 trend",None,line
"Korea, NGDP, Expenditure, Domestic demand, Gross capital formation, SA, KRW tn, Poly 2013-19 trend","Korea, NGDP, Expenditure, Domestic demand, Gross capital formation, SA, KRW tn, Poly 2013-19 trend",None,line
"Korea, NGDP, Expenditure, Domestic demand, Private consumption, Household consumption, SA, KRW tn, Poly 2013-19 trend","Korea, NGDP, Expenditure, Domestic demand, Private consumption, Household consumption, SA, KRW tn, Poly 2013-19 trend",None,line
"Korea, NGDP, Expenditure, Domestic demand, Private consumption, Non-profit institutions serving households, SA, KRW tn, Poly 2013-19 trend","Korea, NGDP, Expenditure, Domestic demand, Private consumption, Non-profit institutions serving households, SA, KRW tn, Poly 2013-19 trend",None,line
"Korea, NGDP, Expenditure, Domestic demand, Private consumption, SA, KRW tn, Poly 2013-19 trend","Korea, NGDP, Expenditure, Domestic demand, Private consumption, SA, KRW tn, Poly 2013-19 trend",None,line
"Korea, NGDP, Expenditure, GDP, SA, KRW tn, Poly 2013-19 trend","Korea, NGDP, Expenditure, GDP, SA, KRW tn, Poly 2013-19 trend",None,line
"Korea, NGDP, Expenditure, Net exports of goods and services, Exports of goods and services, Goods, SA, KRW tn, Poly 2013-19 trend","Korea, NGDP, Expenditure, Net exports of goods and services, Exports of goods and services, Goods, SA, KRW tn, Poly 2013-19 trend",None,line
"Korea, NGDP, Expenditure, Net exports of goods and services, Exports of goods and services, SA, KRW tn, Poly 2013-19 trend","Korea, NGDP, Expenditure, Net exports of goods and services, Exports of goods and services, SA, KRW tn, Poly 2013-19 trend",None,line
"Korea, NGDP, Expenditure, Net exports of goods and services, Exports of goods and services, Services, SA, KRW tn, Poly 2013-19 trend","Korea, NGDP, Expenditure, Net exports of goods and services, Exports of goods and services, Services, SA, KRW tn, Poly 2013-19 trend",None,line
"Korea, NGDP, Expenditure, Net exports of goods and services, Imports of goods and services, Goods, SA, KRW tn, Poly 2013-19 trend","Korea, NGDP, Expenditure, Net exports of goods and services, Imports of goods and services, Goods, SA, KRW tn, Poly 2013-19 trend",None,line
"Korea, NGDP, Expenditure, Net exports of goods and services, Imports of goods and services, SA, KRW tn, Poly 2013-19 trend","Korea, NGDP, Expenditure, Net exports of goods and services, Imports of goods and services, SA, KRW tn, Poly 2013-19 trend",None,line
"Korea, NGDP, Expenditure, Net exports of goods and services, Imports of goods and services, Services, SA, KRW tn, Poly 2013-19 trend","Korea, NGDP, Expenditure, Net exports of goods and services, Imports of goods and services, Services, SA, KRW tn, Poly 2013-19 trend",None,line
"Korea, NGDP, Expenditure, SA, KRW tn, Poly 2013-19 trend","Korea, NGDP, Expenditure, SA, KRW tn, Poly 2013-19 trend",None,line
"Korea, NGDP, Expenditure, Statistical discrepancy, SA, KRW tn, Poly 2013-19 trend","Korea, NGDP, Expenditure, Statistical discrepancy, SA, KRW tn, Poly 2013-19 trend",None,line
"Korea, NGDP, Income, Compensation of employees, SA, KRW tn, Poly 2013-19 trend","Korea, NGDP, Income, Compensation of employees, SA, KRW tn, Poly 2013-19 trend",None,line
"Korea, NGDP, Income, Gross operating surplus, SA, KRW tn, Poly 2013-19 trend","Korea, NGDP, Income, Gross operating surplus, SA, KRW tn, Poly 2013-19 trend",None,line
"Korea, NGDP, Income, SA, KRW tn, Poly 2013-19 trend","Korea, NGDP, Income, SA, KRW tn, Poly 2013-19 trend",None,line
"Korea, NGDP, Income, Taxes on production and imports less subsidies, SA, KRW tn, Poly 2013-19 trend","Korea, NGDP, Income, Taxes on production and imports less subsidies, SA, KRW tn, Poly 2013-19 trend",None,line
"Korea, RGDP, Expenditure, Domestic demand, Final consumption expenditure, SA, KRW tn, Poly 2013-19 trend","Korea, RGDP, Expenditure, Domestic demand, Final consumption expenditure, SA, KRW tn, Poly 2013-19 trend",None,line
"Korea, RGDP, Expenditure, Domestic demand, Government consumption, SA, KRW tn, Poly 2013-19 trend","Korea, RGDP, Expenditure, Domestic demand, Government consumption, SA, KRW tn, Poly 2013-19 trend",None,line
"Korea, RGDP, Expenditure, Domestic demand, Gross capital formation, Gross fixed capital formation, Buildings and structures, SA, KRW tn, Poly 2013-19 trend","Korea, RGDP, Expenditure, Domestic demand, Gross capital formation, Gross fixed capital formation, Buildings and structures, SA, KRW tn, Poly 2013-19 trend",None,line
"Korea, RGDP, Expenditure, Domestic demand, Gross capital formation, Gross fixed capital formation, Facilities investment, SA, KRW tn, Poly 2013-19 trend","Korea, RGDP, Expenditure, Domestic demand, Gross capital formation, Gross fixed capital formation, Facilities investment, SA, KRW tn, Poly 2013-19 trend",None,line
"Korea, RGDP, Expenditure, Domestic demand, Gross capital formation, Gross fixed capital formation, Public, SA, KRW tn, Poly 2013-19 trend","Korea, RGDP, Expenditure, Domestic demand, Gross capital formation, Gross fixed capital formation, Public, SA, KRW tn, Poly 2013-19 trend",None,line
"Korea, RGDP, Expenditure, Domestic demand, Gross capital formation, Gross fixed capital formation, Intellectual property products, SA, KRW tn, Poly 2013-19 trend","Korea, RGDP, Expenditure, Domestic demand, Gross capital formation, Gross fixed capital formation, Intellectual property products, SA, KRW tn, Poly 2013-19 trend",None,line
"Korea, RGDP, Expenditure, Domestic demand, Gross capital formation, Gross fixed capital formation, Private, SA, KRW tn, Poly 2013-19 trend","Korea, RGDP, Expenditure, Domestic demand, Gross capital formation, Gross fixed capital formation, Private, SA, KRW tn, Poly 2013-19 trend",None,line
"Korea, RGDP, Expenditure, Domestic demand, Gross capital formation, Gross fixed capital formation, SA, KRW tn, Poly 2013-19 trend","Korea, RGDP, Expenditure, Domestic demand, Gross capital formation, Gross fixed capital formation, SA, KRW tn, Poly 2013-19 trend",None,line
"Korea, RGDP, Expenditure, Domestic demand, Gross capital formation, Inventories, SA, KRW tn, Poly 2013-19 trend","Korea, RGDP, Expenditure, Domestic demand, Gross capital formation, Inventories, SA, KRW tn, Poly 2013-19 trend",None,line
"Korea, RGDP, Expenditure, Domestic demand, Gross capital formation, SA, KRW tn, Poly 2013-19 trend","Korea, RGDP, Expenditure, Domestic demand, Gross capital formation, SA, KRW tn, Poly 2013-19 trend",None,line
"Korea, RGDP, Expenditure, Domestic demand, Private consumption, Household consumption, SA, KRW tn, Poly 2013-19 trend","Korea, RGDP, Expenditure, Domestic demand, Private consumption, Household consumption, SA, KRW tn, Poly 2013-19 trend",None,line
"Korea, RGDP, Expenditure, Domestic demand, Private consumption, Non-profit institutions serving households, SA, KRW tn, Poly 2013-19 trend","Korea, RGDP, Expenditure, Domestic demand, Private consumption, Non-profit institutions serving households, SA, KRW tn, Poly 2013-19 trend",None,line
"Korea, RGDP, Expenditure, Domestic demand, Private consumption, SA, KRW tn, Poly 2013-19 trend","Korea, RGDP, Expenditure, Domestic demand, Private consumption, SA, KRW tn, Poly 2013-19 trend",None,line
"Korea, RGDP, Expenditure, Net exports of goods and services, Exports of goods and services, Goods, SA, KRW tn, Poly 2013-19 trend","Korea, RGDP, Expenditure, Net exports of goods and services, Exports of goods and services, Goods, SA, KRW tn, Poly 2013-19 trend",None,line
"Korea, RGDP, Expenditure, Net exports of goods and services, Exports of goods and services, SA, KRW tn, Poly 2013-19 trend","Korea, RGDP, Expenditure, Net exports of goods and services, Exports of goods and services, SA, KRW tn, Poly 2013-19 trend",None,line
"Korea, RGDP, Expenditure, Net exports of goods and services, Exports of goods and services, Services, SA, KRW tn, Poly 2013-19 trend","Korea, RGDP, Expenditure, Net exports of goods and services, Exports of goods and services, Services, SA, KRW tn, Poly 2013-19 trend",None,line
"Korea, RGDP, Expenditure, Net exports of goods and services, Imports of goods and services, Goods, SA, KRW tn, Poly 2013-19 trend","Korea, RGDP, Expenditure, Net exports of goods and services, Imports of goods and services, Goods, SA, KRW tn, Poly 2013-19 trend",None,line
"Korea, RGDP, Expenditure, Net exports of goods and services, Imports of goods and services, SA, KRW tn, Poly 2013-19 trend","Korea, RGDP, Expenditure, Net exports of goods and services, Imports of goods and services, SA, KRW tn, Poly 2013-19 trend",None,line
"Korea, RGDP, Expenditure, Net exports of goods and services, Imports of goods and services, Services, SA, KRW tn, Poly 2013-19 trend","Korea, RGDP, Expenditure, Net exports of goods and services, Imports of goods and services, Services, SA, KRW tn, Poly 2013-19 trend",None,line
"Korea, RGDP, Expenditure, SA, KRW tn, Poly 2013-19 trend","Korea, RGDP, Expenditure, SA, KRW tn, Poly 2013-19 trend",None,line
"Korea, RGDP, Expenditure, Statistical discrepancy, SA, KRW tn, Poly 2013-19 trend","Korea, RGDP, Expenditure, Statistical discrepancy, SA, KRW tn, Poly 2013-19 trend",None,line
"Korea, NGDP, Expenditure, Domestic demand, Gross capital formation, Gross fixed capital formation, Construction, Building construction, Non-residential buildings, SA, KRW tn, Poly 2013-19 trend","Korea, NGDP, Expenditure, Domestic demand, Gross capital formation, Gross fixed capital formation, Construction, Building construction, Non-residential buildings, SA, KRW tn, Poly 2013-19 trend",None,line
"Korea, NGDP, Expenditure, Domestic demand, Gross capital formation, Gross fixed capital formation, Construction, Building construction, Residential, SA, KRW tn, Poly 2013-19 trend","Korea, NGDP, Expenditure, Domestic demand, Gross capital formation, Gross fixed capital formation, Construction, Building construction, Residential, SA, KRW tn, Poly 2013-19 trend",None,line
"Korea, NGDP, Expenditure, Domestic demand, Gross capital formation, Gross fixed capital formation, Construction, Building construction, SA, KRW tn, Poly 2013-19 trend","Korea, NGDP, Expenditure, Domestic demand, Gross capital formation, Gross fixed capital formation, Construction, Building construction, SA, KRW tn, Poly 2013-19 trend",None,line
"Korea, NGDP, Expenditure, Domestic demand, Gross capital formation, Gross fixed capital formation, Construction, Civil engineering, SA, KRW tn, Poly 2013-19 trend","Korea, NGDP, Expenditure, Domestic demand, Gross capital formation, Gross fixed capital formation, Construction, Civil engineering, SA, KRW tn, Poly 2013-19 trend",None,line
"Korea, NGDP, Expenditure, Domestic demand, Gross capital formation, Gross fixed capital formation, Construction, SA, KRW tn, Poly 2013-19 trend","Korea, NGDP, Expenditure, Domestic demand, Gross capital formation, Gross fixed capital formation, Construction, SA, KRW tn, Poly 2013-19 trend",None,line
"Korea, NGDP, Expenditure, Domestic demand, Gross capital formation, Gross fixed capital formation, Facilities investment, Other machinery and equipment, SA, KRW tn, Poly 2013-19 trend","Korea, NGDP, Expenditure, Domestic demand, Gross capital formation, Gross fixed capital formation, Facilities investment, Other machinery and equipment, SA, KRW tn, Poly 2013-19 trend",None,line
"Korea, NGDP, Expenditure, Domestic demand, Gross capital formation, Gross fixed capital formation, Facilities investment, Transport equipment, SA, KRW tn, Poly 2013-19 trend","Korea, NGDP, Expenditure, Domestic demand, Gross capital formation, Gross fixed capital formation, Facilities investment, Transport equipment, SA, KRW tn, Poly 2013-19 trend",None,line
"Korea, NGDP, Expenditure, Domestic demand, Gross capital formation, Gross fixed capital formation, Intellectual property products, Other intellectual property products, SA, KRW tn, Poly 2013-19 trend","Korea, NGDP, Expenditure, Domestic demand, Gross capital formation, Gross fixed capital formation, Intellectual property products, Other intellectual property products, SA, KRW tn, Poly 2013-19 trend",None,line
"Korea, NGDP, Expenditure, Domestic demand, Gross capital formation, Gross fixed capital formation, Intellectual property products, Research and development, SA, KRW tn, Poly 2013-19 trend","Korea, NGDP, Expenditure, Domestic demand, Gross capital formation, Gross fixed capital formation, Intellectual property products, Research and development, SA, KRW tn, Poly 2013-19 trend",None,line
"Korea, NGDP, Expenditure, Domestic demand, Private consumption, Household consumption, Direct purchases abroad by resident households, SA, KRW tn, Poly 2013-19 trend","Korea, NGDP, Expenditure, Domestic demand, Private consumption, Household consumption, Direct purchases abroad by resident households, SA, KRW tn, Poly 2013-19 trend",None,line
"Korea, NGDP, Expenditure, Domestic demand, Private consumption, Household consumption, Direct purchases in the domestic market by non-resident households, SA, KRW tn, Poly 2013-19 trend","Korea, NGDP, Expenditure, Domestic demand, Private consumption, Household consumption, Direct purchases in the domestic market by non-resident households, SA, KRW tn, Poly 2013-19 trend",None,line
"Korea, NGDP, Expenditure, Domestic demand, Private consumption, Household consumption, Domestic final consumption, Durable goods, SA, KRW tn, Poly 2013-19 trend","Korea, NGDP, Expenditure, Domestic demand, Private consumption, Household consumption, Domestic final consumption, Durable goods, SA, KRW tn, Poly 2013-19 trend",None,line
"Korea, NGDP, Expenditure, Domestic demand, Private consumption, Household consumption, Domestic final consumption, Non-durable goods, SA, KRW tn, Poly 2013-19 trend","Korea, NGDP, Expenditure, Domestic demand, Private consumption, Household consumption, Domestic final consumption, Non-durable goods, SA, KRW tn, Poly 2013-19 trend",None,line
"Korea, NGDP, Expenditure, Domestic demand, Private consumption, Household consumption, Domestic final consumption, SA, KRW tn, Poly 2013-19 trend","Korea, NGDP, Expenditure, Domestic demand, Private consumption, Household consumption, Domestic final consumption, SA, KRW tn, Poly 2013-19 trend",None,line
"Korea, NGDP, Expenditure, Domestic demand, Private consumption, Household consumption, Domestic final consumption, Semi-durable goods, SA, KRW tn, Poly 2013-19 trend","Korea, NGDP, Expenditure, Domestic demand, Private consumption, Household consumption, Domestic final consumption, Semi-durable goods, SA, KRW tn, Poly 2013-19 trend",None,line
"Korea, NGDP, Expenditure, Domestic demand, Private consumption, Household consumption, Domestic final consumption, Services, SA, KRW tn, Poly 2013-19 trend","Korea, NGDP, Expenditure, Domestic demand, Private consumption, Household consumption, Domestic final consumption, Services, SA, KRW tn, Poly 2013-19 trend",None,line
"Korea, RGDP, Expenditure, Domestic demand, Gross capital formation, Gross fixed capital formation, Construction, Building construction, Non-residential buildings, SA, KRW tn, Poly 2013-19 trend","Korea, RGDP, Expenditure, Domestic demand, Gross capital formation, Gross fixed capital formation, Construction, Building construction, Non-residential buildings, SA, KRW tn, Poly 2013-19 trend",None,line
"Korea, RGDP, Expenditure, Domestic demand, Gross capital formation, Gross fixed capital formation, Construction, Building construction, Residential, SA, KRW tn, Poly 2013-19 trend","Korea, RGDP, Expenditure, Domestic demand, Gross capital formation, Gross fixed capital formation, Construction, Building construction, Residential, SA, KRW tn, Poly 2013-19 trend",None,line
"Korea, RGDP, Expenditure, Domestic demand, Gross capital formation, Gross fixed capital formation, Construction, Building construction, SA, KRW tn, Poly 2013-19 trend","Korea, RGDP, Expenditure, Domestic demand, Gross capital formation, Gross fixed capital formation, Construction, Building construction, SA, KRW tn, Poly 2013-19 trend",None,line
"Korea, RGDP, Expenditure, Domestic demand, Gross capital formation, Gross fixed capital formation, Construction, Civil engineering, SA, KRW tn, Poly 2013-19 trend","Korea, RGDP, Expenditure, Domestic demand, Gross capital formation, Gross fixed capital formation, Construction, Civil engineering, SA, KRW tn, Poly 2013-19 trend",None,line
"Korea, RGDP, Expenditure, Domestic demand, Gross capital formation, Gross fixed capital formation, Construction, SA, KRW tn, Poly 2013-19 trend","Korea, RGDP, Expenditure, Domestic demand, Gross capital formation, Gross fixed capital formation, Construction, SA, KRW tn, Poly 2013-19 trend",None,line
"Korea, RGDP, Expenditure, Domestic demand, Gross capital formation, Gross fixed capital formation, Facilities investment, Other machinery and equipment, SA, KRW tn, Poly 2013-19 trend","Korea, RGDP, Expenditure, Domestic demand, Gross capital formation, Gross fixed capital formation, Facilities investment, Other machinery and equipment, SA, KRW tn, Poly 2013-19 trend",None,line
"Korea, RGDP, Expenditure, Domestic demand, Gross capital formation, Gross fixed capital formation, Facilities investment, Transport equipment, SA, KRW tn, Poly 2013-19 trend","Korea, RGDP, Expenditure, Domestic demand, Gross capital formation, Gross fixed capital formation, Facilities investment, Transport equipment, SA, KRW tn, Poly 2013-19 trend",None,line
"Korea, RGDP, Expenditure, Domestic demand, Gross capital formation, Gross fixed capital formation, Intellectual property products, Other intellectual property products, SA, KRW tn, Poly 2013-19 trend","Korea, RGDP, Expenditure, Domestic demand, Gross capital formation, Gross fixed capital formation, Intellectual property products, Other intellectual property products, SA, KRW tn, Poly 2013-19 trend",None,line
"Korea, RGDP, Expenditure, Domestic demand, Gross capital formation, Gross fixed capital formation, Intellectual property products, Research and development, SA, KRW tn, Poly 2013-19 trend","Korea, RGDP, Expenditure, Domestic demand, Gross capital formation, Gross fixed capital formation, Intellectual property products, Research and development, SA, KRW tn, Poly 2013-19 trend",None,line
"Korea, RGDP, Expenditure, Domestic demand, Private consumption, Household consumption, Direct purchases abroad by resident households, SA, KRW tn, Poly 2013-19 trend","Korea, RGDP, Expenditure, Domestic demand, Private consumption, Household consumption, Direct purchases abroad by resident households, SA, KRW tn, Poly 2013-19 trend",None,line
"Korea, RGDP, Expenditure, Domestic demand, Private consumption, Household consumption, Direct purchases in the domestic market by non-resident households, SA, KRW tn, Poly 2013-19 trend","Korea, RGDP, Expenditure, Domestic demand, Private consumption, Household consumption, Direct purchases in the domestic market by non-resident households, SA, KRW tn, Poly 2013-19 trend",None,line
"Korea, RGDP, Expenditure, Domestic demand, Private consumption, Household consumption, Domestic final consumption, Durable goods, SA, KRW tn, Poly 2013-19 trend","Korea, RGDP, Expenditure, Domestic demand, Private consumption, Household consumption, Domestic final consumption, Durable goods, SA, KRW tn, Poly 2013-19 trend",None,line
"Korea, RGDP, Expenditure, Domestic demand, Private consumption, Household consumption, Domestic final consumption, Non-durable goods, SA, KRW tn, Poly 2013-19 trend","Korea, RGDP, Expenditure, Domestic demand, Private consumption, Household consumption, Domestic final consumption, Non-durable goods, SA, KRW tn, Poly 2013-19 trend",None,line
"Korea, RGDP, Expenditure, Domestic demand, Private consumption, Household consumption, Domestic final consumption, SA, KRW tn, Poly 2013-19 trend","Korea, RGDP, Expenditure, Domestic demand, Private consumption, Household consumption, Domestic final consumption, SA, KRW tn, Poly 2013-19 trend",None,line
"Korea, RGDP, Expenditure, Domestic demand, Private consumption, Household consumption, Domestic final consumption, Semi-durable goods, SA, KRW tn, Poly 2013-19 trend","Korea, RGDP, Expenditure, Domestic demand, Private consumption, Household consumption, Domestic final consumption, Semi-durable goods, SA, KRW tn, Poly 2013-19 trend",None,line
"Korea, RGDP, Expenditure, Domestic demand, Private consumption, Household consumption, Domestic final consumption, Services, SA, KRW tn, Poly 2013-19 trend","Korea, RGDP, Expenditure, Domestic demand, Private consumption, Household consumption, Domestic final consumption, Services, SA, KRW tn, Poly 2013-19 trend",None,line
"Korea, RGDI, SA, KRW tn, Poly 2013-19 trend","Korea, RGDI, SA, KRW tn, Poly 2013-19 trend",None,line
"Korea, RGDP, Trading gains, SA, KRW tn, Poly 2013-19 trend","Korea, RGDP, Trading gains, SA, KRW tn, Poly 2013-19 trend",None,line
"Korea, RGDP, ICT sector, Exports of goods, SA, KRW tn, Poly 2013-19 trend","Korea, RGDP, ICT sector, Exports of goods, SA, KRW tn, Poly 2013-19 trend",None,line
"Korea, RGDP, ICT sector, Imports of goods, SA, KRW tn, Poly 2013-19 trend","Korea, RGDP, ICT sector, Imports of goods, SA, KRW tn, Poly 2013-19 trend",None,line
"Korea, RGDP, ICT sector, Machinery and equipment investment, SA, KRW tn, Poly 2013-19 trend","Korea, RGDP, ICT sector, Machinery and equipment investment, SA, KRW tn, Poly 2013-19 trend",None,line
"Korea, RGDP, ICT sector, Private consumption expenditure, SA, KRW tn, Poly 2013-19 trend","Korea, RGDP, ICT sector, Private consumption expenditure, SA, KRW tn, Poly 2013-19 trend",None,line
"Korea, NGDP, GNI, SA, KRW tn, Poly 2013-19 trend","Korea, NGDP, GNI, SA, KRW tn, Poly 2013-19 trend",None,line
"Korea, RGDP, GNI, SA, KRW tn, Poly 2013-19 trend","Korea, RGDP, GNI, SA, KRW tn, Poly 2013-19 trend",None,line
"Korea, NGDP, Expenditure, Domestic demand, Gross capital formation, Gross fixed capital formation, Construction, Residential, SA, KRW tn, Poly 2013-19 trend","Korea, NGDP, Expenditure, Domestic demand, Gross capital formation, Gross fixed capital formation, Construction, Residential, SA, KRW tn, Poly 2013-19 trend",None,line
"Korea, NGDP, Expenditure, Domestic demand, Gross capital formation, Gross fixed capital formation, Construction, Non-residential, SA, KRW tn, Poly 2013-19 trend","Korea, NGDP, Expenditure, Domestic demand, Gross capital formation, Gross fixed capital formation, Construction, Non-residential, SA, KRW tn, Poly 2013-19 trend",None,line
"Korea, NGDP, Expenditure, Domestic demand, Gross capital formation, Gross fixed capital formation, Construction, Other buildings and structures, SA, KRW tn, Poly 2013-19 trend","Korea, NGDP, Expenditure, Domestic demand, Gross capital formation, Gross fixed capital formation, Construction, Other buildings and structures, SA, KRW tn, Poly 2013-19 trend",None,line
"Korea, NGDP, Expenditure, Domestic demand, Gross capital formation, Gross fixed capital formation, Transport equipment, SA, KRW tn, Poly 2013-19 trend","Korea, NGDP, Expenditure, Domestic demand, Gross capital formation, Gross fixed capital formation, Transport equipment, SA, KRW tn, Poly 2013-19 trend",None,line
"Korea, NGDP, Expenditure, Domestic demand, Gross capital formation, Gross fixed capital formation, Other machinery and equipment, SA, KRW tn, Poly 2013-19 trend","Korea, NGDP, Expenditure, Domestic demand, Gross capital formation, Gross fixed capital formation, Other machinery and equipment, SA, KRW tn, Poly 2013-19 trend",None,line
"Korea, NGDP, Expenditure, Domestic demand, Private consumption, Household consumption, Domestic final consumption, Goods, SA, KRW tn, Poly 2013-19 trend","Korea, NGDP, Expenditure, Domestic demand, Private consumption, Household consumption, Domestic final consumption, Goods, SA, KRW tn, Poly 2013-19 trend",None,line
"Korea, RGDP, Expenditure, Domestic demand, Gross capital formation, Gross fixed capital formation, Construction, Residential, SA, KRW tn, Poly 2013-19 trend","Korea, RGDP, Expenditure, Domestic demand, Gross capital formation, Gross fixed capital formation, Construction, Residential, SA, KRW tn, Poly 2013-19 trend",None,line
"Korea, RGDP, Expenditure, Domestic demand, Gross capital formation, Gross fixed capital formation, Construction, Non-residential, SA, KRW tn, Poly 2013-19 trend","Korea, RGDP, Expenditure, Domestic demand, Gross capital formation, Gross fixed capital formation, Construction, Non-residential, SA, KRW tn, Poly 2013-19 trend",None,line
"Korea, RGDP, Expenditure, Domestic demand, Gross capital formation, Gross fixed capital formation, Construction, Other buildings and structures, SA, KRW tn, Poly 2013-19 trend","Korea, RGDP, Expenditure, Domestic demand, Gross capital formation, Gross fixed capital formation, Construction, Other buildings and structures, SA, KRW tn, Poly 2013-19 trend",None,line
"Korea, RGDP, Expenditure, Domestic demand, Gross capital formation, Gross fixed capital formation, Transport equipment, SA, KRW tn, Poly 2013-19 trend","Korea, RGDP, Expenditure, Domestic demand, Gross capital formation, Gross fixed capital formation, Transport equipment, SA, KRW tn, Poly 2013-19 trend",None,line
"Korea, RGDP, Expenditure, Domestic demand, Gross capital formation, Gross fixed capital formation, Other machinery and equipment, SA, KRW tn, Poly 2013-19 trend","Korea, RGDP, Expenditure, Domestic demand, Gross capital formation, Gross fixed capital formation, Other machinery and equipment, SA, KRW tn, Poly 2013-19 trend",None,line
"Korea, RGDP, Expenditure, Domestic demand, Private consumption, Household consumption, Domestic final consumption, Goods, SA, KRW tn, Poly 2013-19 trend","Korea, RGDP, Expenditure, Domestic demand, Private consumption, Household consumption, Domestic final consumption, Goods, SA, KRW tn, Poly 2013-19 trend",None,line
"Korea, NGDP, Expenditure, Domestic demand, SA, KRW tn, Poly 2013-19 trend","Korea, NGDP, Expenditure, Domestic demand, SA, KRW tn, Poly 2013-19 trend",None,line
"Korea, NGDP, Expenditure, Domestic demand, Excluding inventories, SA, KRW tn, Poly 2013-19 trend","Korea, NGDP, Expenditure, Domestic demand, Excluding inventories, SA, KRW tn, Poly 2013-19 trend",None,line
"Korea, NGDP, Expenditure, Domestic demand, Private, Excluding inventories, SA, KRW tn, Poly 2013-19 trend","Korea, NGDP, Expenditure, Domestic demand, Private, Excluding inventories, SA, KRW tn, Poly 2013-19 trend",None,line
"Korea, NGDP, Expenditure, Domestic demand, Public, Excluding inventories, SA, KRW tn, Poly 2013-19 trend","Korea, NGDP, Expenditure, Domestic demand, Public, Excluding inventories, SA, KRW tn, Poly 2013-19 trend",None,line
"Korea, RGDP, Expenditure, Domestic demand, SA, KRW tn, Poly 2013-19 trend","Korea, RGDP, Expenditure, Domestic demand, SA, KRW tn, Poly 2013-19 trend",None,line
"Korea, RGDP, Expenditure, Domestic demand, Excluding inventories, SA, KRW tn, Poly 2013-19 trend","Korea, RGDP, Expenditure, Domestic demand, Excluding inventories, SA, KRW tn, Poly 2013-19 trend",None,line
"Korea, RGDP, Expenditure, Domestic demand, Private, Excluding inventories, SA, KRW tn, Poly 2013-19 trend","Korea, RGDP, Expenditure, Domestic demand, Private, Excluding inventories, SA, KRW tn, Poly 2013-19 trend",None,line
"Korea, RGDP, Expenditure, Domestic demand, Public, Excluding inventories, SA, KRW tn, Poly 2013-19 trend","Korea, RGDP, Expenditure, Domestic demand, Public, Excluding inventories, SA, KRW tn, Poly 2013-19 trend",None,line
"Korea, RGDP, Expenditure, SA, YTD chg, KRW tn","Korea, RGDP, Expenditure, SA, YTD chg, KRW tn",None,line
"Korea, RGDP, Expenditure, SA, YTD cum rise vs prior year, KRW tn","Korea, RGDP, Expenditure, SA, YTD cum rise vs prior year, KRW tn",None,line
"Korea, RGDP, Expenditure, Net exports of goods and services, Exports of goods and services, Goods, SA, YTD chg, KRW tn","Korea, RGDP, Expenditure, Net exports of goods and services, Exports of goods and services, Goods, SA, YTD chg, KRW tn",None,line
"Korea, RGDP, Expenditure, Net exports of goods and services, Exports of goods and services, Goods, SA, YTD cum rise vs prior year, KRW tn","Korea, RGDP, Expenditure, Net exports of goods and services, Exports of goods and services, Goods, SA, YTD cum rise vs prior year, KRW tn",None,line
"Korea, RGDP, Expenditure, SA, KRW, % QoQ, 12mma","Korea, RGDP, Expenditure, SA, KRW, % QoQ, 12mma",None,line
"Korea, NGDP, Expenditure, KRW, % YoY, 12mma","Korea, NGDP, Expenditure, KRW, % YoY, 12mma",None,line
"Korea, RGDI, RGDP, Contribution to % YoY chg, ppts","Korea, RGDI, RGDP, Contribution to % YoY chg, ppts",None,bar
"Korea, RGDI, Trading gains, Contribution to % YoY chg, ppts","Korea, RGDI, Trading gains, Contribution to % YoY chg, ppts",None,bar
"Korea, NGDP, RGDP, Contribution to % YoY chg, ppts","Korea, NGDP, RGDP, Contribution to % YoY chg, ppts",None,bar
"Korea, NGDP, Deflator, Contribution to % YoY chg, ppts","Korea, NGDP, Deflator, Contribution to % YoY chg, ppts",None,bar
"Korea, RGDP, Potential, KRW, % YoY","Korea, RGDP, Potential, KRW, % YoY",None,line
